## parts/00-intro.md:5
原文：## 导读：英语就是"词 → 句 → 复合句 → 时间"
改后：## 导读：英语就是“词 → 句 → 复合句 → 时间”

## parts/00-intro.md:25
原文：数的是"主谓结构"，不是"动词"。下表后两行最容易判错：一个是两个动词共用一个主语，一个是 that 被省略。
改后：数的是“主谓结构”，不是“动词”。下表后两行最容易判错：一个是两个动词共用一个主语，一个是 that 被省略。

## parts/10-pos-overview-noun-pronoun.md:3
原文：每个词都有一个"身份"，身份决定它在句子里能做什么。这一部分用苹果把十种词性串起来。
改后：每个词都有一个“身份”，身份决定它在句子里能做什么。这一部分用苹果把十种词性串起来。

## parts/10-pos-overview-noun-pronoun.md:17
原文：| ate | 动词 | 表示"吃"这个动作，是 eat 的过去式 |
改后：| ate | 动词 | 表示“吃”这个动作，是 eat 的过去式 |

## parts/10-pos-overview-noun-pronoun.md:21
原文：| quickly | 副词 | 说明"吃"得怎么样 |
改后：| quickly | 副词 | 说明“吃”得怎么样 |

## parts/10-pos-overview-noun-pronoun.md:34
原文：| 名词 | noun | "名字" | 给人、事物、地点、抽象概念起的名称 | apple、tree、juice、Tom |
改后：| 名词 | noun | “名字” | 给人、事物、地点、抽象概念起的名称 | apple、tree、juice、Tom |

## parts/10-pos-overview-noun-pronoun.md:35
原文：| 代词 | pronoun | pro- 在这里是"代替"，noun 是"名字"，合起来是"代替名字的词" | 代替名词，避免重复 | I、it、they、some |
改后：| 代词 | pronoun | pro- 在这里是“代替”，noun 是“名字”，合起来是“代替名字的词” | 代替名词，避免重复 | I、it、they、some |

## parts/10-pos-overview-noun-pronoun.md:36
原文：| 形容词 | adjective | ad- 是"到……上"，中间部分是"扔、放"，合起来是"加到（名词）上的词" | 修饰名词，说明性质、状态 | red、sweet、big |
改后：| 形容词 | adjective | ad- 是“到……上”，中间部分是“扔、放”，合起来是“加到（名词）上的词” | 修饰名词，说明性质、状态 | red、sweet、big |

## parts/10-pos-overview-noun-pronoun.md:37
原文：| 副词 | adverb | ad- 是"到……上"，verb 是"动词"，合起来是"加到动词上的词" | 修饰动词；后来也用来修饰形容词和其他副词 | quickly、very、often |
改后：| 副词 | adverb | ad- 是“到……上”，verb 是“动词”，合起来是“加到动词上的词” | 修饰动词；后来也用来修饰形容词和其他副词 | quickly、very、often |

## parts/10-pos-overview-noun-pronoun.md:38
原文：| 动词 | verb | 本来就是"词"；语法里专指句子里作出陈述的那个词 | 表示动作或状态，是句子的核心 | eat、pick、be |
改后：| 动词 | verb | 本来就是“词”；语法里专指句子里作出陈述的那个词 | 表示动作或状态，是句子的核心 | eat、pick、be |

## parts/10-pos-overview-noun-pronoun.md:39
原文：| 数词 | numeral | "属于数的" | 表示数量或顺序 | two、first |
改后：| 数词 | numeral | “属于数的” | 表示数量或顺序 | two、first |

## parts/10-pos-overview-noun-pronoun.md:40
原文：| 冠词 | article | "一个小部分、小关节" | 附在名词前面的小词，表示泛指或特指 | a、an、the |
改后：| 冠词 | article | “一个小部分、小关节” | 附在名词前面的小词，表示泛指或特指 | a、an、the |

## parts/10-pos-overview-noun-pronoun.md:41
原文：| 介词 | preposition | pre- 是"在前面"，position 是"放置"，合起来是"放在前面的词" | 放在名词或代词前面，表示位置、时间、方式等关系 | under、on、in |
改后：| 介词 | preposition | pre- 是“在前面”，position 是“放置”，合起来是“放在前面的词” | 放在名词或代词前面，表示位置、时间、方式等关系 | under、on、in |

## parts/10-pos-overview-noun-pronoun.md:42
原文：| 连词 | conjunction | con- 是"一起"，中间部分是"连接"，合起来是"连在一起" | 连接词、短语或句子 | and、but、because |
改后：| 连词 | conjunction | con- 是“一起”，中间部分是“连接”，合起来是“连在一起” | 连接词、短语或句子 | and、but、because |

## parts/10-pos-overview-noun-pronoun.md:43
原文：| 感叹词 | interjection | inter- 是"在……之间"，后面是"扔"，合起来是"扔进话里的东西" | 插在话里的一声感叹 | wow、oh、oops |
改后：| 感叹词 | interjection | inter- 是“在……之间”，后面是“扔”，合起来是“扔进话里的东西” | 插在话里的一声感叹 | wow、oh、oops |

## parts/10-pos-overview-noun-pronoun.md:45
原文：**中考易错点：** 同一个词可以属于不同的词性，要看它在句子里做什么。water 本来是名词"水"；英语里名词常常可以直接当动词用，意思变成"给……水"，词典把它的动词义项列为"给植物浇水"。
改后：**中考易错点：** 同一个词可以属于不同的词性，要看它在句子里做什么。water 本来是名词“水”；英语里名词常常可以直接当动词用，意思变成“给……水”，词典把它的动词义项列为“给植物浇水”。

## parts/10-pos-overview-noun-pronoun.md:52
原文：用法依据：[剑桥英汉词典: water](https://dictionary.cambridge.org/zhs/%E8%AF%8D%E5%85%B8/%E8%8B%B1%E8%AF%AD/water)、[noun](https://dictionary.cambridge.org/zhs/%E8%AF%8D%E5%85%B8/%E8%8B%B1%E8%AF%AD/noun)、[pronoun](https://dictionary.cambridge.org/zhs/%E8%AF%8D%E5%85%B8/%E8%8B%B1%E8%AF%AD/pronoun)；[Oxford Learner's: water (verb)](https://www.oxfordlearnersdictionaries.com/definition/english/water_2)。
改后：用法依据：[剑桥英汉词典：water](https://dictionary.cambridge.org/zhs/%E8%AF%8D%E5%85%B8/%E8%8B%B1%E8%AF%AD/water)、[noun](https://dictionary.cambridge.org/zhs/%E8%AF%8D%E5%85%B8/%E8%8B%B1%E8%AF%AD/noun)、[pronoun](https://dictionary.cambridge.org/zhs/%E8%AF%8D%E5%85%B8/%E8%8B%B1%E8%AF%AD/pronoun)；[Oxford Learner's: water (verb)](https://www.oxfordlearnersdictionaries.com/definition/english/water_2)。

## parts/10-pos-overview-noun-pronoun.md:56
原文：**noun 的本义就是"名字"，名词就是人、事物、地点或抽象概念的名称。** apple、tree、Tom、Henan、advice 都是名词。名词有两种常用的分法：按能不能数，按这个名字是一类东西共用的，还是某一个对象专有的。
改后：**noun 的本义就是“名字”，名词就是人、事物、地点或抽象概念的名称。** apple、tree、Tom、Henan、advice 都是名词。名词有两种常用的分法：按能不能数，按这个名字是一类东西共用的，还是某一个对象专有的。

## parts/10-pos-overview-noun-pronoun.md:60
原文：| 按能不能数 | 可数名词 | countable 由 count 加 -able 构成，count 本义是"一个接一个地报数"。能一个一个报数的东西，就能说"一个""三个"，也就有单复数 | an apple、three apples |
改后：| 按能不能数 | 可数名词 | countable 由 count 加 -able 构成，count 本义是“一个接一个地报数”。能一个一个报数的东西，就能说“一个”“三个”，也就有单复数 | an apple、three apples |

## parts/10-pos-overview-noun-pronoun.md:62
原文：| 按是不是专名 | 普通名词 | common 本义"大家共有的"。普通名词是一整类东西共用的名字，所以小写 | apple 苹果、china 瓷器 |
改后：| 按是不是专名 | 普通名词 | common 本义“大家共有的”。普通名词是一整类东西共用的名字，所以小写 | apple 苹果、china 瓷器 |

## parts/10-pos-overview-noun-pronoun.md:63
原文：| | 专有名词 | proper 本义"属于它自己的、专属的"。专有名词只属于某一个人、地方或公司。英语书写的习惯是用首字母大写标出这种名字 | Apple 苹果公司、China 中国、Tom |
改后：| | 专有名词 | proper 本义“属于它自己的、专属的”。专有名词只属于某一个人、地方或公司。英语书写的习惯是用首字母大写标出这种名字 | Apple 苹果公司、China 中国、Tom |

## parts/10-pos-overview-noun-pronoun.md:67
原文：用法依据：[剑桥语法: Nouns: countable and uncountable](https://dictionary.cambridge.org/zhs/%E8%AF%AD%E6%B3%95/%E8%8B%B1%E5%BC%8F%E8%AF%AD%E6%B3%95/nouns-countable-and-uncountable)、[Capital letters](https://dictionary.cambridge.org/zhs/%E8%AF%AD%E6%B3%95/%E8%8B%B1%E5%BC%8F%E8%AF%AD%E6%B3%95/capital-letters)。
改后：用法依据：[剑桥语法：Nouns: countable and uncountable](https://dictionary.cambridge.org/zhs/%E8%AF%AD%E6%B3%95/%E8%8B%B1%E5%BC%8F%E8%AF%AD%E6%B3%95/nouns-countable-and-uncountable)、[Capital letters](https://dictionary.cambridge.org/zhs/%E8%AF%AD%E6%B3%95/%E8%8B%B1%E5%BC%8F%E8%AF%AD%E6%B3%95/capital-letters)。

## parts/10-pos-overview-noun-pronoun.md:71
原文：**能不能数，不看东西本身，看英语把它当成"一个一个分开的东西"还是"一个整体"。** 剑桥语法的说法是：可数名词指的东西"在英语里被当作能分开计数的个体"；不可数名词指的东西"被看作一个整体或一团物质"。
改后：**能不能数，不看东西本身，看英语把它当成“一个一个分开的东西”还是“一个整体”。** 剑桥语法的说法是：可数名词指的东西“在英语里被当作能分开计数的个体”；不可数名词指的东西“被看作一个整体或一团物质”。

## parts/10-pos-overview-noun-pronoun.md:73
原文：冠词 a、an 本来就是"一"（见"冠词"一节）。"一个"只能用在能一个一个数的东西前面，所以 a、an 只跟可数名词；不可数名词前面用表示"一些、一点"的词。
改后：冠词 a、an 本来就是“一”（见“冠词”一节）。“一个”只能用在能一个一个数的东西前面，所以 a、an 只跟可数名词；不可数名词前面用表示“一些、一点”的词。

## parts/10-pos-overview-noun-pronoun.md:77
原文：| 可数名词 | a、an、数字、many、a few | 一个一个分开，能报数，所以能说"一个""二十个" | I ate **an apple**. 我吃了一个苹果。<br/>We picked **twenty apples**. 我们摘了二十个苹果。 |
改后：| 可数名词 | a、an、数字、many、a few | 一个一个分开，能报数，所以能说“一个”“二十个” | I ate **an apple**. 我吃了一个苹果。<br/>We picked **twenty apples**. 我们摘了二十个苹果。 |

## parts/10-pos-overview-noun-pronoun.md:78
原文：| 不可数名词 | some、much、a little、a lot of，不能直接加数字 | 是一个整体，没有"一个"可言，只能说"一些""很多" | There's **some apple juice** in the fridge. 冰箱里有一些苹果汁。<br/>Mom gave me **some advice** on choosing apples. 妈妈给了我一些挑苹果的建议。 |
改后：| 不可数名词 | some、much、a little、a lot of，不能直接加数字 | 是一个整体，没有“一个”可言，只能说“一些”“很多” | There's **some apple juice** in the fridge. 冰箱里有一些苹果汁。<br/>Mom gave me **some advice** on choosing apples. 妈妈给了我一些挑苹果的建议。 |

## parts/10-pos-overview-noun-pronoun.md:80
原文：剑桥语法把常见的不可数名词分成几类，每一类都能从"看成整体"推出来：
改后：剑桥语法把常见的不可数名词分成几类，每一类都能从“看成整体”推出来：

## parts/10-pos-overview-noun-pronoun.md:82
原文：- **物质**：water、milk、rice。倒出来是一摊、盛出来是一堆，分不出"一个"。
改后：- **物质**：water、milk、rice。倒出来是一摊、盛出来是一堆，分不出“一个”。

## parts/10-pos-overview-noun-pronoun.md:83
原文：- **想法和经历**：advice、information、news、fun、work。advice 的本义是"在我看来"，也就是"看法、意见"。看法不是能一个一个拿起来的东西，所以不可数；要数的时候说 a piece of advice。
改后：- **想法和经历**：advice、information、news、fun、work。advice 的本义是“在我看来”，也就是“看法、意见”。看法不是能一个一个拿起来的东西，所以不可数；要数的时候说 a piece of advice。

## parts/10-pos-overview-noun-pronoun.md:85
原文：- **一类东西的总称**：furniture 指"家具这一类东西"，不是某一件家具。
改后：- **一类东西的总称**：furniture 指“家具这一类东西”，不是某一件家具。

## parts/10-pos-overview-noun-pronoun.md:88
原文：news 很特别：它的本义是"新的东西"，结尾的 s 原来就是复数词尾。但从 16 世纪起英语就把它当单数用了，所以 news 虽然以 s 结尾，却是不可数名词，谓语用单数：The news about the apple harvest **is** good. 苹果丰收的消息很好。
改后：news 很特别：它的本义是“新的东西”，结尾的 s 原来就是复数词尾。但从 16 世纪起英语就把它当单数用了，所以 news 虽然以 s 结尾，却是不可数名词，谓语用单数：The news about the apple harvest **is** good. 苹果丰收的消息很好。

## parts/10-pos-overview-noun-pronoun.md:90
原文：**中考易错点：** advice、information、news、homework 在汉语里能数，在英语里不可数。不加 -s，也不用 a。说"一些建议"是 some advice，不说 some advices。
改后：**中考易错点：** advice、information、news、homework 在汉语里能数，在英语里不可数。不加 -s，也不用 a。说“一些建议”是 some advice，不说 some advices。

## parts/10-pos-overview-noun-pronoun.md:94
原文：用法依据：[剑桥英汉词典: apple](https://dictionary.cambridge.org/zhs/%E8%AF%8D%E5%85%B8/%E8%8B%B1%E8%AF%AD/apple)、[advice](https://dictionary.cambridge.org/zhs/%E8%AF%8D%E5%85%B8/%E8%8B%B1%E8%AF%AD/advice)、[information](https://dictionary.cambridge.org/zhs/%E8%AF%8D%E5%85%B8/%E8%8B%B1%E8%AF%AD/information)；[剑桥语法: Nouns: countable and uncountable](https://dictionary.cambridge.org/zhs/%E8%AF%AD%E6%B3%95/%E8%8B%B1%E5%BC%8F%E8%AF%AD%E6%B3%95/nouns-countable-and-uncountable)；[Oxford Learner's: advice](https://www.oxfordlearnersdictionaries.com/definition/english/advice)、[news](https://www.oxfordlearnersdictionaries.com/definition/english/news)。
改后：用法依据：[剑桥英汉词典：apple](https://dictionary.cambridge.org/zhs/%E8%AF%8D%E5%85%B8/%E8%8B%B1%E8%AF%AD/apple)、[advice](https://dictionary.cambridge.org/zhs/%E8%AF%8D%E5%85%B8/%E8%8B%B1%E8%AF%AD/advice)、[information](https://dictionary.cambridge.org/zhs/%E8%AF%8D%E5%85%B8/%E8%8B%B1%E8%AF%AD/information)；[剑桥语法：Nouns: countable and uncountable](https://dictionary.cambridge.org/zhs/%E8%AF%AD%E6%B3%95/%E8%8B%B1%E5%BC%8F%E8%AF%AD%E6%B3%95/nouns-countable-and-uncountable)；[Oxford Learner's: advice](https://www.oxfordlearnersdictionaries.com/definition/english/advice)、[news](https://www.oxfordlearnersdictionaries.com/definition/english/news)。

## parts/10-pos-overview-noun-pronoun.md:103
原文：| china 瓷器 | China 中国 | china 这个词本来就是"从中国运来的瓷器"，是"中国瓷器"这个说法的缩短。国名变成了一类东西的名字，不再专属于某一个对象，所以小写 | She put the apples on a **china** plate. 她把苹果放在一个瓷盘里。<br/>We grow a lot of apples in **China**. 我们中国种很多苹果。 |
改后：| china 瓷器 | China 中国 | china 这个词本来就是“从中国运来的瓷器”，是“中国瓷器”这个说法的缩短。国名变成了一类东西的名字，不再专属于某一个对象，所以小写 | She put the apples on a **china** plate. 她把苹果放在一个瓷盘里。<br/>We grow a lot of apples in **China**. 我们中国种很多苹果。 |

## parts/10-pos-overview-noun-pronoun.md:110
原文：用法依据：[剑桥英汉词典: apple](https://dictionary.cambridge.org/zhs/%E8%AF%8D%E5%85%B8/%E8%8B%B1%E8%AF%AD/apple)、[china](https://dictionary.cambridge.org/zhs/%E8%AF%8D%E5%85%B8/%E8%8B%B1%E8%AF%AD/china)；[剑桥语法: Capital letters](https://dictionary.cambridge.org/zhs/%E8%AF%AD%E6%B3%95/%E8%8B%B1%E5%BC%8F%E8%AF%AD%E6%B3%95/capital-letters)。
改后：用法依据：[剑桥英汉词典：apple](https://dictionary.cambridge.org/zhs/%E8%AF%8D%E5%85%B8/%E8%8B%B1%E8%AF%AD/apple)、[china](https://dictionary.cambridge.org/zhs/%E8%AF%8D%E5%85%B8/%E8%8B%B1%E8%AF%AD/china)；[剑桥语法：Capital letters](https://dictionary.cambridge.org/zhs/%E8%AF%AD%E6%B3%95/%E8%8B%B1%E5%BC%8F%E8%AF%AD%E6%B3%95/capital-letters)。

## parts/10-pos-overview-noun-pronoun.md:114
原文：**可数名词表示两个或更多时用复数。** 早期英语有好几种表示复数的办法，其中加 -es 的一种用得最多。etymonline 的解释是：最常见的形式把其他形式挤掉了，于是今天几乎所有名词都靠加 -s 表示复数。其他几种老办法只在少数常用词里留了下来，这就是"不规则变化"。
改后：**可数名词表示两个或更多时用复数。** 早期英语有好几种表示复数的办法，其中加 -es 的一种用得最多。etymonline 的解释是：最常见的形式把其他形式挤掉了，于是今天几乎所有名词都靠加 -s 表示复数。其他几种老办法只在少数常用词里留了下来，这就是“不规则变化”。

## parts/10-pos-overview-noun-pronoun.md:116
原文：剑桥语法也说，复数怎么变"取决于拼写和读音"。所以下表每一行都先看读音，再看拼写。
改后：剑桥语法也说，复数怎么变“取决于拼写和读音”。所以下表每一行都先看读音，再看拼写。

## parts/10-pos-overview-noun-pronoun.md:127
原文：| | 词尾加 -en | child 的复数先加过一个复数词尾，后来又加了 -en，所以 children 其实是"双重复数" | child → children |
改后：| | 词尾加 -en | child 的复数先加过一个复数词尾，后来又加了 -en，所以 children 其实是“双重复数” | child → children |

## parts/10-pos-overview-noun-pronoun.md:137
原文：**中考易错点：** people 的本义是"一群人、民众"，本身就是很多人，所以表示"很多人"不说 peoples：There are a lot of **people** on the apple farm. 苹果园里有很多人。牛津词典里，people 只有在"民族"这个意思上才是可数名词，才会有 peoples（高中内容）。people 作主语时谓语用复数，见第三部分"主谓一致"。另外，potatoes、tomatoes、leaves、children 都不是直接加 -s，写之前先想想读音。
改后：**中考易错点：** people 的本义是“一群人、民众”，本身就是很多人，所以表示“很多人”不说 peoples：There are a lot of **people** on the apple farm. 苹果园里有很多人。牛津词典里，people 只有在“民族”这个意思上才是可数名词，才会有 peoples（高中内容）。people 作主语时谓语用复数，见第三部分“主谓一致”。另外，potatoes、tomatoes、leaves、children 都不是直接加 -s，写之前先想想读音。

## parts/10-pos-overview-noun-pronoun.md:141
原文：用法依据：[剑桥英汉词典: people](https://dictionary.cambridge.org/zhs/%E8%AF%8D%E5%85%B8/%E8%8B%B1%E8%AF%AD/people)、[fish](https://dictionary.cambridge.org/zhs/%E8%AF%8D%E5%85%B8/%E8%8B%B1%E8%AF%AD/fish)；[剑桥语法: Nouns: form](https://dictionary.cambridge.org/zhs/%E8%AF%AD%E6%B3%95/%E8%8B%B1%E5%BC%8F%E8%AF%AD%E6%B3%95/nouns-form)；[Oxford Learner's: people](https://www.oxfordlearnersdictionaries.com/definition/english/people_1)、[fish](https://www.oxfordlearnersdictionaries.com/definition/english/fish_1)。
改后：用法依据：[剑桥英汉词典：people](https://dictionary.cambridge.org/zhs/%E8%AF%8D%E5%85%B8/%E8%8B%B1%E8%AF%AD/people)、[fish](https://dictionary.cambridge.org/zhs/%E8%AF%8D%E5%85%B8/%E8%8B%B1%E8%AF%AD/fish)；[剑桥语法：Nouns: form](https://dictionary.cambridge.org/zhs/%E8%AF%AD%E6%B3%95/%E8%8B%B1%E5%BC%8F%E8%AF%AD%E6%B3%95/nouns-form)；[Oxford Learner's: people](https://www.oxfordlearnersdictionaries.com/definition/english/people_1)、[fish](https://www.oxfordlearnersdictionaries.com/definition/english/fish_1)。

## parts/10-pos-overview-noun-pronoun.md:145
原文：**所有格表示"……的"。英语有两种说法：在名词后面加 's，或者用 of。**
改后：**所有格表示“……的”。英语有两种说法：在名词后面加 's，或者用 of。**

## parts/10-pos-overview-noun-pronoun.md:147
原文：先看 's 是怎么来的。它原来是名词的一个词尾，写作 -es，表示"……的"，和复数词尾长得一样。后来 e 不读了，为了和复数分开，人们在所有格里用一个撇号顶替丢掉的 e，写成 's。再后来复数名词也要表示"……的"，就把撇号放在复数的 s 后面，写成 s'。很多人以为 's 是 his 的缩写，etymonline 指出这是误解。
改后：先看 's 是怎么来的。它原来是名词的一个词尾，写作 -es，表示“……的”，和复数词尾长得一样。后来 e 不读了，为了和复数分开，人们在所有格里用一个撇号顶替丢掉的 e，写成 's。再后来复数名词也要表示“……的”，就把撇号放在复数的 s 后面，写成 s'。很多人以为 's 是 his 的缩写，etymonline 指出这是误解。

## parts/10-pos-overview-noun-pronoun.md:153
原文：| 单数名词 + 's | 一个人或动物的 | 撇号顶替那个 e，后面的 s 表示"……的" | This is **Tom's** apple. 这是汤姆的苹果。 |
改后：| 单数名词 + 's | 一个人或动物的 | 撇号顶替那个 e，后面的 s 表示“……的” | This is **Tom's** apple. 这是汤姆的苹果。 |

## parts/10-pos-overview-noun-pronoun.md:154
原文：| 以 s 结尾的复数名词 + ' | 多个人的 | 复数已经有了 s，撇号写在它后面，表示"这些人的" | The **girls'** apples are in the basket. 女孩们的苹果在篮子里。 |
改后：| 以 s 结尾的复数名词 + ' | 多个人的 | 复数已经有了 s，撇号写在它后面，表示“这些人的” | The **girls'** apples are in the basket. 女孩们的苹果在篮子里。 |

## parts/10-pos-overview-noun-pronoun.md:156
原文：| 时间名词 + 's | 某一天、某一段时间的 | 's 表示"属于"，yesterday's juice 就是"属于昨天的果汁" | Don't drink **yesterday's** apple juice. 别喝昨天的苹果汁。 |
改后：| 时间名词 + 's | 某一天、某一段时间的 | 's 表示“属于”，yesterday's juice 就是“属于昨天的果汁” | Don't drink **yesterday's** apple juice. 别喝昨天的苹果汁。 |

## parts/10-pos-overview-noun-pronoun.md:158
原文：再看 of。of 的本义是"离开、从……出来"，后来英语用它来表示"……的"。所以 the colour of the apple 就是"从苹果身上来的颜色"，也就是"苹果的颜色"。
改后：再看 of。of 的本义是“离开、从……出来”，后来英语用它来表示“……的”。所以 the colour of the apple 就是“从苹果身上来的颜色”，也就是“苹果的颜色”。

## parts/10-pos-overview-noun-pronoun.md:162
原文：| the + 名词 + of + 名词 | 东西的部分、特征，或者名词短语很长的时候 | "从……身上来的" | I like **the colour of the apple**. 我喜欢这个苹果的颜色。 |
改后：| the + 名词 + of + 名词 | 东西的部分、特征，或者名词短语很长的时候 | “从……身上来的” | I like **the colour of the apple**. 我喜欢这个苹果的颜色。 |

## parts/10-pos-overview-noun-pronoun.md:163
原文：| a + 名词 + of + 名词性物主代词 | 表示"……中的一个" | mine 单独用时代替"我的 + 名词"，这里就是"我的朋友们"；of 是"从……当中出来"，a friend of mine 就是"从我的朋友当中出来的一个" | A **friend of mine** grows apples. 我的一个朋友种苹果。 |
改后：| a + 名词 + of + 名词性物主代词 | 表示“……中的一个” | mine 单独用时代替“我的 + 名词”，这里就是“我的朋友们”；of 是“从……当中出来”，a friend of mine 就是“从我的朋友当中出来的一个” | A **friend of mine** grows apples. 我的一个朋友种苹果。 |

## parts/10-pos-overview-noun-pronoun.md:165
原文：剑桥语法总结的英语习惯是：说人、动物、国家、组织"的"东西，多用 's；说没有生命的东西，或者名词短语很长时，多用 of。很多时候两种都可以，比如 the film's hero 和 the hero of the film 都表示"电影的主人公"。
改后：剑桥语法总结的英语习惯是：说人、动物、国家、组织“的”东西，多用 's；说没有生命的东西，或者名词短语很长时，多用 of。很多时候两种都可以，比如 the film's hero 和 the hero of the film 都表示“电影的主人公”。

## parts/10-pos-overview-noun-pronoun.md:173
原文：用法依据：[剑桥语法: Possession](https://dictionary.cambridge.org/zhs/%E8%AF%AD%E6%B3%95/%E8%8B%B1%E5%BC%8F%E8%AF%AD%E6%B3%95/possession-john-s-car-a-friend-of-mine)；[Oxford Learner's: friend](https://www.oxfordlearnersdictionaries.com/definition/english/friend_1)。
改后：用法依据：[剑桥语法：Possession](https://dictionary.cambridge.org/zhs/%E8%AF%AD%E6%B3%95/%E8%8B%B1%E5%BC%8F%E8%AF%AD%E6%B3%95/possession-john-s-car-a-friend-of-mine)；[Oxford Learner's: friend](https://www.oxfordlearnersdictionaries.com/definition/english/friend_1)。

## parts/10-pos-overview-noun-pronoun.md:177
原文：**不可数名词是一个整体，没法直接数。要数的时候，先从整体上分出"一份"，或者装进一个容器，再去数这一份、这一个容器。** 剑桥语法说，表示不可数名词的数量，要借助 a piece of、a bit of 或者表示容器和计量单位的词。
改后：**不可数名词是一个整体，没法直接数。要数的时候，先从整体上分出“一份”，或者装进一个容器，再去数这一份、这一个容器。** 剑桥语法说，表示不可数名词的数量，要借助 a piece of、a bit of 或者表示容器和计量单位的词。

## parts/10-pos-overview-noun-pronoun.md:181
原文：| a piece of | piece 本义"一份、从整体上分下来的一块"。牛津词典说它和很多不可数名词连用，表示"一个"或"一份" | bread、paper、advice、information、news | Grandma gave me **a piece of advice**: wash apples before eating them. 奶奶给了我一条建议：苹果要洗了再吃。 |
改后：| a piece of | piece 本义“一份、从整体上分下来的一块”。牛津词典说它和很多不可数名词连用，表示“一个”或“一份” | bread、paper、advice、information、news | Grandma gave me **a piece of advice**: wash apples before eating them. 奶奶给了我一条建议：苹果要洗了再吃。 |

## parts/10-pos-overview-noun-pronoun.md:182
原文：| a slice of | slice 是"从一大块上切下来的薄片" | bread | I had **two slices of bread** and an apple for breakfast. 早饭我吃了两片面包和一个苹果。 |
改后：| a slice of | slice 是“从一大块上切下来的薄片” | bread | I had **two slices of bread** and an apple for breakfast. 早饭我吃了两片面包和一个苹果。 |

## parts/10-pos-overview-noun-pronoun.md:183
原文：| a glass of | glass 本义是材料"玻璃"，后来指玻璃做的杯子，再后来指"一杯的量" | water、juice、milk | Would you like **a glass of apple juice**? 你想来一杯苹果汁吗？ |
改后：| a glass of | glass 本义是材料“玻璃”，后来指玻璃做的杯子，再后来指“一杯的量” | water、juice、milk | Would you like **a glass of apple juice**? 你想来一杯苹果汁吗？ |

## parts/10-pos-overview-noun-pronoun.md:184
原文：| a bottle of | bottle 是瓶子，也指"一瓶的量" | water、juice | She handed me **a bottle of water**. 她递给我一瓶水。 |
改后：| a bottle of | bottle 是瓶子，也指“一瓶的量” | water、juice | She handed me **a bottle of water**. 她递给我一瓶水。 |

## parts/10-pos-overview-noun-pronoun.md:185
原文：| a carton of | carton 是纸盒，也指"一盒装的东西" | juice、milk | We bought **a carton of apple juice**. 我们买了一盒苹果汁。 |
改后：| a carton of | carton 是纸盒，也指“一盒装的东西” | juice、milk | We bought **a carton of apple juice**. 我们买了一盒苹果汁。 |

## parts/10-pos-overview-noun-pronoun.md:187
原文：数量变多时，被数的是"份"和"容器"，所以复数加在量词上，不可数名词本身不变。
改后：数量变多时，被数的是“份”和“容器”，所以复数加在量词上，不可数名词本身不变。

## parts/10-pos-overview-noun-pronoun.md:193
原文：用法依据：[剑桥英汉词典: piece](https://dictionary.cambridge.org/zhs/%E8%AF%8D%E5%85%B8/%E8%8B%B1%E8%AF%AD/piece)、[glass](https://dictionary.cambridge.org/zhs/%E8%AF%8D%E5%85%B8/%E8%8B%B1%E8%AF%AD/glass)；[剑桥语法: Nouns: countable and uncountable](https://dictionary.cambridge.org/zhs/%E8%AF%AD%E6%B3%95/%E8%8B%B1%E5%BC%8F%E8%AF%AD%E6%B3%95/nouns-countable-and-uncountable)；[Oxford Learner's: piece](https://www.oxfordlearnersdictionaries.com/definition/english/piece_1)、[slice](https://www.oxfordlearnersdictionaries.com/definition/english/slice_1)、[glass](https://www.oxfordlearnersdictionaries.com/definition/english/glass_1)、[bottle](https://www.oxfordlearnersdictionaries.com/definition/english/bottle_1)、[carton](https://www.oxfordlearnersdictionaries.com/definition/english/carton)。
改后：用法依据：[剑桥英汉词典：piece](https://dictionary.cambridge.org/zhs/%E8%AF%8D%E5%85%B8/%E8%8B%B1%E8%AF%AD/piece)、[glass](https://dictionary.cambridge.org/zhs/%E8%AF%8D%E5%85%B8/%E8%8B%B1%E8%AF%AD/glass)；[剑桥语法：Nouns: countable and uncountable](https://dictionary.cambridge.org/zhs/%E8%AF%AD%E6%B3%95/%E8%8B%B1%E5%BC%8F%E8%AF%AD%E6%B3%95/nouns-countable-and-uncountable)；[Oxford Learner's: piece](https://www.oxfordlearnersdictionaries.com/definition/english/piece_1)、[slice](https://www.oxfordlearnersdictionaries.com/definition/english/slice_1)、[glass](https://www.oxfordlearnersdictionaries.com/definition/english/glass_1)、[bottle](https://www.oxfordlearnersdictionaries.com/definition/english/bottle_1)、[carton](https://www.oxfordlearnersdictionaries.com/definition/english/carton)。

## parts/10-pos-overview-noun-pronoun.md:201
原文：| glass | 本义是材料"玻璃"，后来指玻璃做的杯子 | This apple is made of **glass**. 这个苹果是玻璃做的。 | Put the apple juice in **a glass**. 把苹果汁倒进一个玻璃杯里。 |
改后：| glass | 本义是材料“玻璃”，后来指玻璃做的杯子 | This apple is made of **glass**. 这个苹果是玻璃做的。 | Put the apple juice in **a glass**. 把苹果汁倒进一个玻璃杯里。 |

## parts/10-pos-overview-noun-pronoun.md:202
原文：| paper | 本义是材料"纸"；"一份报纸"的意思是 newspaper 的缩短 | Wrap each apple in **paper**. 把每个苹果用纸包起来。 | Dad is reading **a paper**. 爸爸在看报纸。 |
改后：| paper | 本义是材料“纸”；“一份报纸”的意思是 newspaper 的缩短 | Wrap each apple in **paper**. 把每个苹果用纸包起来。 | Dad is reading **a paper**. 爸爸在看报纸。 |

## parts/10-pos-overview-noun-pronoun.md:204
原文：| fish | 剑桥词典的释义同时包括"鱼"这种动物和"作为食物的鱼肉" | We had **fish** and apples for dinner. 我们晚饭吃了鱼和苹果。鱼肉，不可数 | There are three **fish** in the pond. 池塘里有三条鱼。可数，复数常用 fish |
改后：| fish | 剑桥词典的释义同时包括“鱼”这种动物和“作为食物的鱼肉” | We had **fish** and apples for dinner. 我们晚饭吃了鱼和苹果。鱼肉，不可数 | There are three **fish** in the pond. 池塘里有三条鱼。可数，复数常用 fish |

## parts/10-pos-overview-noun-pronoun.md:206
原文：**中考易错点：** 牛津词典把 juice 标为"不可数，也可数"，可数时指"一份果汁饮料"。所以点饮料时英语可以说 two apple juices，意思是"两杯苹果汁"。但做题时，不可数名词前面有 some、much、a little，就不加 -s。
改后：**中考易错点：** 牛津词典把 juice 标为“不可数，也可数”，可数时指“一份果汁饮料”。所以点饮料时英语可以说 two apple juices，意思是“两杯苹果汁”。但做题时，不可数名词前面有 some、much、a little，就不加 -s。

## parts/10-pos-overview-noun-pronoun.md:210
原文：用法依据：[剑桥英汉词典: glass](https://dictionary.cambridge.org/zhs/%E8%AF%8D%E5%85%B8/%E8%8B%B1%E8%AF%AD/glass)、[fish](https://dictionary.cambridge.org/zhs/%E8%AF%8D%E5%85%B8/%E8%8B%B1%E8%AF%AD/fish)；[剑桥语法: Nouns: countable and uncountable](https://dictionary.cambridge.org/zhs/%E8%AF%AD%E6%B3%95/%E8%8B%B1%E5%BC%8F%E8%AF%AD%E6%B3%95/nouns-countable-and-uncountable)；[Oxford Learner's: glass](https://www.oxfordlearnersdictionaries.com/definition/english/glass_1)、[paper](https://www.oxfordlearnersdictionaries.com/definition/english/paper_1)、[chocolate](https://www.oxfordlearnersdictionaries.com/definition/english/chocolate_1)、[juice](https://www.oxfordlearnersdictionaries.com/definition/english/juice_1)。
改后：用法依据：[剑桥英汉词典：glass](https://dictionary.cambridge.org/zhs/%E8%AF%8D%E5%85%B8/%E8%8B%B1%E8%AF%AD/glass)、[fish](https://dictionary.cambridge.org/zhs/%E8%AF%8D%E5%85%B8/%E8%8B%B1%E8%AF%AD/fish)；[剑桥语法：Nouns: countable and uncountable](https://dictionary.cambridge.org/zhs/%E8%AF%AD%E6%B3%95/%E8%8B%B1%E5%BC%8F%E8%AF%AD%E6%B3%95/nouns-countable-and-uncountable)；[Oxford Learner's: glass](https://www.oxfordlearnersdictionaries.com/definition/english/glass_1)、[paper](https://www.oxfordlearnersdictionaries.com/definition/english/paper_1)、[chocolate](https://www.oxfordlearnersdictionaries.com/definition/english/chocolate_1)、[juice](https://www.oxfordlearnersdictionaries.com/definition/english/juice_1)。

## parts/10-pos-overview-noun-pronoun.md:214
原文：**pronoun 的本义是"代替名字的词"，代词用来代替名词，避免重复。** 说过一遍 the apple，后面就可以说 it。
改后：**pronoun 的本义是“代替名字的词”，代词用来代替名词，避免重复。** 说过一遍 the apple，后面就可以说 it。

## parts/10-pos-overview-noun-pronoun.md:218
原文：| 人称代词 | 主格 I、you、he、she、it、we、they<br/>宾格 me、you、him、her、it、us、them | 代替"说话人""听话人""说到的人或物"。代词还保留着主格和宾格两套形状 | **I** gave **him** an apple. 我给了他一个苹果。 |
改后：| 人称代词 | 主格 I、you、he、she、it、we、they<br/>宾格 me、you、him、her、it、us、them | 代替“说话人”“听话人”“说到的人或物”。代词还保留着主格和宾格两套形状 | **I** gave **him** an apple. 我给了他一个苹果。 |

## parts/10-pos-overview-noun-pronoun.md:219
原文：| 物主代词 | 形容词性 my、your、his、her、its、our、their<br/>名词性 mine、yours、his、hers、ours、theirs | mine 本义"我的"，后面有名词时缩成 my；yours、hers 是在 your、her 后面又加了表示"……的"的 s | This is **my** apple. That one is **yours**. 这是我的苹果，那个是你的。 |
改后：| 物主代词 | 形容词性 my、your、his、her、its、our、their<br/>名词性 mine、yours、his、hers、ours、theirs | mine 本义“我的”，后面有名词时缩成 my；yours、hers 是在 your、her 后面又加了表示“……的”的 s | This is **my** apple. That one is **yours**. 这是我的苹果，那个是你的。 |

## parts/10-pos-overview-noun-pronoun.md:220
原文：| 反身代词 | myself、yourself、himself、herself、itself、ourselves、yourselves、themselves | self 本义"本人、同一个"，myself 就是"我本人" | We picked the apples **ourselves**. 我们自己摘的苹果。 |
改后：| 反身代词 | myself、yourself、himself、herself、itself、ourselves、yourselves、themselves | self 本义“本人、同一个”，myself 就是“我本人” | We picked the apples **ourselves**. 我们自己摘的苹果。 |

## parts/10-pos-overview-noun-pronoun.md:221
原文：| 指示代词 | this、that、these、those | this 本义"眼前的、手边的"，that 指"离得远一点的" | **These** apples are sweet. 这些苹果是甜的。 |
改后：| 指示代词 | this、that、these、those | this 本义“眼前的、手边的”，that 指“离得远一点的” | **These** apples are sweet. 这些苹果是甜的。 |

## parts/10-pos-overview-noun-pronoun.md:223
原文：| 疑问代词 | who、whom、whose、what、which | 都来自同一个表示"谁、什么"的疑问词根 | **Who** ate my apple? 谁吃了我的苹果？ |
改后：| 疑问代词 | who、whom、whose、what、which | 都来自同一个表示“谁、什么”的疑问词根 | **Who** ate my apple? 谁吃了我的苹果？ |

## parts/10-pos-overview-noun-pronoun.md:227
原文：用法依据：[剑桥英汉词典: pronoun](https://dictionary.cambridge.org/zhs/%E8%AF%8D%E5%85%B8/%E8%8B%B1%E8%AF%AD/pronoun)；[剑桥语法: Pronouns: personal](https://dictionary.cambridge.org/zhs/%E8%AF%AD%E6%B3%95/%E8%8B%B1%E5%BC%8F%E8%AF%AD%E6%B3%95/pronouns-personal-i-me-you-him-it-they-etc)。
改后：用法依据：[剑桥英汉词典：pronoun](https://dictionary.cambridge.org/zhs/%E8%AF%8D%E5%85%B8/%E8%8B%B1%E8%AF%AD/pronoun)；[剑桥语法：Pronouns: personal](https://dictionary.cambridge.org/zhs/%E8%AF%AD%E6%B3%95/%E8%8B%B1%E5%BC%8F%E8%AF%AD%E6%B3%95/pronouns-personal-i-me-you-him-it-they-etc)。

## parts/10-pos-overview-noun-pronoun.md:231
原文：**这三种代词按"人称"成套出现，放在一张表里看。**
改后：**这三种代词按“人称”成套出现，放在一张表里看。**

## parts/10-pos-overview-noun-pronoun.md:246
原文：**my 和 mine。** mine 本来就是"我的"，原来名词前后都能用。从 13 世纪起，后面有名词时它缩成了 my，后面没有名词时仍用完整的 mine。这和 an 在辅音前缩成 a 是一个道理（见"冠词"一节）。所以 my 后面一定跟名词，mine 单独用。
改后：**my 和 mine。** mine 本来就是“我的”，原来名词前后都能用。从 13 世纪起，后面有名词时它缩成了 my，后面没有名词时仍用完整的 mine。这和 an 在辅音前缩成 a 是一个道理（见“冠词”一节）。所以 my 后面一定跟名词，mine 单独用。

## parts/10-pos-overview-noun-pronoun.md:248
原文：**yours、hers、ours、theirs。** etymonline 说，yours 是照着 his 的样子，在 your 后面加 s 构成的单独用的形状；its 词条又说，人称代词的所有格习惯不写撇号（hers、yours、theirs）。加了这个 s，意思就成了"你的那个""她的那个"，本身已经代替了名词，所以后面不再跟名词。剑桥语法也特别提醒：不写 her's、your's。
改后：**yours、hers、ours、theirs。** etymonline 说，yours 是照着 his 的样子，在 your 后面加 s 构成的单独用的形状；its 词条又说，人称代词的所有格习惯不写撇号（hers、yours、theirs）。加了这个 s，意思就成了“你的那个”“她的那个”，本身已经代替了名词，所以后面不再跟名词。剑桥语法也特别提醒：不写 her's、your's。

## parts/10-pos-overview-noun-pronoun.md:250
原文：**its。** its 是 it 加上所有格的 s。它最初就写作 it's，后来撇号去掉了，etymonline 认为可能是因为 it's 已经是 it is 的缩写。所以今天 its 是"它的"，it's 是 it is。
改后：**its。** its 是 it 加上所有格的 s。它最初就写作 it's，后来撇号去掉了，etymonline 认为可能是因为 it's 已经是 it is 的缩写。所以今天 its 是“它的”，it's 是 it is。

## parts/10-pos-overview-noun-pronoun.md:252
原文：**反身代词。** self 本义"本人、同一个"。myself 就是"我本人"。
改后：**反身代词。** self 本义“本人、同一个”。myself 就是“我本人”。

## parts/10-pos-overview-noun-pronoun.md:254
原文：- 主语和宾语是同一个人时，宾语用反身代词，表示"就是他本人"。
改后：- 主语和宾语是同一个人时，宾语用反身代词，表示“就是他本人”。

## parts/10-pos-overview-noun-pronoun.md:255
原文：- 放在句中强调"是他本人做的"。
改后：- 放在句中强调“是他本人做的”。

## parts/10-pos-overview-noun-pronoun.md:256
原文：- by 本义"在旁边"。by themselves 就是"身边只有他们自己"，剑桥语法说它表示"独自"或"没人帮忙"。
改后：- by 本义“在旁边”。by themselves 就是“身边只有他们自己”，剑桥语法说它表示“独自”或“没人帮忙”。

## parts/10-pos-overview-noun-pronoun.md:257
原文：- help 在牛津词典里有一个义项是"给自己或别人拿食物、饮料"。help yourself 就是"自己给自己拿"，也就是"请随便吃"。
改后：- help 在牛津词典里有一个义项是“给自己或别人拿食物、饮料”。help yourself 就是“自己给自己拿”，也就是“请随便吃”。

## parts/10-pos-overview-noun-pronoun.md:267
原文：**中考易错点：** 形容词性物主代词后面一定要有名词。2024 年河南卷语篇填空第 59 题：he found ___ coins were gone，空后是名词 coins，填 his。另外，its 是"它的"，it's 是 it is 的缩写，不能混用。
改后：**中考易错点：** 形容词性物主代词后面一定要有名词。2024 年河南卷语篇填空第 59 题：he found ___ coins were gone，空后是名词 coins，填 his。另外，its 是“它的”，it's 是 it is 的缩写，不能混用。

## parts/10-pos-overview-noun-pronoun.md:271
原文：用法依据：[剑桥英汉词典: myself](https://dictionary.cambridge.org/zhs/%E8%AF%8D%E5%85%B8/%E8%8B%B1%E8%AF%AD/myself)、[mine](https://dictionary.cambridge.org/zhs/%E8%AF%8D%E5%85%B8/%E8%8B%B1%E8%AF%AD/mine)；[剑桥语法: Pronouns: personal](https://dictionary.cambridge.org/zhs/%E8%AF%AD%E6%B3%95/%E8%8B%B1%E5%BC%8F%E8%AF%AD%E6%B3%95/pronouns-personal-i-me-you-him-it-they-etc)、[Pronouns: possessive](https://dictionary.cambridge.org/zhs/%E8%AF%AD%E6%B3%95/%E8%8B%B1%E5%BC%8F%E8%AF%AD%E6%B3%95/pronouns-possessive-my-mine-your-yours-etc)、[Pronouns: reflexive](https://dictionary.cambridge.org/zhs/%E8%AF%AD%E6%B3%95/%E8%8B%B1%E5%BC%8F%E8%AF%AD%E6%B3%95/pronouns-reflexive-myself-themselves-etc)；[Oxford Learner's: help](https://www.oxfordlearnersdictionaries.com/definition/english/help_1)、[yourself](https://www.oxfordlearnersdictionaries.com/definition/english/yourself)。
改后：用法依据：[剑桥英汉词典：myself](https://dictionary.cambridge.org/zhs/%E8%AF%8D%E5%85%B8/%E8%8B%B1%E8%AF%AD/myself)、[mine](https://dictionary.cambridge.org/zhs/%E8%AF%8D%E5%85%B8/%E8%8B%B1%E8%AF%AD/mine)；[剑桥语法：Pronouns: personal](https://dictionary.cambridge.org/zhs/%E8%AF%AD%E6%B3%95/%E8%8B%B1%E5%BC%8F%E8%AF%AD%E6%B3%95/pronouns-personal-i-me-you-him-it-they-etc)、[Pronouns: possessive](https://dictionary.cambridge.org/zhs/%E8%AF%AD%E6%B3%95/%E8%8B%B1%E5%BC%8F%E8%AF%AD%E6%B3%95/pronouns-possessive-my-mine-your-yours-etc)、[Pronouns: reflexive](https://dictionary.cambridge.org/zhs/%E8%AF%AD%E6%B3%95/%E8%8B%B1%E5%BC%8F%E8%AF%AD%E6%B3%95/pronouns-reflexive-myself-themselves-etc)；[Oxford Learner's: help](https://www.oxfordlearnersdictionaries.com/definition/english/help_1)、[yourself](https://www.oxfordlearnersdictionaries.com/definition/english/yourself)。

## parts/10-pos-overview-noun-pronoun.md:275
原文：**this 本义"眼前的、手边的"，that 从 13 世纪起就和 this 相对，指"离得远一点的"。** these 和 those 原来都是 this 的复数形式，后来 these 留给 this，those 改作 that 的复数。所以这四个词正好是两组：近和远，单数和复数。
改后：**this 本义“眼前的、手边的”，that 从 13 世纪起就和 this 相对，指“离得远一点的”。** these 和 those 原来都是 this 的复数形式，后来 these 留给 this，those 改作 that 的复数。所以这四个词正好是两组：近和远，单数和复数。

## parts/10-pos-overview-noun-pronoun.md:282
原文：打电话时，说话人自己在电话这头，是"近"的一方，用 this；对方在电话那头，是"远"的一方，用 that。剑桥语法举的就是这种用法：Hello, is **that** Tom? **This** is Lucy. 喂，是汤姆吗？我是露西。
改后：打电话时，说话人自己在电话这头，是“近”的一方，用 this；对方在电话那头，是“远”的一方，用 that。剑桥语法举的就是这种用法：Hello, is **that** Tom? **This** is Lucy. 喂，是汤姆吗？我是露西。

## parts/10-pos-overview-noun-pronoun.md:288
原文：用法依据：[剑桥英汉词典: this](https://dictionary.cambridge.org/zhs/%E8%AF%8D%E5%85%B8/%E8%8B%B1%E8%AF%AD/this)；[剑桥语法: This, that, these, those](https://dictionary.cambridge.org/zhs/%E8%AF%AD%E6%B3%95/%E8%8B%B1%E5%BC%8F%E8%AF%AD%E6%B3%95/this-that-these-those)；[Oxford Learner's: this](https://www.oxfordlearnersdictionaries.com/definition/english/this_1)、[that](https://www.oxfordlearnersdictionaries.com/definition/english/that_1)。
改后：用法依据：[剑桥英汉词典：this](https://dictionary.cambridge.org/zhs/%E8%AF%8D%E5%85%B8/%E8%8B%B1%E8%AF%AD/this)；[剑桥语法：This, that, these, those](https://dictionary.cambridge.org/zhs/%E8%AF%AD%E6%B3%95/%E8%8B%B1%E5%BC%8F%E8%AF%AD%E6%B3%95/this-that-these-those)；[Oxford Learner's: this](https://www.oxfordlearnersdictionaries.com/definition/english/this_1)、[that](https://www.oxfordlearnersdictionaries.com/definition/english/that_1)。

## parts/10-pos-overview-noun-pronoun.md:292
原文：**疑问代词用来提问，放在问句开头。** who、whom、whose、what、which 都来自同一个表示"谁、什么"的疑问词根，各自的分工从本义就能看出来。
改后：**疑问代词用来提问，放在问句开头。** who、whom、whose、what、which 都来自同一个表示“谁、什么”的疑问词根，各自的分工从本义就能看出来。

## parts/10-pos-overview-noun-pronoun.md:296
原文：| who | "什么人" | 谁，作主语或宾语 | **Who** ate my apple? 谁吃了我的苹果？ |
改后：| who | “什么人” | 谁，作主语或宾语 | **Who** ate my apple? 谁吃了我的苹果？ |

## parts/10-pos-overview-noun-pronoun.md:300
原文：| which | "什么样子的" | 问"是哪个样子的那一个"，要在眼前的几个里比较，所以牛津词典说它用来"在有限的几个里"问 | **Which** apple do you want, the red one or the green one? 你要哪个苹果，红的还是绿的？ |
改后：| which | “什么样子的” | 问“是哪个样子的那一个”，要在眼前的几个里比较，所以牛津词典说它用来“在有限的几个里”问 | **Which** apple do you want, the red one or the green one? 你要哪个苹果，红的还是绿的？ |

## parts/10-pos-overview-noun-pronoun.md:302
原文：**中考易错点：** 在有限的几个里挑时用 which，泛泛地问"什么"用 what。疑问词放进宾语从句后，从句要用陈述语序，见第四部分"宾语从句"。
改后：**中考易错点：** 在有限的几个里挑时用 which，泛泛地问“什么”用 what。疑问词放进宾语从句后，从句要用陈述语序，见第四部分“宾语从句”。

## parts/10-pos-overview-noun-pronoun.md:306
原文：用法依据：[剑桥英汉词典: whose](https://dictionary.cambridge.org/zhs/%E8%AF%8D%E5%85%B8/%E8%8B%B1%E8%AF%AD/whose)；[Oxford Learner's: who](https://www.oxfordlearnersdictionaries.com/definition/english/who)、[whose](https://www.oxfordlearnersdictionaries.com/definition/english/whose_1)、[whom](https://www.oxfordlearnersdictionaries.com/definition/english/whom)、[which](https://www.oxfordlearnersdictionaries.com/definition/english/which_1)、[what](https://www.oxfordlearnersdictionaries.com/definition/english/what_1)。
改后：用法依据：[剑桥英汉词典：whose](https://dictionary.cambridge.org/zhs/%E8%AF%8D%E5%85%B8/%E8%8B%B1%E8%AF%AD/whose)；[Oxford Learner's: who](https://www.oxfordlearnersdictionaries.com/definition/english/who)、[whose](https://www.oxfordlearnersdictionaries.com/definition/english/whose_1)、[whom](https://www.oxfordlearnersdictionaries.com/definition/english/whom)、[which](https://www.oxfordlearnersdictionaries.com/definition/english/which_1)、[what](https://www.oxfordlearnersdictionaries.com/definition/english/what_1)。

## parts/10-pos-overview-noun-pronoun.md:310
原文：**some 本义"某一个、某一些"，指确实存在的一部分；any 本义"一个的"，和 one 同一个来源，指"随便哪一个"。** 两个词都能跟复数名词和不可数名词。
改后：**some 本义“某一个、某一些”，指确实存在的一部分；any 本义“一个的”，和 one 同一个来源，指“随便哪一个”。** 两个词都能跟复数名词和不可数名词。

## parts/10-pos-overview-noun-pronoun.md:314
原文：- some 说的是"确实有那么一些"，所以用在肯定句里：There are some apples. 篮子里确实有一些。
改后：- some 说的是“确实有那么一些”，所以用在肯定句里：There are some apples. 篮子里确实有一些。

## parts/10-pos-overview-noun-pronoun.md:315
原文：- any 说的是"随便哪一个"。问"有没有随便哪一个？"就是疑问句；说"随便哪一个都没有"就是否定句。etymonline 引用的中古英语词典正是这样说的：any 指随便挑出来的那一个，常用在疑问句、条件句和否定句里，肯定句里用 some。
改后：- any 说的是“随便哪一个”。问“有没有随便哪一个？”就是疑问句；说“随便哪一个都没有”就是否定句。etymonline 引用的中古英语词典正是这样说的：any 指随便挑出来的那一个，常用在疑问句、条件句和否定句里，肯定句里用 some。

## parts/10-pos-overview-noun-pronoun.md:316
原文：- 问句里用 some，是因为说话人认定东西就在那里，盼着对方回答"是"。剑桥语法的说法是：盼望对方回答"是"时，问句可以用 some。
改后：- 问句里用 some，是因为说话人认定东西就在那里，盼着对方回答“是”。剑桥语法的说法是：盼望对方回答“是”时，问句可以用 some。

## parts/10-pos-overview-noun-pronoun.md:317
原文：- any 用在肯定句里，就回到了"随便哪一个都行"的本义。
改后：- any 用在肯定句里，就回到了“随便哪一个都行”的本义。

## parts/10-pos-overview-noun-pronoun.md:321
原文：| some 用在肯定句 | "确实有那么一些" | There are **some** apples in the basket. 篮子里有一些苹果。 |
改后：| some 用在肯定句 | “确实有那么一些” | There are **some** apples in the basket. 篮子里有一些苹果。 |

## parts/10-pos-overview-noun-pronoun.md:322
原文：| any 用在否定句 | "随便哪一个都没有" | There aren't **any** apples in the fridge. 冰箱里一个苹果也没有了。 |
改后：| any 用在否定句 | “随便哪一个都没有” | There aren't **any** apples in the fridge. 冰箱里一个苹果也没有了。 |

## parts/10-pos-overview-noun-pronoun.md:323
原文：| any 用在疑问句 | "有没有随便哪一个" | Is there **any** apple juice left? 还剩苹果汁吗？ |
改后：| any 用在疑问句 | “有没有随便哪一个” | Is there **any** apple juice left? 还剩苹果汁吗？ |

## parts/10-pos-overview-noun-pronoun.md:324
原文：| 盼望对方回答"是"的问句，用 some | 说话人认定"确实有那么一些"，比如请别人吃东西 | Would you like **some** apples? 你想吃些苹果吗？ |
改后：| 盼望对方回答“是”的问句，用 some | 说话人认定“确实有那么一些”，比如请别人吃东西 | Would you like **some** apples? 你想吃些苹果吗？ |

## parts/10-pos-overview-noun-pronoun.md:325
原文：| any 用在肯定句 | "随便哪一个都行" | Take **any** apple you like. 你喜欢哪个苹果就拿哪个。 |
改后：| any 用在肯定句 | “随便哪一个都行” | Take **any** apple you like. 你喜欢哪个苹果就拿哪个。 |

## parts/10-pos-overview-noun-pronoun.md:327
原文：**中考易错点：** 请别人吃东西时，虽然是问句，也用 some：Would you like some apples? 因为苹果就摆在那里，说话人盼着对方回答"要"。
改后：**中考易错点：** 请别人吃东西时，虽然是问句，也用 some：Would you like some apples? 因为苹果就摆在那里，说话人盼着对方回答“要”。

## parts/10-pos-overview-noun-pronoun.md:331
原文：用法依据：[剑桥英汉词典: some](https://dictionary.cambridge.org/zhs/%E8%AF%8D%E5%85%B8/%E8%8B%B1%E8%AF%AD/some)、[any](https://dictionary.cambridge.org/zhs/%E8%AF%8D%E5%85%B8/%E8%8B%B1%E8%AF%AD/any)；[剑桥语法: Some and any](https://dictionary.cambridge.org/zhs/%E8%AF%AD%E6%B3%95/%E8%8B%B1%E5%BC%8F%E8%AF%AD%E6%B3%95/some-and-any)；[Oxford Learner's: some](https://www.oxfordlearnersdictionaries.com/definition/english/some_1)、[any](https://www.oxfordlearnersdictionaries.com/definition/english/any_1)。
改后：用法依据：[剑桥英汉词典：some](https://dictionary.cambridge.org/zhs/%E8%AF%8D%E5%85%B8/%E8%8B%B1%E8%AF%AD/some)、[any](https://dictionary.cambridge.org/zhs/%E8%AF%8D%E5%85%B8/%E8%8B%B1%E8%AF%AD/any)；[剑桥语法：Some and any](https://dictionary.cambridge.org/zhs/%E8%AF%AD%E6%B3%95/%E8%8B%B1%E5%BC%8F%E8%AF%AD%E6%B3%95/some-and-any)；[Oxford Learner's: some](https://www.oxfordlearnersdictionaries.com/definition/english/some_1)、[any](https://www.oxfordlearnersdictionaries.com/definition/english/any_1)。

## parts/10-pos-overview-noun-pronoun.md:335
原文：**each 本义"永远一样"，也就是"每一个都一样对待"；every 是在 each 前面加上 ever（永远）来强调，意思是"每一个，一个不落"。** etymonline 说 every 至今仍让人觉得"不够强"，所以英语里还有 every single、every last 这种再加强的说法。
改后：**each 本义“永远一样”，也就是“每一个都一样对待”；every 是在 each 前面加上 ever（永远）来强调，意思是“每一个，一个不落”。** etymonline 说 every 至今仍让人觉得“不够强”，所以英语里还有 every single、every last 这种再加强的说法。

## parts/10-pos-overview-noun-pronoun.md:339
原文：- each 是一个一个分开看，牛津词典的释义是"分开来考虑时的每一个"。两个也能分开看，所以 each 可以指两个或更多。
改后：- each 是一个一个分开看，牛津词典的释义是“分开来考虑时的每一个”。两个也能分开看，所以 each 可以指两个或更多。

## parts/10-pos-overview-noun-pronoun.md:340
原文：- every 强调整个一组"一个不落"，etymonline 的释义是"全体，一个一个地算"。剑桥语法说 every 用于三个或更多；只有两个时，英语说 each 或 both。
改后：- every 强调整个一组“一个不落”，etymonline 的释义是“全体，一个一个地算”。剑桥语法说 every 用于三个或更多；只有两个时，英语说 each 或 both。

## parts/10-pos-overview-noun-pronoun.md:341
原文：- almost 在牛津词典里是"还不到"。every 说的是整组的全体，"还不到全体"说得通，所以能说 almost every；each 是分开来看的单个，剑桥语法明确说 almost 不和 each 连用。
改后：- almost 在牛津词典里是“还不到”。every 说的是整组的全体，“还不到全体”说得通，所以能说 almost every；each 是分开来看的单个，剑桥语法明确说 almost 不和 each 连用。

## parts/10-pos-overview-noun-pronoun.md:351
原文：**中考易错点：** 只有两个时用 each，不用 every：She has an apple in **each** hand. 她两只手里各拿着一个苹果。each、every 作主语时谓语用单数还是复数，见第三部分"主谓一致"。
改后：**中考易错点：** 只有两个时用 each，不用 every：She has an apple in **each** hand. 她两只手里各拿着一个苹果。each、every 作主语时谓语用单数还是复数，见第三部分“主谓一致”。

## parts/10-pos-overview-noun-pronoun.md:355
原文：用法依据：[剑桥英汉词典: each](https://dictionary.cambridge.org/zhs/%E8%AF%8D%E5%85%B8/%E8%8B%B1%E8%AF%AD/each)、[every](https://dictionary.cambridge.org/zhs/%E8%AF%8D%E5%85%B8/%E8%8B%B1%E8%AF%AD/every)；[剑桥语法: Each or every](https://dictionary.cambridge.org/zhs/%E8%AF%AD%E6%B3%95/%E8%8B%B1%E5%BC%8F%E8%AF%AD%E6%B3%95/each-or-every)；[Oxford Learner's: each](https://www.oxfordlearnersdictionaries.com/definition/english/each)、[every](https://www.oxfordlearnersdictionaries.com/definition/english/every)、[almost](https://www.oxfordlearnersdictionaries.com/definition/english/almost)。
改后：用法依据：[剑桥英汉词典：each](https://dictionary.cambridge.org/zhs/%E8%AF%8D%E5%85%B8/%E8%8B%B1%E8%AF%AD/each)、[every](https://dictionary.cambridge.org/zhs/%E8%AF%8D%E5%85%B8/%E8%8B%B1%E8%AF%AD/every)；[剑桥语法：Each or every](https://dictionary.cambridge.org/zhs/%E8%AF%AD%E6%B3%95/%E8%8B%B1%E5%BC%8F%E8%AF%AD%E6%B3%95/each-or-every)；[Oxford Learner's: each](https://www.oxfordlearnersdictionaries.com/definition/english/each)、[every](https://www.oxfordlearnersdictionaries.com/definition/english/every)、[almost](https://www.oxfordlearnersdictionaries.com/definition/english/almost)。

## parts/10-pos-overview-noun-pronoun.md:359
原文：**这几个词都在说"一组东西里有多少个"。哪些只能用于两个，本义里就写着。**
改后：**这几个词都在说“一组东西里有多少个”。哪些只能用于两个，本义里就写着。**

## parts/10-pos-overview-noun-pronoun.md:363
原文：| both | "这两个、一个和另一个" | 两个都 | **Both** apples are sweet. 两个苹果都是甜的。<br/>We **both** like apples. 我们俩都喜欢苹果。 |
改后：| both | “这两个、一个和另一个” | 两个都 | **Both** apples are sweet. 两个苹果都是甜的。<br/>We **both** like apples. 我们俩都喜欢苹果。 |

## parts/10-pos-overview-noun-pronoun.md:364
原文：| either | 本来是"两个中的每一个"，后来才有"两个中的任意一个" | 两个中随便哪一个；旧的"两个都"的意思还留在 on either side（两边）这类说法里 | You can take **either** apple. 两个苹果你随便拿一个。<br/>There are apple trees on **either** side of the road. 路两边都有苹果树。 |
改后：| either | 本来是“两个中的每一个”，后来才有“两个中的任意一个” | 两个中随便哪一个；旧的“两个都”的意思还留在 on either side（两边）这类说法里 | You can take **either** apple. 两个苹果你随便拿一个。<br/>There are apple trees on **either** side of the road. 路两边都有苹果树。 |

## parts/10-pos-overview-noun-pronoun.md:365
原文：| neither | "两个中哪个也不" | 两个都不 | **Neither** apple is ripe. 两个苹果都没熟。 |
改后：| neither | “两个中哪个也不” | 两个都不 | **Neither** apple is ripe. 两个苹果都没熟。 |

## parts/10-pos-overview-noun-pronoun.md:366
原文：| all | "全部的、整个的" | 一组的全部，或者一个整体的全部 | **All** the apples in the basket are red. 篮子里的苹果全是红的。 |
改后：| all | “全部的、整个的” | 一组的全部，或者一个整体的全部 | **All** the apples in the basket are red. 篮子里的苹果全是红的。 |

## parts/10-pos-overview-noun-pronoun.md:367
原文：| none | not 加 one，"一个也没有" | 一个也没有，用于三个或更多，或者一个整体 | Tom had three apples, and I had **none**. 汤姆有三个苹果，我一个也没有。 |
改后：| none | not 加 one，“一个也没有” | 一个也没有，用于三个或更多，或者一个整体 | Tom had three apples, and I had **none**. 汤姆有三个苹果，我一个也没有。 |

## parts/10-pos-overview-noun-pronoun.md:374
原文：either 和 neither 说的是两个中的"哪一个"，所以直接跟单数名词：neither apple，不说 neither apples。neither of 作主语时谓语的单复数，见第三部分"主谓一致"。
改后：either 和 neither 说的是两个中的“哪一个”，所以直接跟单数名词：neither apple，不说 neither apples。neither of 作主语时谓语的单复数，见第三部分“主谓一致”。

## parts/10-pos-overview-noun-pronoun.md:376
原文：**中考易错点：** "两个都不"用 neither。英语有这个专门表示"两个中哪个也不"的词，剑桥语法说母语者用它，一般不说 both ... not：说 **Neither of** the apples is ripe（两个苹果都没熟），不说 Both of the apples aren't ripe。本义里带"两个"的是 neither，所以三个或更多"都不"用 none，两个时不用 none。
改后：**中考易错点：** “两个都不”用 neither。英语有这个专门表示“两个中哪个也不”的词，剑桥语法说母语者用它，一般不说 both ... not：说 **Neither of** the apples is ripe（两个苹果都没熟），不说 Both of the apples aren't ripe。本义里带“两个”的是 neither，所以三个或更多“都不”用 none，两个时不用 none。

## parts/10-pos-overview-noun-pronoun.md:380
原文：用法依据：[剑桥英汉词典: both](https://dictionary.cambridge.org/zhs/%E8%AF%8D%E5%85%B8/%E8%8B%B1%E8%AF%AD/both)、[all](https://dictionary.cambridge.org/zhs/%E8%AF%8D%E5%85%B8/%E8%8B%B1%E8%AF%AD/all)、[either](https://dictionary.cambridge.org/zhs/%E8%AF%8D%E5%85%B8/%E8%8B%B1%E8%AF%AD/either)、[neither](https://dictionary.cambridge.org/zhs/%E8%AF%8D%E5%85%B8/%E8%8B%B1%E8%AF%AD/neither)；[剑桥语法: Both](https://dictionary.cambridge.org/zhs/%E8%AF%AD%E6%B3%95/%E8%8B%B1%E5%BC%8F%E8%AF%AD%E6%B3%95/both)、[All](https://dictionary.cambridge.org/zhs/%E8%AF%AD%E6%B3%95/%E8%8B%B1%E5%BC%8F%E8%AF%AD%E6%B3%95/all)、[Either](https://dictionary.cambridge.org/zhs/%E8%AF%AD%E6%B3%95/%E8%8B%B1%E5%BC%8F%E8%AF%AD%E6%B3%95/either)、[Neither](https://dictionary.cambridge.org/zhs/%E8%AF%AD%E6%B3%95/%E8%8B%B1%E5%BC%8F%E8%AF%AD%E6%B3%95/neither)、[No, none and none of](https://dictionary.cambridge.org/zhs/%E8%AF%AD%E6%B3%95/%E8%8B%B1%E5%BC%8F%E8%AF%AD%E6%B3%95/none)；[Oxford Learner's: both](https://www.oxfordlearnersdictionaries.com/definition/english/both)、[either](https://www.oxfordlearnersdictionaries.com/definition/english/either_1)、[neither](https://www.oxfordlearnersdictionaries.com/definition/english/neither_1)、[all](https://www.oxfordlearnersdictionaries.com/definition/english/all_1)、[none](https://www.oxfordlearnersdictionaries.com/definition/english/none_1)。
改后：用法依据：[剑桥英汉词典：both](https://dictionary.cambridge.org/zhs/%E8%AF%8D%E5%85%B8/%E8%8B%B1%E8%AF%AD/both)、[all](https://dictionary.cambridge.org/zhs/%E8%AF%8D%E5%85%B8/%E8%8B%B1%E8%AF%AD/all)、[either](https://dictionary.cambridge.org/zhs/%E8%AF%8D%E5%85%B8/%E8%8B%B1%E8%AF%AD/either)、[neither](https://dictionary.cambridge.org/zhs/%E8%AF%8D%E5%85%B8/%E8%8B%B1%E8%AF%AD/neither)；[剑桥语法：Both](https://dictionary.cambridge.org/zhs/%E8%AF%AD%E6%B3%95/%E8%8B%B1%E5%BC%8F%E8%AF%AD%E6%B3%95/both)、[All](https://dictionary.cambridge.org/zhs/%E8%AF%AD%E6%B3%95/%E8%8B%B1%E5%BC%8F%E8%AF%AD%E6%B3%95/all)、[Either](https://dictionary.cambridge.org/zhs/%E8%AF%AD%E6%B3%95/%E8%8B%B1%E5%BC%8F%E8%AF%AD%E6%B3%95/either)、[Neither](https://dictionary.cambridge.org/zhs/%E8%AF%AD%E6%B3%95/%E8%8B%B1%E5%BC%8F%E8%AF%AD%E6%B3%95/neither)、[No, none and none of](https://dictionary.cambridge.org/zhs/%E8%AF%AD%E6%B3%95/%E8%8B%B1%E5%BC%8F%E8%AF%AD%E6%B3%95/none)；[Oxford Learner's: both](https://www.oxfordlearnersdictionaries.com/definition/english/both)、[either](https://www.oxfordlearnersdictionaries.com/definition/english/either_1)、[neither](https://www.oxfordlearnersdictionaries.com/definition/english/neither_1)、[all](https://www.oxfordlearnersdictionaries.com/definition/english/all_1)、[none](https://www.oxfordlearnersdictionaries.com/definition/english/none_1)。

## parts/10-pos-overview-noun-pronoun.md:384
原文：**other 本义"第二个、两个中的另一个"，后来泛指"别的"。another 就是 an（一个）加 other 连写，意思是"再一个、另一个"。** 英语后来用 second 表示"第二"，other 就只剩下"另一个、别的"的意思。
改后：**other 本义“第二个、两个中的另一个”，后来泛指“别的”。another 就是 an（一个）加 other 连写，意思是“再一个、另一个”。** 英语后来用 second 表示“第二”，other 就只剩下“另一个、别的”的意思。

## parts/10-pos-overview-noun-pronoun.md:388
原文：- the 本来是指示词"那"。the other 是"确定的那另一个"，两个里拿掉一个，剩下的就是它。
改后：- the 本来是指示词“那”。the other 是“确定的那另一个”，两个里拿掉一个，剩下的就是它。

## parts/10-pos-overview-noun-pronoun.md:389
原文：- the others 是 other 的复数加上 the，也就是"确定的那些别的"，一组里剩下的全部。
改后：- the others 是 other 的复数加上 the，也就是“确定的那些别的”，一组里剩下的全部。

## parts/10-pos-overview-noun-pronoun.md:390
原文：- others 没有 the，就是"别的一些"，不特指哪些。
改后：- others 没有 the，就是“别的一些”，不特指哪些。

## parts/10-pos-overview-noun-pronoun.md:391
原文：- another 里面有 an，an 是"一"，所以 another 后面接单数名词。牛津词典收了 another three questions 这样的例子，这是把"三个问题"当成再来的一份。
改后：- another 里面有 an，an 是“一”，所以 another 后面接单数名词。牛津词典收了 another three questions 这样的例子，这是把“三个问题”当成再来的一份。

## parts/10-pos-overview-noun-pronoun.md:395
原文：| another | "一个"加"别的"，再一个、另一个，不特指 | This apple is bad. Can I have **another** one? 这个苹果坏了，能再给我一个吗？ |
改后：| another | “一个”加“别的”，再一个、另一个，不特指 | This apple is bad. Can I have **another** one? 这个苹果坏了，能再给我一个吗？ |

## parts/10-pos-overview-noun-pronoun.md:406
原文：用法依据：[剑桥英汉词典: other](https://dictionary.cambridge.org/zhs/%E8%AF%8D%E5%85%B8/%E8%8B%B1%E8%AF%AD/other)、[another](https://dictionary.cambridge.org/zhs/%E8%AF%8D%E5%85%B8/%E8%8B%B1%E8%AF%AD/another)；[剑桥语法: Other, others, the other or another](https://dictionary.cambridge.org/zhs/%E8%AF%AD%E6%B3%95/%E8%8B%B1%E5%BC%8F%E8%AF%AD%E6%B3%95/other-others-the-other-or-another)；[Oxford Learner's: other](https://www.oxfordlearnersdictionaries.com/definition/english/other_1)、[another](https://www.oxfordlearnersdictionaries.com/definition/english/another)。
改后：用法依据：[剑桥英汉词典：other](https://dictionary.cambridge.org/zhs/%E8%AF%8D%E5%85%B8/%E8%8B%B1%E8%AF%AD/other)、[another](https://dictionary.cambridge.org/zhs/%E8%AF%8D%E5%85%B8/%E8%8B%B1%E8%AF%AD/another)；[剑桥语法：Other, others, the other or another](https://dictionary.cambridge.org/zhs/%E8%AF%AD%E6%B3%95/%E8%8B%B1%E5%BC%8F%E8%AF%AD%E6%B3%95/other-others-the-other-or-another)；[Oxford Learner's: other](https://www.oxfordlearnersdictionaries.com/definition/english/other_1)、[another](https://www.oxfordlearnersdictionaries.com/definition/english/another)。

## parts/10-pos-overview-noun-pronoun.md:410
原文：**it 来自一个表示"这个"的指示词，用来代替前面说过的东西或动物。** 从这个本义出发，it 的用法一步步发展出来。
改后：**it 来自一个表示“这个”的指示词，用来代替前面说过的东西或动物。** 从这个本义出发，it 的用法一步步发展出来。

## parts/10-pos-overview-noun-pronoun.md:413
原文：2. **占住主语的位置。** 剑桥语法说：英语里，除了祈使句，每个句子都必须有主语。说天气、时间、距离时，没有哪个东西在"做"这件事，但主语的位置不能空着，就用 it 占住。etymonline 记载，英语很早就说 it rains（下雨了）这样的句子。
改后：2. **占住主语的位置。** 剑桥语法说：英语里，除了祈使句，每个句子都必须有主语。说天气、时间、距离时，没有哪个东西在“做”这件事，但主语的位置不能空着，就用 it 占住。etymonline 记载，英语很早就说 it rains（下雨了）这样的句子。

## parts/10-pos-overview-noun-pronoun.md:414
原文：3. **先占位，真正的内容放到后面。** 真正的主语或宾语是一长串 to do 或从句时，放在前面句子头重脚轻。英语母语者先用 it 占住位置，把长的部分挪到句子后面。剑桥语法把这叫"预先的 it"。
改后：3. **先占位，真正的内容放到后面。** 真正的主语或宾语是一长串 to do 或从句时，放在前面句子头重脚轻。英语母语者先用 it 占住位置，把长的部分挪到句子后面。剑桥语法把这叫“预先的 it”。

## parts/10-pos-overview-noun-pronoun.md:418
原文：| 指前面说过的东西 | 本义"这个" | I bought an apple and ate **it** on the way home. 我买了一个苹果，在回家路上吃了。 |
改后：| 指前面说过的东西 | 本义“这个” | I bought an apple and ate **it** on the way home. 我买了一个苹果，在回家路上吃了。 |

## parts/10-pos-overview-noun-pronoun.md:422
原文：| It takes + 人 + 时间 + to do | take 在牛津词典里有"需要、花费（时间）"的义项；"做这件事"太长，挪到后面，it 先占位 | **It** took us two hours to pick all the apples. 我们花了两个小时才把苹果全部摘完。 |
改后：| It takes + 人 + 时间 + to do | take 在牛津词典里有“需要、花费（时间）”的义项；“做这件事”太长，挪到后面，it 先占位 | **It** took us two hours to pick all the apples. 我们花了两个小时才把苹果全部摘完。 |

## parts/10-pos-overview-noun-pronoun.md:429
原文：用法依据：[剑桥英汉词典: it](https://dictionary.cambridge.org/zhs/%E8%AF%8D%E5%85%B8/%E8%8B%B1%E8%AF%AD/it)；[剑桥语法: It](https://dictionary.cambridge.org/zhs/%E8%AF%AD%E6%B3%95/%E8%8B%B1%E5%BC%8F%E8%AF%AD%E6%B3%95/it)、[Dummy subjects](https://dictionary.cambridge.org/zhs/%E8%AF%AD%E6%B3%95/%E8%8B%B1%E5%BC%8F%E8%AF%AD%E6%B3%95/dummy-subjects)；[Oxford Learner's: it](https://www.oxfordlearnersdictionaries.com/definition/english/it)、[take](https://www.oxfordlearnersdictionaries.com/definition/english/take_1)。
改后：用法依据：[剑桥英汉词典：it](https://dictionary.cambridge.org/zhs/%E8%AF%8D%E5%85%B8/%E8%8B%B1%E8%AF%AD/it)；[剑桥语法：It](https://dictionary.cambridge.org/zhs/%E8%AF%AD%E6%B3%95/%E8%8B%B1%E5%BC%8F%E8%AF%AD%E6%B3%95/it)、[Dummy subjects](https://dictionary.cambridge.org/zhs/%E8%AF%AD%E6%B3%95/%E8%8B%B1%E5%BC%8F%E8%AF%AD%E6%B3%95/dummy-subjects)；[Oxford Learner's: it](https://www.oxfordlearnersdictionaries.com/definition/english/it)、[take](https://www.oxfordlearnersdictionaries.com/definition/english/take_1)。

## parts/10-pos-overview-noun-pronoun.md:435
原文：| it 与 one | it 指"前面说过的那个东西"，是**同一个**；one 本义"一个"，指"同类里的一个"，是**任意一个** | I can't find my apple. Where did I put **it**? 我找不到我的苹果了，我放哪儿了？<br/>I want an apple. Can you give me **one**? 我想要个苹果，你能给我一个吗？ |
改后：| it 与 one | it 指“前面说过的那个东西”，是**同一个**；one 本义“一个”，指“同类里的一个”，是**任意一个** | I can't find my apple. Where did I put **it**? 我找不到我的苹果了，我放哪儿了？<br/>I want an apple. Can you give me **one**? 我想要个苹果，你能给我一个吗？ |

## parts/10-pos-overview-noun-pronoun.md:436
原文：| one 与 some | one 本义"一个"，只能代替能论"个"的可数名词；不可数名词用 some | Have you got any apple juice? Can I have **some**? 你有苹果汁吗？能给我一些吗？ |
改后：| one 与 some | one 本义“一个”，只能代替能论“个”的可数名词；不可数名词用 some | Have you got any apple juice? Can I have **some**? 你有苹果汁吗？能给我一些吗？ |

## parts/10-pos-overview-noun-pronoun.md:437
原文：| its 与 it's | its 是 it 加所有格的 s，意思是"它的"；it's 是 it is 的缩写 | The tree dropped **its** apples. **It's** windy today. 树上的苹果掉了。今天风很大。 |
改后：| its 与 it's | its 是 it 加所有格的 s，意思是“它的”；it's 是 it is 的缩写 | The tree dropped **its** apples. **It's** windy today. 树上的苹果掉了。今天风很大。 |

## parts/10-pos-overview-noun-pronoun.md:439
原文：| the other 与 another | the other 是"两个中确定的另一个"；another 是"一个"加"别的"，不特指 | I have two apples. You can have **the other** one. 我有两个苹果，另一个给你。<br/>Have **another** apple. 再吃一个苹果吧。 |
改后：| the other 与 another | the other 是“两个中确定的另一个”；another 是“一个”加“别的”，不特指 | I have two apples. You can have **the other** one. 我有两个苹果，另一个给你。<br/>Have **another** apple. 再吃一个苹果吧。 |

## parts/10-pos-overview-noun-pronoun.md:445
原文：用法依据：[剑桥英汉词典: one](https://dictionary.cambridge.org/zhs/%E8%AF%8D%E5%85%B8/%E8%8B%B1%E8%AF%AD/one)、[another](https://dictionary.cambridge.org/zhs/%E8%AF%8D%E5%85%B8/%E8%8B%B1%E8%AF%AD/another)；[剑桥语法: One](https://dictionary.cambridge.org/zhs/%E8%AF%AD%E6%B3%95/%E8%8B%B1%E5%BC%8F%E8%AF%AD%E6%B3%95/one)、[Pronouns: possessive](https://dictionary.cambridge.org/zhs/%E8%AF%AD%E6%B3%95/%E8%8B%B1%E5%BC%8F%E8%AF%AD%E6%B3%95/pronouns-possessive-my-mine-your-yours-etc)；[Oxford Learner's: one](https://www.oxfordlearnersdictionaries.com/definition/english/one_2)。
改后：用法依据：[剑桥英汉词典：one](https://dictionary.cambridge.org/zhs/%E8%AF%8D%E5%85%B8/%E8%8B%B1%E8%AF%AD/one)、[another](https://dictionary.cambridge.org/zhs/%E8%AF%8D%E5%85%B8/%E8%8B%B1%E8%AF%AD/another)；[剑桥语法：One](https://dictionary.cambridge.org/zhs/%E8%AF%AD%E6%B3%95/%E8%8B%B1%E5%BC%8F%E8%AF%AD%E6%B3%95/one)、[Pronouns: possessive](https://dictionary.cambridge.org/zhs/%E8%AF%AD%E6%B3%95/%E8%8B%B1%E5%BC%8F%E8%AF%AD%E6%B3%95/pronouns-possessive-my-mine-your-yours-etc)；[Oxford Learner's: one](https://www.oxfordlearnersdictionaries.com/definition/english/one_2)。

## parts/11-adj-adv.md:21
原文：| 系动词后 | 句子的主语已经说出来了，系动词后面的词就是"对主语说了什么"。系动词 be、taste、look 说的是状态，不是动作，所以后面跟形容词 | The apple is **sweet**. 这个苹果很甜。<br/>The apple tastes **sweet**. 这个苹果尝起来很甜。 |
改后：| 系动词后 | 句子的主语已经说出来了，系动词后面的词就是“对主语说了什么”。系动词 be、taste、look 说的是状态，不是动作，所以后面跟形容词 | The apple is **sweet**. 这个苹果很甜。<br/>The apple tastes **sweet**. 这个苹果尝起来很甜。 |

## parts/11-adj-adv.md:22
原文：| something 这类词后 | something 本来是 some + thing 两个词，意思是"某个东西"，后来合成了一个词。形容词没法插进一个词的中间，英语的习惯是把它放在 something 后面补充说明，剑桥词典的例句就是 something sharp、something wrong、something special | I want something **sweet**. 我想吃点甜的东西。<br/>There's something **wrong** with this apple. 这个苹果有点不对劲。 |
改后：| something 这类词后 | something 本来是 some + thing 两个词，意思是“某个东西”，后来合成了一个词。形容词没法插进一个词的中间，英语的习惯是把它放在 something 后面补充说明，剑桥词典的例句就是 something sharp、something wrong、something special | I want something **sweet**. 我想吃点甜的东西。<br/>There's something **wrong** with this apple. 这个苹果有点不对劲。 |

## parts/11-adj-adv.md:26
原文：**有几个形容词只放在系动词后面，不放在名词前。** 词典给 asleep、afraid、alone、awake、alive 都标了"不用在名词前"。其中很多词开头的 a- 可以拆开看：
改后：**有几个形容词只放在系动词后面，不放在名词前。** 词典给 asleep、afraid、alone、awake、alive 都标了“不用在名词前”。其中很多词开头的 a- 可以拆开看：

## parts/11-adj-adv.md:28
原文：- **asleep** = a- + sleep。这里的 a- 本来就是介词 on，意思是"在……里"。asleep 就是"在睡眠中"，像一个介词短语。
改后：- **asleep** = a- + sleep。这里的 a- 本来就是介词 on，意思是“在……里”。asleep 就是“在睡眠中”，像一个介词短语。

## parts/11-adj-adv.md:30
原文：- 英语里介词短语描述名词时，放在名词后面或系动词后面，不放在名词前面。比如 the boy in bed 床上的男孩，不说 the in-bed boy（英语不这样说）。asleep 由 a-（在……上、在……中）和 sleep 组成，意思是"在睡眠中"。学习词典给它标注"不用在名词前"，要说"睡着的孩子"用 a sleeping baby。
改后：- 英语里介词短语描述名词时，放在名词后面或系动词后面，不放在名词前面。比如 the boy in bed 床上的男孩，不说 the in-bed boy（英语不这样说）。asleep 由 a-（在……上、在……中）和 sleep 组成，意思是“在睡眠中”。学习词典给它标注“不用在名词前”，要说“睡着的孩子”用 a sleeping baby。

## parts/11-adj-adv.md:32
原文：afraid 和 alone 不是这样来的，词源推不出位置：afraid 本来是一个表示"惊吓"的动词的过去分词，alone 是 all + one"完全一个人"。词源词典也只说 afraid 是"很少见的从不放在名词前的形容词"。这两个词就按词典的用法来用。要放在名词前面，英语换用别的词：a **sleeping** baby 一个正在睡觉的婴儿，a **frightened** child 一个受惊的孩子。
改后：afraid 和 alone 不是这样来的，词源推不出位置：afraid 本来是一个表示“惊吓”的动词的过去分词，alone 是 all + one“完全一个人”。词源词典也只说 afraid 是“很少见的从不放在名词前的形容词”。这两个词就按词典的用法来用。要放在名词前面，英语换用别的词：a **sleeping** baby 一个正在睡觉的婴儿，a **frightened** child 一个受惊的孩子。

## parts/11-adj-adv.md:35
原文：- The boy is **fast asleep**. 男孩睡得很熟。（fast 本义是"牢固"，fast asleep 就是"睡得牢牢的"）
改后：- The boy is **fast asleep**. 男孩睡得很熟。（fast 本义是“牢固”，fast asleep 就是“睡得牢牢的”）

## parts/11-adj-adv.md:38
原文：**中考易错点：** 形容词修饰 something 要放在后面，说 something sweet，不说 sweet something。系动词后面用形容词，不用副词，这一点见第三部分"五种基本句型"。
改后：**中考易错点：** 形容词修饰 something 要放在后面，说 something sweet，不说 sweet something。系动词后面用形容词，不用副词，这一点见第三部分“五种基本句型”。

## parts/11-adj-adv.md:41
原文：用法依据：[剑桥英汉词典: something](https://dictionary.cambridge.org/zhs/%E8%AF%8D%E5%85%B8/%E8%8B%B1%E8%AF%AD/something)、[sweet](https://dictionary.cambridge.org/zhs/%E8%AF%8D%E5%85%B8/%E8%8B%B1%E8%AF%AD/sweet)、[asleep](https://dictionary.cambridge.org/zhs/%E8%AF%8D%E5%85%B8/%E8%8B%B1%E8%AF%AD/asleep)、[afraid](https://dictionary.cambridge.org/zhs/%E8%AF%8D%E5%85%B8/%E8%8B%B1%E8%AF%AD/afraid)、[alone](https://dictionary.cambridge.org/zhs/%E8%AF%8D%E5%85%B8/%E8%8B%B1%E8%AF%AD/alone)；[牛津学习词典: asleep](https://www.oxfordlearnersdictionaries.com/definition/english/asleep_1)、[afraid](https://www.oxfordlearnersdictionaries.com/definition/english/afraid_1)、[alone](https://www.oxfordlearnersdictionaries.com/definition/english/alone_1)。
改后：用法依据：[剑桥英汉词典：something](https://dictionary.cambridge.org/zhs/%E8%AF%8D%E5%85%B8/%E8%8B%B1%E8%AF%AD/something)、[sweet](https://dictionary.cambridge.org/zhs/%E8%AF%8D%E5%85%B8/%E8%8B%B1%E8%AF%AD/sweet)、[asleep](https://dictionary.cambridge.org/zhs/%E8%AF%8D%E5%85%B8/%E8%8B%B1%E8%AF%AD/asleep)、[afraid](https://dictionary.cambridge.org/zhs/%E8%AF%8D%E5%85%B8/%E8%8B%B1%E8%AF%AD/afraid)、[alone](https://dictionary.cambridge.org/zhs/%E8%AF%8D%E5%85%B8/%E8%8B%B1%E8%AF%AD/alone)；[牛津学习词典：asleep](https://www.oxfordlearnersdictionaries.com/definition/english/asleep_1)、[afraid](https://www.oxfordlearnersdictionaries.com/definition/english/afraid_1)、[alone](https://www.oxfordlearnersdictionaries.com/definition/english/alone_1)。

## parts/11-adj-adv.md:45
原文：**两个东西比，用比较级；三个或更多里面挑出"最"的那个，用最高级。** 英语有两套办法：词尾加 -er、-est，或者在前面加 more、most。
改后：**两个东西比，用比较级；三个或更多里面挑出“最”的那个，用最高级。** 英语有两套办法：词尾加 -er、-est，或者在前面加 more、most。

## parts/11-adj-adv.md:50
原文：- **more** 本义是"更大的、更多的"，**most** 本义是"最大的、最多的"，都是表示"大"的那个词的比较级和最高级。它们本身就是完整的词，意思就是"更""最"，所以能单独放在形容词前面，不必改动形容词本身。
改后：- **more** 本义是“更大的、更多的”，**most** 本义是“最大的、最多的”，都是表示“大”的那个词的比较级和最高级。它们本身就是完整的词，意思就是“更”“最”，所以能单独放在形容词前面，不必改动形容词本身。

## parts/11-adj-adv.md:60
原文：| 一个元音字母加一个辅音字母结尾 | 双写最后的辅音字母，再加 -er、-est | 英语里"一个元音字母 + 一个辅音字母 + 元音字母"时，前面的元音一般读长音，比如 late、tiger 里的 a、i。big 如果写成 biger，就会像 tiger 一样读长音；双写 g，i 才保持短音 | big → bigger → biggest<br/>hot → hotter → hottest |
改后：| 一个元音字母加一个辅音字母结尾 | 双写最后的辅音字母，再加 -er、-est | 英语里“一个元音字母 + 一个辅音字母 + 元音字母”时，前面的元音一般读长音，比如 late、tiger 里的 a、i。big 如果写成 biger，就会像 tiger 一样读长音；双写 g，i 才保持短音 | big → bigger → biggest<br/>hot → hotter → hottest |

## parts/11-adj-adv.md:62
原文：| 多数两个音节以上的词 | 前面加 more、most | 用完整的词 more、most 表示"更""最" | beautiful → more beautiful → most beautiful<br/>interesting → more interesting → most interesting |
改后：| 多数两个音节以上的词 | 前面加 more、most | 用完整的词 more、most 表示“更”“最” | beautiful → more beautiful → most beautiful<br/>interesting → more interesting → most interesting |

## parts/11-adj-adv.md:68
原文：| good 好的，well 好地 | better | best | better、best 本来是一个表示"补救、好处"的词的比较级和最高级，后来转给 good 和 well 使用 |
改后：| good 好的，well 好地 | better | best | better、best 本来是一个表示“补救、好处”的词的比较级和最高级，后来转给 good 和 well 使用 |

## parts/11-adj-adv.md:69
原文：| bad 坏的，badly 坏地 | worse | worst | worse、worst 本来是"更坏""最坏"，来自一个表示"弄乱"的词根，后来当作 bad 的比较级和最高级 |
改后：| bad 坏的，badly 坏地 | worse | worst | worse、worst 本来是“更坏”“最坏”，来自一个表示“弄乱”的词根，后来当作 bad 的比较级和最高级 |

## parts/11-adj-adv.md:70
原文：| many 许多（可数），much 许多（不可数） | more | most | more、most 本来就是"大"的比较级和最高级，"更大"引申为"更多" |
改后：| many 许多（可数），much 许多（不可数） | more | most | more、most 本来就是“大”的比较级和最高级，“更大”引申为“更多” |

## parts/11-adj-adv.md:71
原文：| little 少量的（不可数） | less | least | less 来自一个表示"小"的词根加比较级后缀，和 little 本来没有关系，后来当作 little 的比较级 |
改后：| little 少量的（不可数） | less | least | less 来自一个表示“小”的词根加比较级后缀，和 little 本来没有关系，后来当作 little 的比较级 |

## parts/11-adj-adv.md:72
原文：| far 远的 | farther 或 further | farthest 或 furthest | further 本义是"更往前"。farther 是它的变体。词源词典说，"farther 说距离、further 说程度"这种分法没有历史依据，两个都能说距离；further 还能表示"更多的、进一步的" |
改后：| far 远的 | farther 或 further | farthest 或 furthest | further 本义是“更往前”。farther 是它的变体。词源词典说，"farther 说距离、further 说程度"这种分法没有历史依据，两个都能说距离；further 还能表示“更多的、进一步的” |

## parts/11-adj-adv.md:78
原文：| as + 原级 + as | as 本来是 all so 的缩写，意思是"完全这样"。as big as 就是"完全这么大，就像……那样"，所以是"和……一样" | This apple is **as big as** that one. 这个苹果和那个一样大。 |
改后：| as + 原级 + as | as 本来是 all so 的缩写，意思是“完全这样”。as big as 就是“完全这么大，就像……那样”，所以是“和……一样” | This apple is **as big as** that one. 这个苹果和那个一样大。 |

## parts/11-adj-adv.md:79
原文：| not as + 原级 + as | 否定"完全一样"，就是"没有……那样" | This apple is **not as sweet as** that one. 这个苹果不如那个甜。 |
改后：| not as + 原级 + as | 否定“完全一样”，就是“没有……那样” | This apple is **not as sweet as** that one. 这个苹果不如那个甜。 |

## parts/11-adj-adv.md:80
原文：| 比较级 + than | than 本来就是 then"然后"，后来拼写才分开。A is bigger than B 最初的意思是"A 更大，然后才是 B" | This red apple is **sweeter than** that green one. 这个红苹果比那个青苹果甜。 |
改后：| 比较级 + than | than 本来就是 then“然后”，后来拼写才分开。A is bigger than B 最初的意思是"A 更大，然后才是 B" | This red apple is **sweeter than** that green one. 这个红苹果比那个青苹果甜。 |

## parts/11-adj-adv.md:81
原文：| the + 最高级 + in 或 of | the 是"那个"，最高级只有一个，所以说"那个最……的"。in 是"在……里面"，说的是范围；of 本义是"离开、从……出来"，说的是"从一群当中挑出来" | This is **the biggest** apple in the basket. 这是篮子里最大的苹果。<br/>This apple is **the sweetest of** the three. 这个苹果是三个里面最甜的。 |
改后：| the + 最高级 + in 或 of | the 是“那个”，最高级只有一个，所以说“那个最……的”。in 是“在……里面”，说的是范围；of 本义是“离开、从……出来”，说的是“从一群当中挑出来” | This is **the biggest** apple in the basket. 这是篮子里最大的苹果。<br/>This apple is **the sweetest of** the three. 这个苹果是三个里面最甜的。 |

## parts/11-adj-adv.md:82
原文：| one of the + 最高级 + 复数名词 | of 是"从……出来"，one of 就是"从一群里取出一个"，所以后面必须是一群，名词用复数 | It's **one of the best** apples on the farm. 这是农场里最好的苹果之一。 |
改后：| one of the + 最高级 + 复数名词 | of 是“从……出来”，one of 就是“从一群里取出一个”，所以后面必须是一群，名词用复数 | It's **one of the best** apples on the farm. 这是农场里最好的苹果之一。 |

## parts/11-adj-adv.md:84
原文：**比较级前面怎么加强：** 比较级说的是两者之间差了多少。要说"差得多"，英语用表示"量大"或"距离远"的词：
改后：**比较级前面怎么加强：** 比较级说的是两者之间差了多少。要说“差得多”，英语用表示“量大”或“距离远”的词：

## parts/11-adj-adv.md:86
原文：- **much** 本义就是"量大"，much bigger 是"大出很多"。
改后：- **much** 本义就是“量大”，much bigger 是“大出很多”。

## parts/11-adj-adv.md:87
原文：- **far** 本义是"远"，词典在 far 的"数量"义项下给了 far better，差距"远"就是差得多。
改后：- **far** 本义是“远”，词典在 far 的“数量”义项下给了 far better，差距“远”就是差得多。

## parts/11-adj-adv.md:88
原文：- **a lot** 也是"很多"。
改后：- **a lot** 也是“很多”。

## parts/11-adj-adv.md:93
原文：**very 为什么不修饰比较级：** very 本义是"真正的"，后来引申为"非常"。词典说 very 用在原级形容词和副词前面，说它"程度很高"；比较级前面，英语用 much、very much、a lot，不用 very。very 还保留"真正的、正是"的意思，可以放在最高级前面加强语气：my **very best** apple 我真正最好的苹果。
改后：**very 为什么不修饰比较级：** very 本义是“真正的”，后来引申为“非常”。词典说 very 用在原级形容词和副词前面，说它“程度很高”；比较级前面，英语用 much、very much、a lot，不用 very。very 还保留“真正的、正是”的意思，可以放在最高级前面加强语气：my **very best** apple 我真正最好的苹果。

## parts/11-adj-adv.md:98
原文：用法依据：[剑桥英汉词典: big](https://dictionary.cambridge.org/zhs/%E8%AF%8D%E5%85%B8/%E8%8B%B1%E8%AF%AD/big)、[beautiful](https://dictionary.cambridge.org/zhs/%E8%AF%8D%E5%85%B8/%E8%8B%B1%E8%AF%AD/beautiful)、[happy](https://dictionary.cambridge.org/zhs/%E8%AF%8D%E5%85%B8/%E8%8B%B1%E8%AF%AD/happy)、[good](https://dictionary.cambridge.org/zhs/%E8%AF%8D%E5%85%B8/%E8%8B%B1%E8%AF%AD/good)、[bad](https://dictionary.cambridge.org/zhs/%E8%AF%8D%E5%85%B8/%E8%8B%B1%E8%AF%AD/bad)、[little](https://dictionary.cambridge.org/zhs/%E8%AF%8D%E5%85%B8/%E8%8B%B1%E8%AF%AD/little)、[far](https://dictionary.cambridge.org/zhs/%E8%AF%8D%E5%85%B8/%E8%8B%B1%E8%AF%AD/far)、[more](https://dictionary.cambridge.org/zhs/%E8%AF%8D%E5%85%B8/%E8%8B%B1%E8%AF%AD/more)、[most](https://dictionary.cambridge.org/zhs/%E8%AF%8D%E5%85%B8/%E8%8B%B1%E8%AF%AD/most)、[than](https://dictionary.cambridge.org/zhs/%E8%AF%8D%E5%85%B8/%E8%8B%B1%E8%AF%AD/than)、[as](https://dictionary.cambridge.org/zhs/%E8%AF%8D%E5%85%B8/%E8%8B%B1%E8%AF%AD/as)、[much](https://dictionary.cambridge.org/zhs/%E8%AF%8D%E5%85%B8/%E8%8B%B1%E8%AF%AD/much)、[very](https://dictionary.cambridge.org/zhs/%E8%AF%8D%E5%85%B8/%E8%8B%B1%E8%AF%AD/very)；[牛津学习词典: sweet](https://www.oxfordlearnersdictionaries.com/definition/english/sweet_1)、[big](https://www.oxfordlearnersdictionaries.com/definition/english/big_1)、[happy](https://www.oxfordlearnersdictionaries.com/definition/english/happy_1)、[beautiful](https://www.oxfordlearnersdictionaries.com/definition/english/beautiful_1)、[very](https://www.oxfordlearnersdictionaries.com/definition/english/very_1)。
改后：用法依据：[剑桥英汉词典：big](https://dictionary.cambridge.org/zhs/%E8%AF%8D%E5%85%B8/%E8%8B%B1%E8%AF%AD/big)、[beautiful](https://dictionary.cambridge.org/zhs/%E8%AF%8D%E5%85%B8/%E8%8B%B1%E8%AF%AD/beautiful)、[happy](https://dictionary.cambridge.org/zhs/%E8%AF%8D%E5%85%B8/%E8%8B%B1%E8%AF%AD/happy)、[good](https://dictionary.cambridge.org/zhs/%E8%AF%8D%E5%85%B8/%E8%8B%B1%E8%AF%AD/good)、[bad](https://dictionary.cambridge.org/zhs/%E8%AF%8D%E5%85%B8/%E8%8B%B1%E8%AF%AD/bad)、[little](https://dictionary.cambridge.org/zhs/%E8%AF%8D%E5%85%B8/%E8%8B%B1%E8%AF%AD/little)、[far](https://dictionary.cambridge.org/zhs/%E8%AF%8D%E5%85%B8/%E8%8B%B1%E8%AF%AD/far)、[more](https://dictionary.cambridge.org/zhs/%E8%AF%8D%E5%85%B8/%E8%8B%B1%E8%AF%AD/more)、[most](https://dictionary.cambridge.org/zhs/%E8%AF%8D%E5%85%B8/%E8%8B%B1%E8%AF%AD/most)、[than](https://dictionary.cambridge.org/zhs/%E8%AF%8D%E5%85%B8/%E8%8B%B1%E8%AF%AD/than)、[as](https://dictionary.cambridge.org/zhs/%E8%AF%8D%E5%85%B8/%E8%8B%B1%E8%AF%AD/as)、[much](https://dictionary.cambridge.org/zhs/%E8%AF%8D%E5%85%B8/%E8%8B%B1%E8%AF%AD/much)、[very](https://dictionary.cambridge.org/zhs/%E8%AF%8D%E5%85%B8/%E8%8B%B1%E8%AF%AD/very)；[牛津学习词典：sweet](https://www.oxfordlearnersdictionaries.com/definition/english/sweet_1)、[big](https://www.oxfordlearnersdictionaries.com/definition/english/big_1)、[happy](https://www.oxfordlearnersdictionaries.com/definition/english/happy_1)、[beautiful](https://www.oxfordlearnersdictionaries.com/definition/english/beautiful_1)、[very](https://www.oxfordlearnersdictionaries.com/definition/english/very_1)。

## parts/11-adj-adv.md:104
原文：**第一步，看动词。** interest、excite、bore 作动词，都是"让别人产生某种感受"：
改后：**第一步，看动词。** interest、excite、bore 作动词，都是“让别人产生某种感受”：

## parts/11-adj-adv.md:106
原文：- **interest** 可以拆成 inter-（在……之间）+ 表示"是、存在"的词根，本义"在中间"，也就是"和……有关、有关系"。作动词是"引起（某人）的注意"。
改后：- **interest** 可以拆成 inter-（在……之间）+ 表示“是、存在”的词根，本义“在中间”，也就是“和……有关、有关系”。作动词是“引起（某人）的注意”。

## parts/11-adj-adv.md:107
原文：- **excite** 可以拆成 ex-（向外）+ 表示"使动起来"的词根，本义"唤起、搅动"。作动词是"让人激动"。
改后：- **excite** 可以拆成 ex-（向外）+ 表示“使动起来”的词根，本义“唤起、搅动”。作动词是“让人激动”。

## parts/11-adj-adv.md:108
原文：- **bore** 作动词是"让人厌烦"。
改后：- **bore** 作动词是“让人厌烦”。

## parts/11-adj-adv.md:112
原文：- **-ed** 是过去分词后缀，表示动词的动作"已经完成在某人身上"。interested 就是"注意力已经被引起了的"，说的是被影响的那个人。
改后：- **-ed** 是过去分词后缀，表示动词的动作“已经完成在某人身上”。interested 就是“注意力已经被引起了的”，说的是被影响的那个人。

## parts/11-adj-adv.md:113
原文：- **-ing** 是现在分词后缀，表示"正在做这个动作"。interesting 就是"正在引起别人注意的"，说的是发出影响的那个人或事。
改后：- **-ing** 是现在分词后缀，表示“正在做这个动作”。interesting 就是“正在引起别人注意的”，说的是发出影响的那个人或事。

## parts/11-adj-adv.md:119
原文：| **interested** 感兴趣的 | **interesting** 有趣的 | in 是"在……里面"。词典解释 interested 是"把注意力放在某事上"，注意力在那件事里面，所以说 interested in | I'm **interested in** growing apples. 我对种苹果感兴趣。<br/>This book about apples is **interesting**. 这本讲苹果的书很有趣。 |
改后：| **interested** 感兴趣的 | **interesting** 有趣的 | in 是“在……里面”。词典解释 interested 是“把注意力放在某事上”，注意力在那件事里面，所以说 interested in | I'm **interested in** growing apples. 我对种苹果感兴趣。<br/>This book about apples is **interesting**. 这本讲苹果的书很有趣。 |

## parts/11-adj-adv.md:120
原文：| **excited** 兴奋的 | **exciting** 令人兴奋的 | about 本义是"在……周围"，引申为"关于"。心里激动，围绕的是那件事，所以常说 excited about | The children were **excited about** picking apples. 孩子们对摘苹果很兴奋。<br/>Picking apples is **exciting**. 摘苹果很让人兴奋。 |
改后：| **excited** 兴奋的 | **exciting** 令人兴奋的 | about 本义是“在……周围”，引申为“关于”。心里激动，围绕的是那件事，所以常说 excited about | The children were **excited about** picking apples. 孩子们对摘苹果很兴奋。<br/>Picking apples is **exciting**. 摘苹果很让人兴奋。 |

## parts/11-adj-adv.md:121
原文：| **bored** 厌倦的 | **boring** 无聊的 | with 在现代英语里表示"和……在一起、和……有关联"，bored with 就是"对和自己相关的那件事感到厌烦"。牛津词典的标注是 bored (with somebody/something)，也收了 bored of | I got **bored with** eating apples every day. 我每天吃苹果，吃腻了。<br/>Eating the same apple every day is **boring**. 每天吃一样的苹果很无聊。 |
改后：| **bored** 厌倦的 | **boring** 无聊的 | with 在现代英语里表示“和……在一起、和……有关联”，bored with 就是“对和自己相关的那件事感到厌烦”。牛津词典的标注是 bored (with somebody/something)，也收了 bored of | I got **bored with** eating apples every day. 我每天吃苹果，吃腻了。<br/>Eating the same apple every day is **boring**. 每天吃一样的苹果很无聊。 |

## parts/11-adj-adv.md:123
原文：因为 -ed 本来是过去分词，它也能接 by，说明"被什么引起"：The children were **excited by** the big apples. 孩子们被那些大苹果弄得很兴奋。
改后：因为 -ed 本来是过去分词，它也能接 by，说明“被什么引起”：The children were **excited by** the big apples. 孩子们被那些大苹果弄得很兴奋。

## parts/11-adj-adv.md:125
原文：**中考易错点：** -ing 形容词也能说人。He's a **boring** man 意思是"他是个让人觉得无聊的人"，不是"他感到无聊"。判断时问一句：这个人是在"受影响"，还是在"影响别人"？受影响用 -ed，影响别人用 -ing。
改后：**中考易错点：** -ing 形容词也能说人。He's a **boring** man 意思是“他是个让人觉得无聊的人”，不是“他感到无聊”。判断时问一句：这个人是在“受影响”，还是在“影响别人”？受影响用 -ed，影响别人用 -ing。

## parts/11-adj-adv.md:128
原文：用法依据：[剑桥英汉词典: interested](https://dictionary.cambridge.org/zhs/%E8%AF%8D%E5%85%B8/%E8%8B%B1%E8%AF%AD/interested)、[interesting](https://dictionary.cambridge.org/zhs/%E8%AF%8D%E5%85%B8/%E8%8B%B1%E8%AF%AD/interesting)、[excited](https://dictionary.cambridge.org/zhs/%E8%AF%8D%E5%85%B8/%E8%8B%B1%E8%AF%AD/excited)、[exciting](https://dictionary.cambridge.org/zhs/%E8%AF%8D%E5%85%B8/%E8%8B%B1%E8%AF%AD/exciting)、[bored](https://dictionary.cambridge.org/zhs/%E8%AF%8D%E5%85%B8/%E8%8B%B1%E8%AF%AD/bored)、[boring](https://dictionary.cambridge.org/zhs/%E8%AF%8D%E5%85%B8/%E8%8B%B1%E8%AF%AD/boring)；[牛津学习词典: interested](https://www.oxfordlearnersdictionaries.com/definition/english/interested_1)、[excited](https://www.oxfordlearnersdictionaries.com/definition/english/excited_1)、[bored](https://www.oxfordlearnersdictionaries.com/definition/english/bored_1)。
改后：用法依据：[剑桥英汉词典：interested](https://dictionary.cambridge.org/zhs/%E8%AF%8D%E5%85%B8/%E8%8B%B1%E8%AF%AD/interested)、[interesting](https://dictionary.cambridge.org/zhs/%E8%AF%8D%E5%85%B8/%E8%8B%B1%E8%AF%AD/interesting)、[excited](https://dictionary.cambridge.org/zhs/%E8%AF%8D%E5%85%B8/%E8%8B%B1%E8%AF%AD/excited)、[exciting](https://dictionary.cambridge.org/zhs/%E8%AF%8D%E5%85%B8/%E8%8B%B1%E8%AF%AD/exciting)、[bored](https://dictionary.cambridge.org/zhs/%E8%AF%8D%E5%85%B8/%E8%8B%B1%E8%AF%AD/bored)、[boring](https://dictionary.cambridge.org/zhs/%E8%AF%8D%E5%85%B8/%E8%8B%B1%E8%AF%AD/boring)；[牛津学习词典：interested](https://www.oxfordlearnersdictionaries.com/definition/english/interested_1)、[excited](https://www.oxfordlearnersdictionaries.com/definition/english/excited_1)、[bored](https://www.oxfordlearnersdictionaries.com/definition/english/bored_1)。

## parts/11-adj-adv.md:136
原文：| 时间副词 | 什么时候 | **already** = all ready"完全准备好了"，引申为"到这时已经……" | I have **already** eaten the apple. 我已经把苹果吃了。 |
改后：| 时间副词 | 什么时候 | **already** = all ready“完全准备好了”，引申为“到这时已经……” | I have **already** eaten the apple. 我已经把苹果吃了。 |

## parts/11-adj-adv.md:137
原文：| 地点副词 | 在哪里 | here、there；**home** 从很早起就既是名词又是副词，副词的意思就是"到家、在家" | Put the apples **here**. 把苹果放在这儿。<br/>Let's take the apples **home**. 我们把苹果带回家吧。 |
改后：| 地点副词 | 在哪里 | here、there；**home** 从很早起就既是名词又是副词，副词的意思就是“到家、在家” | Put the apples **here**. 把苹果放在这儿。<br/>Let's take the apples **home**. 我们把苹果带回家吧。 |

## parts/11-adj-adv.md:138
原文：| 方式副词 | 怎样做 | **carefully** = care（小心）+ -ful（充满）+ -ly（以……的方式），"以充满小心的方式" | Wash the apples **carefully**. 仔细洗苹果。 |
改后：| 方式副词 | 怎样做 | **carefully** = care（小心）+ -ful（充满）+ -ly（以……的方式），“以充满小心的方式” | Wash the apples **carefully**. 仔细洗苹果。 |

## parts/11-adj-adv.md:139
原文：| 程度副词 | 到什么程度 | **too** 本来就是 to 重读时的写法。to 作副词时的意思大多没有留下来，只剩"另外、加上"和"多于够用"两个，too 的"也"和"太"就是这两个意思 | This apple is **too** sour. 这个苹果太酸了。（酸得超过了能接受的限度） |
改后：| 程度副词 | 到什么程度 | **too** 本来就是 to 重读时的写法。to 作副词时的意思大多没有留下来，只剩“另外、加上”和“多于够用”两个，too 的“也”和“太”就是这两个意思 | This apple is **too** sour. 这个苹果太酸了。（酸得超过了能接受的限度） |

## parts/11-adj-adv.md:140
原文：| 频度副词 | 多久一次 | **always** = all + way"一路上都"，引申为"一直、每次"；**sometimes** = some + time"有些时候"；**often** 是更早的 oft 加长后的形式，意思就是"一次又一次、很多次" | I **always** eat an apple after lunch. 我总是午饭后吃一个苹果。 |
改后：| 频度副词 | 多久一次 | **always** = all + way“一路上都”，引申为“一直、每次”；**sometimes** = some + time“有些时候”；**often** 是更早的 oft 加长后的形式，意思就是“一次又一次、很多次” | I **always** eat an apple after lunch. 我总是午饭后吃一个苹果。 |

## parts/11-adj-adv.md:142
原文：**中考易错点：** home 在这里是副词，本身就含着"到家"的意思，前面不加 to。词典例句都是 go home、come home、take someone home，中间没有 to。
改后：**中考易错点：** home 在这里是副词，本身就含着“到家”的意思，前面不加 to。词典例句都是 go home、come home、take someone home，中间没有 to。

## parts/11-adj-adv.md:145
原文：用法依据：[剑桥英汉词典: already](https://dictionary.cambridge.org/zhs/%E8%AF%8D%E5%85%B8/%E8%8B%B1%E8%AF%AD/already)、[home](https://dictionary.cambridge.org/zhs/%E8%AF%8D%E5%85%B8/%E8%8B%B1%E8%AF%AD/home)、[carefully](https://dictionary.cambridge.org/zhs/%E8%AF%8D%E5%85%B8/%E8%8B%B1%E8%AF%AD/carefully)、[too](https://dictionary.cambridge.org/zhs/%E8%AF%8D%E5%85%B8/%E8%8B%B1%E8%AF%AD/too)、[always](https://dictionary.cambridge.org/zhs/%E8%AF%8D%E5%85%B8/%E8%8B%B1%E8%AF%AD/always)；[牛津学习词典: too](https://www.oxfordlearnersdictionaries.com/definition/english/too_1)。
改后：用法依据：[剑桥英汉词典：already](https://dictionary.cambridge.org/zhs/%E8%AF%8D%E5%85%B8/%E8%8B%B1%E8%AF%AD/already)、[home](https://dictionary.cambridge.org/zhs/%E8%AF%8D%E5%85%B8/%E8%8B%B1%E8%AF%AD/home)、[carefully](https://dictionary.cambridge.org/zhs/%E8%AF%8D%E5%85%B8/%E8%8B%B1%E8%AF%AD/carefully)、[too](https://dictionary.cambridge.org/zhs/%E8%AF%8D%E5%85%B8/%E8%8B%B1%E8%AF%AD/too)、[always](https://dictionary.cambridge.org/zhs/%E8%AF%8D%E5%85%B8/%E8%8B%B1%E8%AF%AD/always)；[牛津学习词典：too](https://www.oxfordlearnersdictionaries.com/definition/english/too_1)。

## parts/11-adj-adv.md:149
原文：**-ly 本来就是 like"像……的样子"。** 它来自一个表示"形状、身体"的词，和 like 是同一个来源。这个意思接在不同的词后面，产生两种结果：
改后：**-ly 本来就是 like“像……的样子”。** 它来自一个表示“形状、身体”的词，和 like 是同一个来源。这个意思接在不同的词后面，产生两种结果：

## parts/11-adj-adv.md:153
原文：| 名词后面 | "像（某种人或东西）的样子"，说的是名词有什么特点 | 形容词 | friend → **friendly**"像朋友的样子"→ 友好的<br/>love → **lovely** 可爱的 |
改后：| 名词后面 | “像（某种人或东西）的样子”，说的是名词有什么特点 | 形容词 | friend → **friendly**“像朋友的样子”→ 友好的<br/>love → **lovely** 可爱的 |

## parts/11-adj-adv.md:154
原文：| 形容词后面 | "以（这种样子）的方式"，说的是动作怎么做 | 副词 | quick → **quickly**"以快的样子"→ 很快地<br/>careful → **carefully** 仔细地 |
改后：| 形容词后面 | “以（这种样子）的方式”，说的是动作怎么做 | 副词 | quick → **quickly**“以快的样子”→ 很快地<br/>careful → **carefully** 仔细地 |

## parts/11-adj-adv.md:165
原文：**good 的副词是 well：不是变出来的，是另一个词。** well 本义是"令人满意地、顺利地"，一直是个独立的副词，后来被当作 good 的副词来用。所以 good → well 不是拼写变化，而是两个词分工。
改后：**good 的副词是 well：不是变出来的，是另一个词。** well 本义是“令人满意地、顺利地”，一直是个独立的副词，后来被当作 good 的副词来用。所以 good → well 不是拼写变化，而是两个词分工。

## parts/11-adj-adv.md:172
原文：**中考易错点：** 以 -ly 结尾的不一定是副词。从上面的本义就能判断：名词加 -ly 是形容词。friendly 是 friend 加 -ly，lovely 是 love 加 -ly，所以都是形容词。They are **friendly** to us. 他们对我们很友好。这里 friendly 是形容词。要说"友好地"怎么办？词源词典说 friendlily 这个形式很别扭，一直没流行开。英语的习惯是让 friendly 仍然作形容词，去修饰一个名词：He gave me a **friendly** smile. 他友好地对我笑了笑。（字面是"他给了我一个友好的微笑"）
改后：**中考易错点：** 以 -ly 结尾的不一定是副词。从上面的本义就能判断：名词加 -ly 是形容词。friendly 是 friend 加 -ly，lovely 是 love 加 -ly，所以都是形容词。They are **friendly** to us. 他们对我们很友好。这里 friendly 是形容词。要说“友好地”怎么办？词源词典说 friendlily 这个形式很别扭，一直没流行开。英语的习惯是让 friendly 仍然作形容词，去修饰一个名词：He gave me a **friendly** smile. 他友好地对我笑了笑。（字面是“他给了我一个友好的微笑”）

## parts/11-adj-adv.md:175
原文：用法依据：[剑桥英汉词典: -ly](https://dictionary.cambridge.org/zhs/%E8%AF%8D%E5%85%B8/%E8%8B%B1%E8%AF%AD/ly)、[quickly](https://dictionary.cambridge.org/zhs/%E8%AF%8D%E5%85%B8/%E8%8B%B1%E8%AF%AD/quickly)、[happy](https://dictionary.cambridge.org/zhs/%E8%AF%8D%E5%85%B8/%E8%8B%B1%E8%AF%AD/happy)、[gently](https://dictionary.cambridge.org/zhs/%E8%AF%8D%E5%85%B8/%E8%8B%B1%E8%AF%AD/gently)、[truly](https://dictionary.cambridge.org/zhs/%E8%AF%8D%E5%85%B8/%E8%8B%B1%E8%AF%AD/truly)、[well](https://dictionary.cambridge.org/zhs/%E8%AF%8D%E5%85%B8/%E8%8B%B1%E8%AF%AD/well)、[friendly](https://dictionary.cambridge.org/zhs/%E8%AF%8D%E5%85%B8/%E8%8B%B1%E8%AF%AD/friendly)；[牛津学习词典: friendly](https://www.oxfordlearnersdictionaries.com/definition/english/friendly_1)、[well](https://www.oxfordlearnersdictionaries.com/definition/english/well_1)。
改后：用法依据：[剑桥英汉词典： -ly](https://dictionary.cambridge.org/zhs/%E8%AF%8D%E5%85%B8/%E8%8B%B1%E8%AF%AD/ly)、[quickly](https://dictionary.cambridge.org/zhs/%E8%AF%8D%E5%85%B8/%E8%8B%B1%E8%AF%AD/quickly)、[happy](https://dictionary.cambridge.org/zhs/%E8%AF%8D%E5%85%B8/%E8%8B%B1%E8%AF%AD/happy)、[gently](https://dictionary.cambridge.org/zhs/%E8%AF%8D%E5%85%B8/%E8%8B%B1%E8%AF%AD/gently)、[truly](https://dictionary.cambridge.org/zhs/%E8%AF%8D%E5%85%B8/%E8%8B%B1%E8%AF%AD/truly)、[well](https://dictionary.cambridge.org/zhs/%E8%AF%8D%E5%85%B8/%E8%8B%B1%E8%AF%AD/well)、[friendly](https://dictionary.cambridge.org/zhs/%E8%AF%8D%E5%85%B8/%E8%8B%B1%E8%AF%AD/friendly)；[牛津学习词典：friendly](https://www.oxfordlearnersdictionaries.com/definition/english/friendly_1)、[well](https://www.oxfordlearnersdictionaries.com/definition/english/well_1)。

## parts/11-adj-adv.md:183
原文：| 方式副词 | 动词后面；动词有宾语时，放在宾语后面 | 方式副词说的是整个动作怎么做，先把"做什么"说完整，再补充"怎么做" | Please listen **carefully**. 请仔细听。<br/>She put the apple down **carefully**. 她小心地把苹果放下。 |
改后：| 方式副词 | 动词后面；动词有宾语时，放在宾语后面 | 方式副词说的是整个动作怎么做，先把“做什么”说完整，再补充“怎么做” | Please listen **carefully**. 请仔细听。<br/>She put the apple down **carefully**. 她小心地把苹果放下。 |

## parts/11-adj-adv.md:184
原文：| 频度副词 | 实义动词前面 | 频度副词和 not 站在同一个位置。never 本来就是 not + ever"从来不"，最能看出这一点：I don't eat（我不吃）和 I never eat（我从来不吃）位置相同；always、often、usually 也放在这里 | I **often** eat apples for breakfast. 我早饭常吃苹果。 |
改后：| 频度副词 | 实义动词前面 | 频度副词和 not 站在同一个位置。never 本来就是 not + ever“从来不”，最能看出这一点：I don't eat（我不吃）和 I never eat（我从来不吃）位置相同；always、often、usually 也放在这里 | I **often** eat apples for breakfast. 我早饭常吃苹果。 |

## parts/11-adj-adv.md:187
原文：| | sometimes 还可以放在句首 | sometimes 本来是 some + time"有些时候"，是一个说时间的词，时间可以放在句首先交代 | **Sometimes** I eat two apples a day. 有时候我一天吃两个苹果。 |
改后：| | sometimes 还可以放在句首 | sometimes 本来是 some + time“有些时候”，是一个说时间的词，时间可以放在句首先交代 | **Sometimes** I eat two apples a day. 有时候我一天吃两个苹果。 |

## parts/11-adj-adv.md:188
原文：| 程度副词 | 形容词或副词前面 | very、too 先说"到什么程度"，再说是什么性质 | This apple is **very** sweet. 这个苹果很甜。 |
改后：| 程度副词 | 形容词或副词前面 | very、too 先说“到什么程度”，再说是什么性质 | This apple is **very** sweet. 这个苹果很甜。 |

## parts/11-adj-adv.md:189
原文：| | enough 放在形容词或副词后面 | enough 本义是"够得着、达到"，作副词是"达到需要的程度"。先说是什么性质，再判断这个性质够不够 | This apple isn't big **enough**. 这个苹果不够大。 |
改后：| | enough 放在形容词或副词后面 | enough 本义是“够得着、达到”，作副词是“达到需要的程度”。先说是什么性质，再判断这个性质够不够 | This apple isn't big **enough**. 这个苹果不够大。 |

## parts/11-adj-adv.md:191
原文：**中考易错点：** enough 修饰形容词要放在后面，说 big enough，不说 enough big。enough 修饰名词时是"足够数量的"，和 some、many 一样放在名词前面：We have **enough** apples. 我们的苹果够了。
改后：**中考易错点：** enough 修饰形容词要放在后面，说 big enough，不说 enough big。enough 修饰名词时是“足够数量的”，和 some、many 一样放在名词前面：We have **enough** apples. 我们的苹果够了。

## parts/11-adj-adv.md:194
原文：用法依据：[剑桥英汉词典: often](https://dictionary.cambridge.org/zhs/%E8%AF%8D%E5%85%B8/%E8%8B%B1%E8%AF%AD/often)、[always](https://dictionary.cambridge.org/zhs/%E8%AF%8D%E5%85%B8/%E8%8B%B1%E8%AF%AD/always)、[sometimes](https://dictionary.cambridge.org/zhs/%E8%AF%8D%E5%85%B8/%E8%8B%B1%E8%AF%AD/sometimes)、[very](https://dictionary.cambridge.org/zhs/%E8%AF%8D%E5%85%B8/%E8%8B%B1%E8%AF%AD/very)、[enough](https://dictionary.cambridge.org/zhs/%E8%AF%8D%E5%85%B8/%E8%8B%B1%E8%AF%AD/enough)、[carefully](https://dictionary.cambridge.org/zhs/%E8%AF%8D%E5%85%B8/%E8%8B%B1%E8%AF%AD/carefully)；[牛津学习词典: often](https://www.oxfordlearnersdictionaries.com/definition/english/often_1)、[always](https://www.oxfordlearnersdictionaries.com/definition/english/always_1)、[sometimes](https://www.oxfordlearnersdictionaries.com/definition/english/sometimes_1)、[very](https://www.oxfordlearnersdictionaries.com/definition/english/very_1)、[enough（副词）](https://www.oxfordlearnersdictionaries.com/definition/english/enough_3)、[enough（限定词）](https://www.oxfordlearnersdictionaries.com/definition/english/enough_1)。
改后：用法依据：[剑桥英汉词典：often](https://dictionary.cambridge.org/zhs/%E8%AF%8D%E5%85%B8/%E8%8B%B1%E8%AF%AD/often)、[always](https://dictionary.cambridge.org/zhs/%E8%AF%8D%E5%85%B8/%E8%8B%B1%E8%AF%AD/always)、[sometimes](https://dictionary.cambridge.org/zhs/%E8%AF%8D%E5%85%B8/%E8%8B%B1%E8%AF%AD/sometimes)、[very](https://dictionary.cambridge.org/zhs/%E8%AF%8D%E5%85%B8/%E8%8B%B1%E8%AF%AD/very)、[enough](https://dictionary.cambridge.org/zhs/%E8%AF%8D%E5%85%B8/%E8%8B%B1%E8%AF%AD/enough)、[carefully](https://dictionary.cambridge.org/zhs/%E8%AF%8D%E5%85%B8/%E8%8B%B1%E8%AF%AD/carefully)；[牛津学习词典：often](https://www.oxfordlearnersdictionaries.com/definition/english/often_1)、[always](https://www.oxfordlearnersdictionaries.com/definition/english/always_1)、[sometimes](https://www.oxfordlearnersdictionaries.com/definition/english/sometimes_1)、[very](https://www.oxfordlearnersdictionaries.com/definition/english/very_1)、[enough（副词）](https://www.oxfordlearnersdictionaries.com/definition/english/enough_3)、[enough（限定词）](https://www.oxfordlearnersdictionaries.com/definition/english/enough_1)。

## parts/11-adj-adv.md:205
原文：| early 早 | earlier | earliest | early 的 -ly 很早就长进了词里，early 是一个整体的词，按"以 -y 结尾的双音节词"加 -er、-est |
改后：| early 早 | earlier | earliest | early 的 -ly 很早就长进了词里，early 是一个整体的词，按“以 -y 结尾的双音节词”加 -er、-est |

## parts/11-adj-adv.md:207
原文：| well 好 | better | best | 借用 better、best，见上文"不规则变化" |
改后：| well 好 | better | best | 借用 better、best，见上文“不规则变化” |

## parts/11-adj-adv.md:214
原文：**最高级前面的 the：** 形容词最高级后面有名词，the 指出"那一个"：the biggest apple 那个最大的苹果。副词最高级修饰的是动作，词典例句里 the 有时加、有时不加，两种都对。
改后：**最高级前面的 the：** 形容词最高级后面有名词，the 指出“那一个”：the biggest apple 那个最大的苹果。副词最高级修饰的是动作，词典例句里 the 有时加、有时不加，两种都对。

## parts/11-adj-adv.md:216
原文：**中考易错点：** 副词最高级前面的 the 可以省略，上面的 (the) fastest 加不加 the 都对。well 的比较级是 better，不说 weller，因为 better 是借来的另一个词。
改后：**中考易错点：** 副词最高级前面的 the 可以省略，上面的（the）fastest 加不加 the 都对。well 的比较级是 better，不说 weller，因为 better 是借来的另一个词。

## parts/11-adj-adv.md:219
原文：用法依据：[剑桥英汉词典: hard](https://dictionary.cambridge.org/zhs/%E8%AF%8D%E5%85%B8/%E8%8B%B1%E8%AF%AD/hard)、[fast](https://dictionary.cambridge.org/zhs/%E8%AF%8D%E5%85%B8/%E8%8B%B1%E8%AF%AD/fast)、[early](https://dictionary.cambridge.org/zhs/%E8%AF%8D%E5%85%B8/%E8%8B%B1%E8%AF%AD/early)、[carefully](https://dictionary.cambridge.org/zhs/%E8%AF%8D%E5%85%B8/%E8%8B%B1%E8%AF%AD/carefully)、[more](https://dictionary.cambridge.org/zhs/%E8%AF%8D%E5%85%B8/%E8%8B%B1%E8%AF%AD/more)、[most](https://dictionary.cambridge.org/zhs/%E8%AF%8D%E5%85%B8/%E8%8B%B1%E8%AF%AD/most)、[bad](https://dictionary.cambridge.org/zhs/%E8%AF%8D%E5%85%B8/%E8%8B%B1%E8%AF%AD/bad)。
改后：用法依据：[剑桥英汉词典：hard](https://dictionary.cambridge.org/zhs/%E8%AF%8D%E5%85%B8/%E8%8B%B1%E8%AF%AD/hard)、[fast](https://dictionary.cambridge.org/zhs/%E8%AF%8D%E5%85%B8/%E8%8B%B1%E8%AF%AD/fast)、[early](https://dictionary.cambridge.org/zhs/%E8%AF%8D%E5%85%B8/%E8%8B%B1%E8%AF%AD/early)、[carefully](https://dictionary.cambridge.org/zhs/%E8%AF%8D%E5%85%B8/%E8%8B%B1%E8%AF%AD/carefully)、[more](https://dictionary.cambridge.org/zhs/%E8%AF%8D%E5%85%B8/%E8%8B%B1%E8%AF%AD/more)、[most](https://dictionary.cambridge.org/zhs/%E8%AF%8D%E5%85%B8/%E8%8B%B1%E8%AF%AD/most)、[bad](https://dictionary.cambridge.org/zhs/%E8%AF%8D%E5%85%B8/%E8%8B%B1%E8%AF%AD/bad)。

## parts/11-adj-adv.md:227
原文：| **hard** | 本义"坚硬的"，引申为"费力的、难的"<br/>This apple is too **hard**. 这个苹果太硬了。 | 费力地，努力地<br/>We worked **hard** on the apple farm. 我们在苹果园里干活很卖力。 | **hardly** 本来也是"费力地"。"费力才做到"引申为"不容易做到"，再引申为"勉强、几乎不"<br/>There are **hardly** any apples left. 几乎没剩下苹果了。 |
改后：| **hard** | 本义“坚硬的”，引申为“费力的、难的”<br/>This apple is too **hard**. 这个苹果太硬了。 | 费力地，努力地<br/>We worked **hard** on the apple farm. 我们在苹果园里干活很卖力。 | **hardly** 本来也是“费力地”。“费力才做到”引申为“不容易做到”，再引申为“勉强、几乎不”<br/>There are **hardly** any apples left. 几乎没剩下苹果了。 |

## parts/11-adj-adv.md:228
原文：| **late** | 本义"慢的"，引申为"比预期的时间晚的"<br/>I'm **late** for school. 我上学迟到了。 | 晚，迟<br/>I got up **late** this morning. 我今天早上起晚了。 | **lately** 本来是"慢慢地"。late 后来又有"离现在不远、最近的"意思（of late 就是"最近"），etymonline 说表示"最近"的 lately 大概是按这个新意思重新构成的<br/>Have you eaten any apples **lately**? 你最近吃过苹果吗？ |
改后：| **late** | 本义“慢的”，引申为“比预期的时间晚的”<br/>I'm **late** for school. 我上学迟到了。 | 晚，迟<br/>I got up **late** this morning. 我今天早上起晚了。 | **lately** 本来是“慢慢地”。late 后来又有“离现在不远、最近的”意思（of late 就是“最近”），etymonline 说表示“最近”的 lately 大概是按这个新意思重新构成的<br/>Have you eaten any apples **lately**? 你最近吃过苹果吗？ |

## parts/11-adj-adv.md:229
原文：| **fast** | 本义"牢固的"，后来才有"快的"<br/>He is a **fast** runner. 他跑得很快。 | 本义"牢牢地、用力地"，引申为"迅速地"<br/>Don't eat so **fast**! 别吃得那么快！ | fast 本身早就是副词，词典里没有 fastly |
改后：| **fast** | 本义“牢固的”，后来才有“快的”<br/>He is a **fast** runner. 他跑得很快。 | 本义“牢牢地、用力地”，引申为“迅速地”<br/>Don't eat so **fast**! 别吃得那么快！ | fast 本身早就是副词，词典里没有 fastly |

## parts/11-adj-adv.md:230
原文：| **early** | 早的<br/>the **early** morning 清晨 | 早<br/>We got up **early** to pick apples. 我们早早起床去摘苹果。 | early 本身已经带着 -ly（"早"+ -ly），不再加 -ly，词典里没有 earlily |
改后：| **early** | 早的<br/>the **early** morning 清晨 | 早<br/>We got up **early** to pick apples. 我们早早起床去摘苹果。 | early 本身已经带着 -ly（“早”+ -ly），不再加 -ly，词典里没有 earlily |

## parts/11-adj-adv.md:232
原文：- hardly 说的是"几乎做不到"，词典说它特别常放在 can、could 后面、实义动词前面：I can **hardly** believe it. 我简直不敢相信。
改后：- hardly 说的是“几乎做不到”，词典说它特别常放在 can、could 后面、实义动词前面：I can **hardly** believe it. 我简直不敢相信。

## parts/11-adj-adv.md:233
原文：- lately 说的是"从不久以前到现在这段时间"，所以常和现在完成时连用：I haven't eaten many apples **lately**. 我最近没吃多少苹果。
改后：- lately 说的是“从不久以前到现在这段时间”，所以常和现在完成时连用：I haven't eaten many apples **lately**. 我最近没吃多少苹果。

## parts/11-adj-adv.md:235
原文：**中考易错点：** "努力工作"是 work hard，不是 work hardly：hard 本身就是"费力地"，hardly 已经走到了"几乎不"。hardly 已经表示"几乎没有"，不再和 not 连用，不说 I can't hardly believe it。词源词典说早先曾有 not hardly 的说法，现代英语不再这样用。
改后：**中考易错点：** “努力工作”是 work hard，不是 work hardly：hard 本身就是“费力地”，hardly 已经走到了“几乎不”。hardly 已经表示“几乎没有”，不再和 not 连用，不说 I can't hardly believe it。词源词典说早先曾有 not hardly 的说法，现代英语不再这样用。

## parts/11-adj-adv.md:238
原文：用法依据：[剑桥英汉词典: hard](https://dictionary.cambridge.org/zhs/%E8%AF%8D%E5%85%B8/%E8%8B%B1%E8%AF%AD/hard)、[hardly](https://dictionary.cambridge.org/zhs/%E8%AF%8D%E5%85%B8/%E8%8B%B1%E8%AF%AD/hardly)、[late](https://dictionary.cambridge.org/zhs/%E8%AF%8D%E5%85%B8/%E8%8B%B1%E8%AF%AD/late)、[lately](https://dictionary.cambridge.org/zhs/%E8%AF%8D%E5%85%B8/%E8%8B%B1%E8%AF%AD/lately)、[fast](https://dictionary.cambridge.org/zhs/%E8%AF%8D%E5%85%B8/%E8%8B%B1%E8%AF%AD/fast)、[early](https://dictionary.cambridge.org/zhs/%E8%AF%8D%E5%85%B8/%E8%8B%B1%E8%AF%AD/early)；[牛津学习词典: hardly](https://www.oxfordlearnersdictionaries.com/definition/english/hardly_1)、[lately](https://www.oxfordlearnersdictionaries.com/definition/english/lately_1)。
改后：用法依据：[剑桥英汉词典：hard](https://dictionary.cambridge.org/zhs/%E8%AF%8D%E5%85%B8/%E8%8B%B1%E8%AF%AD/hard)、[hardly](https://dictionary.cambridge.org/zhs/%E8%AF%8D%E5%85%B8/%E8%8B%B1%E8%AF%AD/hardly)、[late](https://dictionary.cambridge.org/zhs/%E8%AF%8D%E5%85%B8/%E8%8B%B1%E8%AF%AD/late)、[lately](https://dictionary.cambridge.org/zhs/%E8%AF%8D%E5%85%B8/%E8%8B%B1%E8%AF%AD/lately)、[fast](https://dictionary.cambridge.org/zhs/%E8%AF%8D%E5%85%B8/%E8%8B%B1%E8%AF%AD/fast)、[early](https://dictionary.cambridge.org/zhs/%E8%AF%8D%E5%85%B8/%E8%8B%B1%E8%AF%AD/early)；[牛津学习词典：hardly](https://www.oxfordlearnersdictionaries.com/definition/english/hardly_1)、[lately](https://www.oxfordlearnersdictionaries.com/definition/english/lately_1)。

## parts/12-verb.md:9
原文：- **系动词**英文叫 linking verb，语法书里也叫 copula。copula 本来是"绳子、纽带"的意思。它的活儿就是把主语和后面说明主语的词拴在一起。
改后：- **系动词**英文叫 linking verb，语法书里也叫 copula。copula 本来是“绳子、纽带”的意思。它的活儿就是把主语和后面说明主语的词拴在一起。

## parts/12-verb.md:10
原文：- **助动词**英文叫 auxiliary verb。auxiliary 本来是"帮助的、辅助的"，后来才用到语法上，指"帮别的动词构成时态、语气的动词"。所以它自己不表示动作，只给主要动词帮忙。
改后：- **助动词**英文叫 auxiliary verb。auxiliary 本来是“帮助的、辅助的”，后来才用到语法上，指“帮别的动词构成时态、语气的动词”。所以它自己不表示动作，只给主要动词帮忙。

## parts/12-verb.md:11
原文：- **情态动词**英文叫 modal verb。modal 来自表示"分寸、方式"的词。情态动词不说做什么动作，而是说话人给这个动作定个分寸：能不能、可不可以、必须不必须、可能不可能。
改后：- **情态动词**英文叫 modal verb。modal 来自表示“分寸、方式”的词。情态动词不说做什么动作，而是说话人给这个动作定个分寸：能不能、可不可以、必须不必须、可能不可能。

## parts/12-verb.md:17
原文：| 系动词 | "纽带" → 把主语和表语拴在一起 | 不能，后面要跟表语 | be、look、taste、become、get | The apple **tastes** sweet. 这个苹果尝起来很甜。 |
改后：| 系动词 | “纽带” → 把主语和表语拴在一起 | 不能，后面要跟表语 | be、look、taste、become、get | The apple **tastes** sweet. 这个苹果尝起来很甜。 |

## parts/12-verb.md:18
原文：| 助动词 | "帮助" → 帮主要动词构成时态、被动、疑问和否定 | 不能，要和主要动词一起用 | be、do、have、will | I **have** already eaten the apple. 我已经把苹果吃了。 |
改后：| 助动词 | “帮助” → 帮主要动词构成时态、被动、疑问和否定 | 不能，要和主要动词一起用 | be、do、have、will | I **have** already eaten the apple. 我已经把苹果吃了。 |

## parts/12-verb.md:19
原文：| 情态动词 | "分寸、方式" → 给动作加上说话人的判断 | 不能，后面接动词原形 | can、may、must、should | You **should** wash the apple first. 你应该先洗苹果。 |
改后：| 情态动词 | “分寸、方式” → 给动作加上说话人的判断 | 不能，后面接动词原形 | can、may、must、should | You **should** wash the apple first. 你应该先洗苹果。 |

## parts/12-verb.md:21
原文：**中考易错点：** 情态动词和助动词 do 后面的动词用原形。原形的英文名叫 infinitive，本义是"不受限制的"，指不受人称和数限制的形式。一句话里，人称、数和时间已经由排在前面的 can、does、did 表示了，后面的动词就回到这个"不受限制"的形式。所以说 He can **eat** three apples（他能吃三个苹果），不说 He can eats。回答问题时，英语习惯只重复助动词或情态动词，把后面的动词省掉：Can you climb the apple tree? Yes, I **can**. 你会爬苹果树吗？会。
改后：**中考易错点：** 情态动词和助动词 do 后面的动词用原形。原形的英文名叫 infinitive，本义是“不受限制的”，指不受人称和数限制的形式。一句话里，人称、数和时间已经由排在前面的 can、does、did 表示了，后面的动词就回到这个“不受限制”的形式。所以说 He can **eat** three apples（他能吃三个苹果），不说 He can eats。回答问题时，英语习惯只重复助动词或情态动词，把后面的动词省掉：Can you climb the apple tree? Yes, I **can**. 你会爬苹果树吗？会。

## parts/12-verb.md:24
原文：用法依据：[剑桥英汉词典: linking verb](https://dictionary.cambridge.org/zhs/%E8%AF%8D%E5%85%B8/%E8%8B%B1%E8%AF%AD/linking-verb)、[auxiliary](https://dictionary.cambridge.org/zhs/%E8%AF%8D%E5%85%B8/%E8%8B%B1%E8%AF%AD/auxiliary)、[modal](https://dictionary.cambridge.org/zhs/%E8%AF%8D%E5%85%B8/%E8%8B%B1%E8%AF%AD/modal)、[infinitive](https://dictionary.cambridge.org/zhs/%E8%AF%8D%E5%85%B8/%E8%8B%B1%E8%AF%AD/infinitive)；[牛津学习词典: can（Grammar Point: modal verbs）](https://www.oxfordlearnersdictionaries.com/definition/english/can_1)、[do（auxiliary verb）](https://www.oxfordlearnersdictionaries.com/definition/english/do_2)。
改后：用法依据：[剑桥英汉词典：linking verb](https://dictionary.cambridge.org/zhs/%E8%AF%8D%E5%85%B8/%E8%8B%B1%E8%AF%AD/linking-verb)、[auxiliary](https://dictionary.cambridge.org/zhs/%E8%AF%8D%E5%85%B8/%E8%8B%B1%E8%AF%AD/auxiliary)、[modal](https://dictionary.cambridge.org/zhs/%E8%AF%8D%E5%85%B8/%E8%8B%B1%E8%AF%AD/modal)、[infinitive](https://dictionary.cambridge.org/zhs/%E8%AF%8D%E5%85%B8/%E8%8B%B1%E8%AF%AD/infinitive)；[牛津学习词典：can（Grammar Point: modal verbs）](https://www.oxfordlearnersdictionaries.com/definition/english/can_1)、[do（auxiliary verb）](https://www.oxfordlearnersdictionaries.com/definition/english/do_2)。

## parts/12-verb.md:28
原文：**实义动词有自己的意思，能单独当谓语。** 它后面要不要跟宾语，决定了句子是什么句型（见第三部分"五种基本句型"）。
改后：**实义动词有自己的意思，能单独当谓语。** 它后面要不要跟宾语，决定了句子是什么句型（见第三部分“五种基本句型”）。

## parts/12-verb.md:32
原文：transitive（及物）的本义是"越过去、传到另一个人身上"：trans- 是"越过"，中间的部分是"走"。及物动词的动作会"越过去"落到一个对象身上，所以后面直接跟宾语。intransitive 前面加了表示"不"的 in-，就是"不越过去"：动作停在主语自己身上，后面不跟宾语。词典用 [T] 和 [I] 标出这两种用法。
改后：transitive（及物）的本义是“越过去、传到另一个人身上”：trans- 是“越过”，中间的部分是“走”。及物动词的动作会“越过去”落到一个对象身上，所以后面直接跟宾语。intransitive 前面加了表示“不”的 in-，就是“不越过去”：动作停在主语自己身上，后面不跟宾语。词典用 [T] 和 [I] 标出这两种用法。

## parts/12-verb.md:36
原文：| 及物 | 动作越过去，落在对象上 | buy、wash、pick | Mom **washed** the apples. 妈妈把苹果洗了。（"洗"落在苹果上） |
改后：| 及物 | 动作越过去，落在对象上 | buy、wash、pick | Mom **washed** the apples. 妈妈把苹果洗了。（“洗”落在苹果上） |

## parts/12-verb.md:37
原文：| 不及物 | 动作停在主语身上 | fall、arrive、listen | The apple **fell** from the tree. 苹果从树上掉了下来。（"掉"是苹果自己的事） |
改后：| 不及物 | 动作停在主语身上 | fall、arrive、listen | The apple **fell** from the tree. 苹果从树上掉了下来。（“掉”是苹果自己的事） |

## parts/12-verb.md:40
原文：**中考易错点：** 不及物动词的动作本身不会"越过去"，要让它和一个对象发生关系，就得借一个介词搭桥，由介词自己的意思指明关系：
改后：**中考易错点：** 不及物动词的动作本身不会“越过去”，要让它和一个对象发生关系，就得借一个介词搭桥，由介词自己的意思指明关系：

## parts/12-verb.md:41
原文：- listen **to** the teacher：to 本义是"朝向"，声音朝着老师那边去听。
改后：- listen **to** the teacher：to 本义是“朝向”，声音朝着老师那边去听。

## parts/12-verb.md:42
原文：- arrive **at** the apple farm：at 本义是"在、靠近"一个点，到达的是这个地点。
改后：- arrive **at** the apple farm：at 本义是“在、靠近”一个点，到达的是这个地点。

## parts/12-verb.md:43
原文：- look **at** the apple：目光落在苹果这个点上。etymonline 记载，look 早期常跟 on，14 世纪才开始用 at，可见选哪个介词是英语在使用中定下来的，但它们都取"指向一个点"的意思。
改后：- look **at** the apple：目光落在苹果这个点上。etymonline 记载，look 早期常跟 on，14 世纪才开始用 at，可见选哪个介词是英语在使用中定下来的，但它们都取“指向一个点”的意思。

## parts/12-verb.md:48
原文：用法依据：[剑桥英汉词典: transitive](https://dictionary.cambridge.org/zhs/%E8%AF%8D%E5%85%B8/%E8%8B%B1%E8%AF%AD/transitive)、[intransitive](https://dictionary.cambridge.org/zhs/%E8%AF%8D%E5%85%B8/%E8%8B%B1%E8%AF%AD/intransitive)、[eat](https://dictionary.cambridge.org/zhs/%E8%AF%8D%E5%85%B8/%E8%8B%B1%E8%AF%AD/eat)、[fall](https://dictionary.cambridge.org/zhs/%E8%AF%8D%E5%85%B8/%E8%8B%B1%E8%AF%AD/fall)、[listen](https://dictionary.cambridge.org/zhs/%E8%AF%8D%E5%85%B8/%E8%8B%B1%E8%AF%AD/listen)、[arrive](https://dictionary.cambridge.org/zhs/%E8%AF%8D%E5%85%B8/%E8%8B%B1%E8%AF%AD/arrive)。
改后：用法依据：[剑桥英汉词典：transitive](https://dictionary.cambridge.org/zhs/%E8%AF%8D%E5%85%B8/%E8%8B%B1%E8%AF%AD/transitive)、[intransitive](https://dictionary.cambridge.org/zhs/%E8%AF%8D%E5%85%B8/%E8%8B%B1%E8%AF%AD/intransitive)、[eat](https://dictionary.cambridge.org/zhs/%E8%AF%8D%E5%85%B8/%E8%8B%B1%E8%AF%AD/eat)、[fall](https://dictionary.cambridge.org/zhs/%E8%AF%8D%E5%85%B8/%E8%8B%B1%E8%AF%AD/fall)、[listen](https://dictionary.cambridge.org/zhs/%E8%AF%8D%E5%85%B8/%E8%8B%B1%E8%AF%AD/listen)、[arrive](https://dictionary.cambridge.org/zhs/%E8%AF%8D%E5%85%B8/%E8%8B%B1%E8%AF%AD/arrive)。

## parts/12-verb.md:56
原文：| 原形 | eat | pick | infinitive："不受限制的"，不受人称和数限制 | 前面已经有词表示人称和时间的地方：情态动词和 do 后面、不定式 to eat；以及主语不是三单的一般现在时 |
改后：| 原形 | eat | pick | infinitive：“不受限制的”，不受人称和数限制 | 前面已经有词表示人称和时间的地方：情态动词和 do 后面、不定式 to eat；以及主语不是三单的一般现在时 |

## parts/12-verb.md:57
原文：| 第三人称单数 | eats | picks | -s 是英语专门给"第三人称单数、现在时"用的词尾 | 一般现在时，主语是 he、she、it 或单数名词 |
改后：| 第三人称单数 | eats | picks | -s 是英语专门给“第三人称单数、现在时”用的词尾 | 一般现在时，主语是 he、she、it 或单数名词 |

## parts/12-verb.md:59
原文：| 过去分词 | eaten | picked | -ed 这个词尾本来标志"动作已经完成"；participle 本义是"分享"，指它同时带有动词和形容词的性质 | 完成时（have eaten）、被动语态（was picked） |
改后：| 过去分词 | eaten | picked | -ed 这个词尾本来标志“动作已经完成”；participle 本义是“分享”，指它同时带有动词和形容词的性质 | 完成时（have eaten）、被动语态（was picked） |

## parts/12-verb.md:60
原文：| 现在分词（-ing 形式） | eating | picking | 英语本来有两个 -ing：一个把动词变成名词，表示"这个动作"；一个构成现在分词，当形容词用。后来两个拼写合并了 | 进行时（am eating）、动名词 |
改后：| 现在分词（-ing 形式） | eating | picking | 英语本来有两个 -ing：一个把动词变成名词，表示“这个动作”；一个构成现在分词，当形容词用。后来两个拼写合并了 | 进行时（am eating）、动名词 |

## parts/12-verb.md:65
原文：用法依据：[剑桥英汉词典: participle](https://dictionary.cambridge.org/zhs/%E8%AF%8D%E5%85%B8/%E8%8B%B1%E8%AF%AD/participle)、[gerund](https://dictionary.cambridge.org/zhs/%E8%AF%8D%E5%85%B8/%E8%8B%B1%E8%AF%AD/gerund)。
改后：用法依据：[剑桥英汉词典：participle](https://dictionary.cambridge.org/zhs/%E8%AF%8D%E5%85%B8/%E8%8B%B1%E8%AF%AD/participle)、[gerund](https://dictionary.cambridge.org/zhs/%E8%AF%8D%E5%85%B8/%E8%8B%B1%E8%AF%AD/gerund)。

## parts/12-verb.md:74
原文：| 以 s、sh、ch、x 结尾 | wash → washes | wash → washed | wash → washing | 这些词尾本身就是"嘶嘶"的音，再加一个 s 听不出来，所以加 -es，多读一个音节 /ɪz/。etymonline 讲所有格 's 时也提到，嘶音后面保留 -es 的读法 |
改后：| 以 s、sh、ch、x 结尾 | wash → washes | wash → washed | wash → washing | 这些词尾本身就是“嘶嘶”的音，再加一个 s 听不出来，所以加 -es，多读一个音节 /ɪz/。etymonline 讲所有格 's 时也提到，嘶音后面保留 -es 的读法 |

## parts/12-verb.md:85
原文：etymonline 的 weak 词条说明：规则动词在语法上叫"弱变化动词"，靠在词尾加一个音节变化；和它相对的"强变化动词"，靠改变词中间的元音变化。初中学到的不规则动词，很多就是这些改元音的老动词。弄清这一点，下面的分组就有迹可循了：
改后：etymonline 的 weak 词条说明：规则动词在语法上叫“弱变化动词”，靠在词尾加一个音节变化；和它相对的“强变化动词”，靠改变词中间的元音变化。初中学到的不规则动词，很多就是这些改元音的老动词。弄清这一点，下面的分组就有迹可循了：

## parts/12-verb.md:147
原文：**短语动词是"动词 + 副词或介词"。** 后面那个小词叫小品词，它没有丢掉自己的意思：up、away、off、on 在词典里作副词时各有一串义项，短语动词的意思就是动词加上其中一个义项。下表的"小品词义项"一列取自牛津学习词典的副词词条。
改后：**短语动词是“动词 + 副词或介词”。** 后面那个小词叫小品词，它没有丢掉自己的意思：up、away、off、on 在词典里作副词时各有一串义项，短语动词的意思就是动词加上其中一个义项。下表的“小品词义项”一列取自牛津学习词典的副词词条。

## parts/12-verb.md:160
原文：| turn off | off：不再运转 | turn 本义"转动"，拧开关让它停下，关掉 | **Turn off** the light. 把灯关掉。 |
改后：| turn off | off：不再运转 | turn 本义“转动”，拧开关让它停下，关掉 | **Turn off** the light. 把灯关掉。 |

## parts/12-verb.md:161
原文：| look for | for：为了得到 | look 早就有"寻找"的意思，for 表示为了什么而找 | I'm **looking for** the red apple. 我在找那个红苹果。 |
改后：| look for | for：为了得到 | look 早就有“寻找”的意思，for 表示为了什么而找 | I'm **looking for** the red apple. 我在找那个红苹果。 |

## parts/12-verb.md:162
原文：| look after | after：在后面 | etymonline 记载，look after 最早是"朝……看"，后来是"寻找"，14 世纪末才有"照顾"：一直看着一个人、找着一个人，意思就走到了照看他 | Grandpa **looks after** the apple trees. 爷爷照看这些苹果树。 |
改后：| look after | after：在后面 | etymonline 记载，look after 最早是“朝……看”，后来是“寻找”，14 世纪末才有“照顾”：一直看着一个人、找着一个人，意思就走到了照看他 | Grandpa **looks after** the apple trees. 爷爷照看这些苹果树。 |

## parts/12-verb.md:167
原文：用法依据：[剑桥英汉词典: phrasal verb](https://dictionary.cambridge.org/zhs/%E8%AF%8D%E5%85%B8/%E8%8B%B1%E8%AF%AD/phrasal-verb)、[up](https://dictionary.cambridge.org/zhs/%E8%AF%8D%E5%85%B8/%E8%8B%B1%E8%AF%AD/up)、[away](https://dictionary.cambridge.org/zhs/%E8%AF%8D%E5%85%B8/%E8%8B%B1%E8%AF%AD/away)、[off](https://dictionary.cambridge.org/zhs/%E8%AF%8D%E5%85%B8/%E8%8B%B1%E8%AF%AD/off)、[pick up](https://dictionary.cambridge.org/zhs/%E8%AF%8D%E5%85%B8/%E8%8B%B1%E8%AF%AD/pick-up)、[grow up](https://dictionary.cambridge.org/zhs/%E8%AF%8D%E5%85%B8/%E8%8B%B1%E8%AF%AD/grow-up)、[eat up](https://dictionary.cambridge.org/zhs/%E8%AF%8D%E5%85%B8/%E8%8B%B1%E8%AF%AD/eat-up)、[cut up](https://dictionary.cambridge.org/zhs/%E8%AF%8D%E5%85%B8/%E8%8B%B1%E8%AF%AD/cut-up)、[give up](https://dictionary.cambridge.org/zhs/%E8%AF%8D%E5%85%B8/%E8%8B%B1%E8%AF%AD/give-up)、[throw away](https://dictionary.cambridge.org/zhs/%E8%AF%8D%E5%85%B8/%E8%8B%B1%E8%AF%AD/throw-away)、[put away](https://dictionary.cambridge.org/zhs/%E8%AF%8D%E5%85%B8/%E8%8B%B1%E8%AF%AD/put-away)、[put on](https://dictionary.cambridge.org/zhs/%E8%AF%8D%E5%85%B8/%E8%8B%B1%E8%AF%AD/put-on)、[take off](https://dictionary.cambridge.org/zhs/%E8%AF%8D%E5%85%B8/%E8%8B%B1%E8%AF%AD/take-off)、[turn off](https://dictionary.cambridge.org/zhs/%E8%AF%8D%E5%85%B8/%E8%8B%B1%E8%AF%AD/turn-off)、[look for](https://dictionary.cambridge.org/zhs/%E8%AF%8D%E5%85%B8/%E8%8B%B1%E8%AF%AD/look-for)、[look after](https://dictionary.cambridge.org/zhs/%E8%AF%8D%E5%85%B8/%E8%8B%B1%E8%AF%AD/look-after)；[牛津学习词典: up（副词）](https://www.oxfordlearnersdictionaries.com/definition/english/up_1)、[away](https://www.oxfordlearnersdictionaries.com/definition/english/away_1)、[off](https://www.oxfordlearnersdictionaries.com/definition/english/off_1)、[on](https://www.oxfordlearnersdictionaries.com/definition/english/on_2)、[pick up](https://www.oxfordlearnersdictionaries.com/definition/english/pick-up)。
改后：用法依据：[剑桥英汉词典：phrasal verb](https://dictionary.cambridge.org/zhs/%E8%AF%8D%E5%85%B8/%E8%8B%B1%E8%AF%AD/phrasal-verb)、[up](https://dictionary.cambridge.org/zhs/%E8%AF%8D%E5%85%B8/%E8%8B%B1%E8%AF%AD/up)、[away](https://dictionary.cambridge.org/zhs/%E8%AF%8D%E5%85%B8/%E8%8B%B1%E8%AF%AD/away)、[off](https://dictionary.cambridge.org/zhs/%E8%AF%8D%E5%85%B8/%E8%8B%B1%E8%AF%AD/off)、[pick up](https://dictionary.cambridge.org/zhs/%E8%AF%8D%E5%85%B8/%E8%8B%B1%E8%AF%AD/pick-up)、[grow up](https://dictionary.cambridge.org/zhs/%E8%AF%8D%E5%85%B8/%E8%8B%B1%E8%AF%AD/grow-up)、[eat up](https://dictionary.cambridge.org/zhs/%E8%AF%8D%E5%85%B8/%E8%8B%B1%E8%AF%AD/eat-up)、[cut up](https://dictionary.cambridge.org/zhs/%E8%AF%8D%E5%85%B8/%E8%8B%B1%E8%AF%AD/cut-up)、[give up](https://dictionary.cambridge.org/zhs/%E8%AF%8D%E5%85%B8/%E8%8B%B1%E8%AF%AD/give-up)、[throw away](https://dictionary.cambridge.org/zhs/%E8%AF%8D%E5%85%B8/%E8%8B%B1%E8%AF%AD/throw-away)、[put away](https://dictionary.cambridge.org/zhs/%E8%AF%8D%E5%85%B8/%E8%8B%B1%E8%AF%AD/put-away)、[put on](https://dictionary.cambridge.org/zhs/%E8%AF%8D%E5%85%B8/%E8%8B%B1%E8%AF%AD/put-on)、[take off](https://dictionary.cambridge.org/zhs/%E8%AF%8D%E5%85%B8/%E8%8B%B1%E8%AF%AD/take-off)、[turn off](https://dictionary.cambridge.org/zhs/%E8%AF%8D%E5%85%B8/%E8%8B%B1%E8%AF%AD/turn-off)、[look for](https://dictionary.cambridge.org/zhs/%E8%AF%8D%E5%85%B8/%E8%8B%B1%E8%AF%AD/look-for)、[look after](https://dictionary.cambridge.org/zhs/%E8%AF%8D%E5%85%B8/%E8%8B%B1%E8%AF%AD/look-after)；[牛津学习词典：up（副词）](https://www.oxfordlearnersdictionaries.com/definition/english/up_1)、[away](https://www.oxfordlearnersdictionaries.com/definition/english/away_1)、[off](https://www.oxfordlearnersdictionaries.com/definition/english/off_1)、[on](https://www.oxfordlearnersdictionaries.com/definition/english/on_2)、[pick up](https://www.oxfordlearnersdictionaries.com/definition/english/pick-up)。

## parts/12-verb.md:175
原文：- **be**：本义是"存在、成为"。英语用它加上一个说明的词，讲主语是什么样子、处在什么状态：The apple is sweet 说的是苹果处在"甜"这个状态。
改后：- **be**：本义是“存在、成为”。英语用它加上一个说明的词，讲主语是什么样子、处在什么状态：The apple is sweet 说的是苹果处在“甜”这个状态。

## parts/12-verb.md:176
原文：- **感官类**：这些词本来就有两个方向。etymonline 记载，smell 从一开始就既是"闻到"，也是"发出气味"；taste 最早是"触摸、试探"，14 世纪末有了"尝"的意思，16 世纪起也用来指东西"有某种味道"；look 本来是"用眼睛看"，约 1400 年起也指"呈现某种样子"。人去感知，是实义动词；东西给人某种感觉，就是系动词。
改后：- **感官类**：这些词本来就有两个方向。etymonline 记载，smell 从一开始就既是“闻到”，也是“发出气味”；taste 最早是“触摸、试探”，14 世纪末有了“尝”的意思，16 世纪起也用来指东西“有某种味道”；look 本来是“用眼睛看”，约 1400 年起也指“呈现某种样子”。人去感知，是实义动词；东西给人某种感觉，就是系动词。

## parts/12-verb.md:177
原文：- **变化类**：become 由 be- 加 come 构成，本义是"来到、发生"，12 世纪起指"从一种状态变成另一种"。get 本义是"得到、到达"，到达一种状态就是"变得"。turn 本义是"转动"，12 世纪起既指"转向另一个方向"，也指"从一种东西变成另一种"，由此有了"性质改变"（etymonline 举的是颜色、浓度等），所以指颜色、天气这类性质的改变。grow 本义是"生长"，长是一点点长的，所以 grow 指逐渐变得。
改后：- **变化类**：become 由 be- 加 come 构成，本义是“来到、发生”，12 世纪起指“从一种状态变成另一种”。get 本义是“得到、到达”，到达一种状态就是“变得”。turn 本义是“转动”，12 世纪起既指“转向另一个方向”，也指“从一种东西变成另一种”，由此有了“性质改变”（etymonline 举的是颜色、浓度等），所以指颜色、天气这类性质的改变。grow 本义是“生长”，长是一点点长的，所以 grow 指逐渐变得。

## parts/12-verb.md:178
原文：- **保持类**：keep 本义是"抓住、守住"，15 世纪起有"保持、停留"的意思。stay 本义是"站住"，站着不动就是"保持原样"。
改后：- **保持类**：keep 本义是“抓住、守住”，15 世纪起有“保持、停留”的意思。stay 本义是“站住”，站着不动就是“保持原样”。

## parts/12-verb.md:195
原文：**说"像某个东西"时加 like。** like 本义是"形状相同的"。说"蛋糕看起来像苹果"，蛋糕并不是苹果，只是形状相同，所以要用 like：This cake **looks like** an apple. 这个蛋糕看起来像个苹果。牛津词典还收了 look 后面直接跟名词的用法，如 That looks an interesting book.（那本书看起来挺有意思。）这时说的是"看起来就是一本有意思的书"，书本来就是书，不需要"像"。
改后：**说“像某个东西”时加 like。** like 本义是“形状相同的”。说“蛋糕看起来像苹果”，蛋糕并不是苹果，只是形状相同，所以要用 like：This cake **looks like** an apple. 这个蛋糕看起来像个苹果。牛津词典还收了 look 后面直接跟名词的用法，如 That looks an interesting book.（那本书看起来挺有意思。）这时说的是“看起来就是一本有意思的书”，书本来就是书，不需要“像”。

## parts/12-verb.md:198
原文：- 系动词后面跟形容词，不跟副词。副词修饰动作，可系动词在这里不表示动作，后面的词说的是主语本身：The apple tastes **sweet**，甜的是苹果，不是"尝"这个动作。见第三部分"五种基本句型"。
改后：- 系动词后面跟形容词，不跟副词。副词修饰动作，可系动词在这里不表示动作，后面的词说的是主语本身：The apple tastes **sweet**，甜的是苹果，不是“尝”这个动作。见第三部分“五种基本句型”。

## parts/12-verb.md:202
原文：用法依据：[剑桥英汉词典: be](https://dictionary.cambridge.org/zhs/%E8%AF%8D%E5%85%B8/%E8%8B%B1%E8%AF%AD/be)、[look](https://dictionary.cambridge.org/zhs/%E8%AF%8D%E5%85%B8/%E8%8B%B1%E8%AF%AD/look)、[taste](https://dictionary.cambridge.org/zhs/%E8%AF%8D%E5%85%B8/%E8%8B%B1%E8%AF%AD/taste)、[smell](https://dictionary.cambridge.org/zhs/%E8%AF%8D%E5%85%B8/%E8%8B%B1%E8%AF%AD/smell)、[sound](https://dictionary.cambridge.org/zhs/%E8%AF%8D%E5%85%B8/%E8%8B%B1%E8%AF%AD/sound)、[feel](https://dictionary.cambridge.org/zhs/%E8%AF%8D%E5%85%B8/%E8%8B%B1%E8%AF%AD/feel)、[become](https://dictionary.cambridge.org/zhs/%E8%AF%8D%E5%85%B8/%E8%8B%B1%E8%AF%AD/become)、[get](https://dictionary.cambridge.org/zhs/%E8%AF%8D%E5%85%B8/%E8%8B%B1%E8%AF%AD/get)、[turn](https://dictionary.cambridge.org/zhs/%E8%AF%8D%E5%85%B8/%E8%8B%B1%E8%AF%AD/turn)、[grow](https://dictionary.cambridge.org/zhs/%E8%AF%8D%E5%85%B8/%E8%8B%B1%E8%AF%AD/grow)、[keep](https://dictionary.cambridge.org/zhs/%E8%AF%8D%E5%85%B8/%E8%8B%B1%E8%AF%AD/keep)、[stay](https://dictionary.cambridge.org/zhs/%E8%AF%8D%E5%85%B8/%E8%8B%B1%E8%AF%AD/stay)；[牛津学习词典: look（linking verb）](https://www.oxfordlearnersdictionaries.com/definition/english/look_1)、[sound](https://www.oxfordlearnersdictionaries.com/definition/english/sound_2)、[taste](https://www.oxfordlearnersdictionaries.com/definition/english/taste_2)、[feel](https://www.oxfordlearnersdictionaries.com/definition/english/feel_1)、[get](https://www.oxfordlearnersdictionaries.com/definition/english/get)、[turn](https://www.oxfordlearnersdictionaries.com/definition/english/turn_1)、[grow](https://www.oxfordlearnersdictionaries.com/definition/english/grow)、[keep](https://www.oxfordlearnersdictionaries.com/definition/english/keep_1)。
改后：用法依据：[剑桥英汉词典：be](https://dictionary.cambridge.org/zhs/%E8%AF%8D%E5%85%B8/%E8%8B%B1%E8%AF%AD/be)、[look](https://dictionary.cambridge.org/zhs/%E8%AF%8D%E5%85%B8/%E8%8B%B1%E8%AF%AD/look)、[taste](https://dictionary.cambridge.org/zhs/%E8%AF%8D%E5%85%B8/%E8%8B%B1%E8%AF%AD/taste)、[smell](https://dictionary.cambridge.org/zhs/%E8%AF%8D%E5%85%B8/%E8%8B%B1%E8%AF%AD/smell)、[sound](https://dictionary.cambridge.org/zhs/%E8%AF%8D%E5%85%B8/%E8%8B%B1%E8%AF%AD/sound)、[feel](https://dictionary.cambridge.org/zhs/%E8%AF%8D%E5%85%B8/%E8%8B%B1%E8%AF%AD/feel)、[become](https://dictionary.cambridge.org/zhs/%E8%AF%8D%E5%85%B8/%E8%8B%B1%E8%AF%AD/become)、[get](https://dictionary.cambridge.org/zhs/%E8%AF%8D%E5%85%B8/%E8%8B%B1%E8%AF%AD/get)、[turn](https://dictionary.cambridge.org/zhs/%E8%AF%8D%E5%85%B8/%E8%8B%B1%E8%AF%AD/turn)、[grow](https://dictionary.cambridge.org/zhs/%E8%AF%8D%E5%85%B8/%E8%8B%B1%E8%AF%AD/grow)、[keep](https://dictionary.cambridge.org/zhs/%E8%AF%8D%E5%85%B8/%E8%8B%B1%E8%AF%AD/keep)、[stay](https://dictionary.cambridge.org/zhs/%E8%AF%8D%E5%85%B8/%E8%8B%B1%E8%AF%AD/stay)；[牛津学习词典：look（linking verb）](https://www.oxfordlearnersdictionaries.com/definition/english/look_1)、[sound](https://www.oxfordlearnersdictionaries.com/definition/english/sound_2)、[taste](https://www.oxfordlearnersdictionaries.com/definition/english/taste_2)、[feel](https://www.oxfordlearnersdictionaries.com/definition/english/feel_1)、[get](https://www.oxfordlearnersdictionaries.com/definition/english/get)、[turn](https://www.oxfordlearnersdictionaries.com/definition/english/turn_1)、[grow](https://www.oxfordlearnersdictionaries.com/definition/english/grow)、[keep](https://www.oxfordlearnersdictionaries.com/definition/english/keep_1)。

## parts/12-verb.md:208
原文：- **be + 分词**：be 本义是"存在、处于某种状态"，后面跟形容词说明主语的状态。分词本来就带形容词性质（participle 本义"分享"，指它兼有动词和形容词的性质）。-ing 分词表示"正在做"，所以 be eating 是"处在正在吃的状态"，也就是进行时。-ed 分词表示"动作已经完成"，用在别人对主语做的动作上，be picked 就是"处在被摘了的状态"，也就是被动语态。
改后：- **be + 分词**：be 本义是“存在、处于某种状态”，后面跟形容词说明主语的状态。分词本来就带形容词性质（participle 本义“分享”，指它兼有动词和形容词的性质）。-ing 分词表示“正在做”，所以 be eating 是“处在正在吃的状态”，也就是进行时。-ed 分词表示“动作已经完成”，用在别人对主语做的动作上，be picked 就是“处在被摘了的状态”，也就是被动语态。

## parts/12-verb.md:209
原文：- **do**：本义是"做、使、放"，是英语里最笼统的"做"。etymonline 记载，do 作助动词始于中古英语，后来否定句也改用 do 来构成。它能代替任何一个动作，所以由它来承担时态和否定，主要动词只管说做什么。
改后：- **do**：本义是“做、使、放”，是英语里最笼统的“做”。etymonline 记载，do 作助动词始于中古英语，后来否定句也改用 do 来构成。它能代替任何一个动作，所以由它来承担时态和否定，主要动词只管说做什么。

## parts/12-verb.md:210
原文：- **have**：本义是"拥有"。etymonline 记载，have 很早就用来构成完成时。字面上看，have eaten 正好是"拥有一个'已经吃完'的结果"，这和完成时"过去的动作跟现在有关"的意思一致，详见第五部分"时态"。
改后：- **have**：本义是“拥有”。etymonline 记载，have 很早就用来构成完成时。字面上看，have eaten 正好是“拥有一个‘已经吃完’的结果”，这和完成时“过去的动作跟现在有关”的意思一致，详见第五部分“时态”。

## parts/12-verb.md:211
原文：- **will**：本义是"想要、愿意"，牛津词典至今还收有这个义项（to want or like）。想要做，就是打算做，再引申为"将要"。etymonline 说明，will 带着"意愿"的意味，这是它和表示"义务"的 shall 的区别。
改后：- **will**：本义是“想要、愿意”，牛津词典至今还收有这个义项（to want or like）。想要做，就是打算做，再引申为“将要”。etymonline 说明，will 带着“意愿”的意味，这是它和表示“义务”的 shall 的区别。

## parts/12-verb.md:217
原文：| do、does、did | 最笼统的"做" → 构成一般现在时和一般过去时的否定句、疑问句 | I **don't** like sour apples. 我不喜欢酸苹果。<br/>**Did** you buy apples? 你买苹果了吗？ |
改后：| do、does、did | 最笼统的“做” → 构成一般现在时和一般过去时的否定句、疑问句 | I **don't** like sour apples. 我不喜欢酸苹果。<br/>**Did** you buy apples? 你买苹果了吗？ |

## parts/12-verb.md:218
原文：| | 能代替任何动作 → 代替前面的动词，避免重复 | "I love apples." "So **do** I." "我爱吃苹果。""我也是。" |
改后：| | 能代替任何动作 → 代替前面的动词，避免重复 | "I love apples." "So **do** I." “我爱吃苹果。”“我也是。” |

## parts/12-verb.md:219
原文：| | 把"做"字说出来 → 放在动词原形前，加强语气 | The apple **does** look good. 这个苹果看起来真不错。 |
改后：| | 把“做”字说出来 → 放在动词原形前，加强语气 | The apple **does** look good. 这个苹果看起来真不错。 |

## parts/12-verb.md:220
原文：| have、has、had | 拥有 → 和过去分词构成完成时 | I **have** already eaten the apple. 我已经把苹果吃了。<br/>I **had** eaten the apple before Mom came home. 妈妈回家之前，我已经把苹果吃了。<br/>为什么"拥有"能构成完成时，见第五部分"现在完成时 ★" |
改后：| have、has、had | 拥有 → 和过去分词构成完成时 | I **have** already eaten the apple. 我已经把苹果吃了。<br/>I **had** eaten the apple before Mom came home. 妈妈回家之前，我已经把苹果吃了。<br/>为什么“拥有”能构成完成时，见第五部分“现在完成时 ★” |

## parts/12-verb.md:229
原文：| have | I **have** an apple for lunch. 我午饭吃一个苹果。<br/>have 是"吃" | I **have** eaten the apple. 我已经吃了苹果。<br/>have 帮 eaten 构成完成时 |
改后：| have | I **have** an apple for lunch. 我午饭吃一个苹果。<br/>have 是“吃” | I **have** eaten the apple. 我已经吃了苹果。<br/>have 帮 eaten 构成完成时 |

## parts/12-verb.md:230
原文：| do | I **do** my homework after eating an apple. 我吃完苹果做作业。<br/>do 是"做" | I **don't** eat apple skin. 我不吃苹果皮。<br/>don't 帮 eat 构成否定 |
改后：| do | I **do** my homework after eating an apple. 我吃完苹果做作业。<br/>do 是“做” | I **don't** eat apple skin. 我不吃苹果皮。<br/>don't 帮 eat 构成否定 |

## parts/12-verb.md:233
原文：**中考易错点：** 助动词 did 已经表示过去，后面的动词回到原形。说 Did you **eat** the apple?（你吃苹果了吗？），不说 Did you ate the apple?，因为"过去"只需要表示一次。have 当实义动词时，它是一个具体动作（有、吃），疑问和否定就和别的实义动词一样借助 do：**Do** you have an apple? 你有苹果吗？
改后：**中考易错点：** 助动词 did 已经表示过去，后面的动词回到原形。说 Did you **eat** the apple?（你吃苹果了吗？），不说 Did you ate the apple?，因为“过去”只需要表示一次。have 当实义动词时，它是一个具体动作（有、吃），疑问和否定就和别的实义动词一样借助 do：**Do** you have an apple? 你有苹果吗？

## parts/12-verb.md:236
原文：用法依据：[剑桥英汉词典: be](https://dictionary.cambridge.org/zhs/%E8%AF%8D%E5%85%B8/%E8%8B%B1%E8%AF%AD/be)、[do](https://dictionary.cambridge.org/zhs/%E8%AF%8D%E5%85%B8/%E8%8B%B1%E8%AF%AD/do)、[have](https://dictionary.cambridge.org/zhs/%E8%AF%8D%E5%85%B8/%E8%8B%B1%E8%AF%AD/have)、[will](https://dictionary.cambridge.org/zhs/%E8%AF%8D%E5%85%B8/%E8%8B%B1%E8%AF%AD/will)、[auxiliary](https://dictionary.cambridge.org/zhs/%E8%AF%8D%E5%85%B8/%E8%8B%B1%E8%AF%AD/auxiliary)；[牛津学习词典: do（auxiliary verb）](https://www.oxfordlearnersdictionaries.com/definition/english/do_2)、[have（auxiliary verb）](https://www.oxfordlearnersdictionaries.com/definition/english/have_2)、[will](https://www.oxfordlearnersdictionaries.com/definition/english/will_1)。
改后：用法依据：[剑桥英汉词典：be](https://dictionary.cambridge.org/zhs/%E8%AF%8D%E5%85%B8/%E8%8B%B1%E8%AF%AD/be)、[do](https://dictionary.cambridge.org/zhs/%E8%AF%8D%E5%85%B8/%E8%8B%B1%E8%AF%AD/do)、[have](https://dictionary.cambridge.org/zhs/%E8%AF%8D%E5%85%B8/%E8%8B%B1%E8%AF%AD/have)、[will](https://dictionary.cambridge.org/zhs/%E8%AF%8D%E5%85%B8/%E8%8B%B1%E8%AF%AD/will)、[auxiliary](https://dictionary.cambridge.org/zhs/%E8%AF%8D%E5%85%B8/%E8%8B%B1%E8%AF%AD/auxiliary)；[牛津学习词典：do（auxiliary verb）](https://www.oxfordlearnersdictionaries.com/definition/english/do_2)、[have（auxiliary verb）](https://www.oxfordlearnersdictionaries.com/definition/english/have_2)、[will](https://www.oxfordlearnersdictionaries.com/definition/english/will_1)。

## parts/12-verb.md:242
原文：第一点能从来历上看出来。etymonline 把 can、may、shall 归为同一类老动词，这类动词的名称字面意思是"过去—现在"动词：现在时用的其实是过去时的样子。must 更明显，它本来就是一个过去式，后来当现在时用。英语的过去式从来不加三单 -s（he ate，不说 he ates），所以说 he can，不说 he cans。
改后：第一点能从来历上看出来。etymonline 把 can、may、shall 归为同一类老动词，这类动词的名称字面意思是“过去—现在”动词：现在时用的其实是过去时的样子。must 更明显，它本来就是一个过去式，后来当现在时用。英语的过去式从来不加三单 -s（he ate，不说 he ates），所以说 he can，不说 he cans。

## parts/12-verb.md:244
原文：每个情态动词的"推测"用法，都是从本义一步步走过来的：
改后：每个情态动词的“推测”用法，都是从本义一步步走过来的：

## parts/12-verb.md:248
原文：| can | 知道怎么做 | 知道怎么做，就是"会、能"：I **can** climb the apple tree. 我会爬苹果树。<br/>etymonline 记载它也用来表示许可：**Can** I have an apple? 我能吃个苹果吗？ | 能不能发生 → 否定表示"不可能"：That **can't** be Tom. He's at the apple farm today. 那不可能是汤姆，他今天在苹果园。 |
改后：| can | 知道怎么做 | 知道怎么做，就是“会、能”：I **can** climb the apple tree. 我会爬苹果树。<br/>etymonline 记载它也用来表示许可：**Can** I have an apple? 我能吃个苹果吗？ | 能不能发生 → 否定表示“不可能”：That **can't** be Tom. He's at the apple farm today. 那不可能是汤姆，他今天在苹果园。 |

## parts/12-verb.md:250
原文：| may | 有能力、有力量 | 和 can 一样，从"能"引申到"可以"，表示许可，比 can 正式：**May** I have an apple? 我可以吃个苹果吗？ | etymonline 记载它很早就用来预测：The apples **may** be sour. 这些苹果可能是酸的。 |
改后：| may | 有能力、有力量 | 和 can 一样，从“能”引申到“可以”，表示许可，比 can 正式：**May** I have an apple? 我可以吃个苹果吗？ | etymonline 记载它很早就用来预测：The apples **may** be sour. 这些苹果可能是酸的。 |

## parts/12-verb.md:252
原文：| must | 本来是一个表示"不得不"的动词的过去式 | 必须：I **must** finish my homework before I pick apples. 摘苹果之前，我必须写完作业。 | 必然如此，推测时就是"一定是"：You've picked apples all morning. You **must** be tired. 你摘了一上午苹果，一定累了。 |
改后：| must | 本来是一个表示“不得不”的动词的过去式 | 必须：I **must** finish my homework before I pick apples. 摘苹果之前，我必须写完作业。 | 必然如此，推测时就是“一定是”：You've picked apples all morning. You **must** be tired. 你摘了一上午苹果，一定累了。 |

## parts/12-verb.md:253
原文：| should | shall 的过去式，shall 本义是"我欠着" | 欠着就该还，所以是"应该"，用来给建议：You **should** wash the apple before you eat it. 吃苹果前应该洗一洗。etymonline 说明，should 保留了 shall 已经淡掉的"义务"意味 | 按理应该如此：The apples **should** be ready by next week. 苹果下周应该就能摘了。 |
改后：| should | shall 的过去式，shall 本义是“我欠着” | 欠着就该还，所以是“应该”，用来给建议：You **should** wash the apple before you eat it. 吃苹果前应该洗一洗。etymonline 说明，should 保留了 shall 已经淡掉的“义务”意味 | 按理应该如此：The apples **should** be ready by next week. 苹果下周应该就能摘了。 |

## parts/12-verb.md:255
原文：| have to | 拥有 + to：手里有一件要去做的事 | 不得不。etymonline 说明，have to 的"必须"来自"拥有一件作为义务的事"。have 是普通动词，所以有三单和过去式：We **had to** pick the apples before the rain came. 我们不得不在下雨前把苹果摘完。 | |
改后：| have to | 拥有 + to：手里有一件要去做的事 | 不得不。etymonline 说明，have to 的“必须”来自“拥有一件作为义务的事”。have 是普通动词，所以有三单和过去式：We **had to** pick the apples before the rain came. 我们不得不在下雨前把苹果摘完。 | |

## parts/12-verb.md:257
原文：**must 与 have to。** 两者都表示"必须"，本义不同，意味也不同。must 是说话人自己的判断；have to 是"手里有一件要做的事"，这件事是外面交过来的。牛津词典说明，英国英语里 must 多指说话人或听话人自己觉得必须做，have to 多指规定、法律或别人的要求。
改后：**must 与 have to。** 两者都表示“必须”，本义不同，意味也不同。must 是说话人自己的判断；have to 是“手里有一件要做的事”，这件事是外面交过来的。牛津词典说明，英国英语里 must 多指说话人或听话人自己觉得必须做，have to 多指规定、法律或别人的要求。

## parts/12-verb.md:264
原文：**mustn't 与 needn't。** 看 not 否定的是什么。must not 里，"必须"没被否定，被否定的是后面的动作："必须不做"，也就是"不许做"。needn't 否定的是"需要"本身："不需要做"，也就是"不必做"。don't have to 也是"没有这件要做的事"，和 needn't 一样是"不必"。
改后：**mustn't 与 needn't。** 看 not 否定的是什么。must not 里，“必须”没被否定，被否定的是后面的动作：“必须不做”，也就是“不许做”。needn't 否定的是“需要”本身：“不需要做”，也就是“不必做”。don't have to 也是“没有这件要做的事”，和 needn't 一样是“不必”。

## parts/12-verb.md:269
原文：**中考易错点：** 用 must 提问，否定回答不用 mustn't。"**Must** I wash the apples?" "No, you **needn't**." 或 "No, you **don't have to**." "我必须洗苹果吗？""不用。" 对方问的是"是不是必须"，回答"不必"才对得上。回答 mustn't 就成了"不许洗"。
改后：**中考易错点：** 用 must 提问，否定回答不用 mustn't。"**Must** I wash the apples?" "No, you **needn't**." 或 "No, you **don't have to**." “我必须洗苹果吗？”“不用。”对方问的是“是不是必须”，回答“不必”才对得上。回答 mustn't 就成了“不许洗”。

## parts/12-verb.md:272
原文：用法依据：[剑桥英汉词典: can](https://dictionary.cambridge.org/zhs/%E8%AF%8D%E5%85%B8/%E8%8B%B1%E8%AF%AD/can)、[could](https://dictionary.cambridge.org/zhs/%E8%AF%8D%E5%85%B8/%E8%8B%B1%E8%AF%AD/could)、[may](https://dictionary.cambridge.org/zhs/%E8%AF%8D%E5%85%B8/%E8%8B%B1%E8%AF%AD/may)、[might](https://dictionary.cambridge.org/zhs/%E8%AF%8D%E5%85%B8/%E8%8B%B1%E8%AF%AD/might)、[must](https://dictionary.cambridge.org/zhs/%E8%AF%8D%E5%85%B8/%E8%8B%B1%E8%AF%AD/must)、[should](https://dictionary.cambridge.org/zhs/%E8%AF%8D%E5%85%B8/%E8%8B%B1%E8%AF%AD/should)、[need](https://dictionary.cambridge.org/zhs/%E8%AF%8D%E5%85%B8/%E8%8B%B1%E8%AF%AD/need)、[have to](https://dictionary.cambridge.org/zhs/%E8%AF%8D%E5%85%B8/%E8%8B%B1%E8%AF%AD/have-to)；[牛津学习词典: can（Grammar Point）](https://www.oxfordlearnersdictionaries.com/definition/english/can_1)、[could](https://www.oxfordlearnersdictionaries.com/definition/english/could)、[may](https://www.oxfordlearnersdictionaries.com/definition/english/may)、[might](https://www.oxfordlearnersdictionaries.com/definition/english/might_1)、[must（Grammar Point: must / have (got) to / must not / don't have to）](https://www.oxfordlearnersdictionaries.com/definition/english/must_1)、[should](https://www.oxfordlearnersdictionaries.com/definition/english/should)、[need（Grammar Point）](https://www.oxfordlearnersdictionaries.com/definition/english/need_1)、[have to](https://www.oxfordlearnersdictionaries.com/definition/english/have-to)。
改后：用法依据：[剑桥英汉词典：can](https://dictionary.cambridge.org/zhs/%E8%AF%8D%E5%85%B8/%E8%8B%B1%E8%AF%AD/can)、[could](https://dictionary.cambridge.org/zhs/%E8%AF%8D%E5%85%B8/%E8%8B%B1%E8%AF%AD/could)、[may](https://dictionary.cambridge.org/zhs/%E8%AF%8D%E5%85%B8/%E8%8B%B1%E8%AF%AD/may)、[might](https://dictionary.cambridge.org/zhs/%E8%AF%8D%E5%85%B8/%E8%8B%B1%E8%AF%AD/might)、[must](https://dictionary.cambridge.org/zhs/%E8%AF%8D%E5%85%B8/%E8%8B%B1%E8%AF%AD/must)、[should](https://dictionary.cambridge.org/zhs/%E8%AF%8D%E5%85%B8/%E8%8B%B1%E8%AF%AD/should)、[need](https://dictionary.cambridge.org/zhs/%E8%AF%8D%E5%85%B8/%E8%8B%B1%E8%AF%AD/need)、[have to](https://dictionary.cambridge.org/zhs/%E8%AF%8D%E5%85%B8/%E8%8B%B1%E8%AF%AD/have-to)；[牛津学习词典：can（Grammar Point）](https://www.oxfordlearnersdictionaries.com/definition/english/can_1)、[could](https://www.oxfordlearnersdictionaries.com/definition/english/could)、[may](https://www.oxfordlearnersdictionaries.com/definition/english/may)、[might](https://www.oxfordlearnersdictionaries.com/definition/english/might_1)、[must（Grammar Point: must / have (got) to / must not / don't have to）](https://www.oxfordlearnersdictionaries.com/definition/english/must_1)、[should](https://www.oxfordlearnersdictionaries.com/definition/english/should)、[need（Grammar Point）](https://www.oxfordlearnersdictionaries.com/definition/english/need_1)、[have to](https://www.oxfordlearnersdictionaries.com/definition/english/have-to)。

## parts/12-verb.md:278
原文：**非谓语形式不随主语和时间变化。** 这一点从名称就能推出来：不定式 infinitive 本义是"不受限制的"，不受人称和数限制。谓语动词要看主语和时态变形（I eat、he eats、he ate），非谓语形式不变。
改后：**非谓语形式不随主语和时间变化。** 这一点从名称就能推出来：不定式 infinitive 本义是“不受限制的”，不受人称和数限制。谓语动词要看主语和时态变形（I eat、he eats、he ate），非谓语形式不变。

## parts/12-verb.md:282
原文：| 不定式 | to eat | infinitive："不受限制的"；to："朝向、为了" | 宾语、目的、修饰名词 | I went to the market **to buy** apples. 我去市场买苹果。 |
改后：| 不定式 | to eat | infinitive：“不受限制的”；to：“朝向、为了” | 宾语、目的、修饰名词 | I went to the market **to buy** apples. 我去市场买苹果。 |

## parts/12-verb.md:283
原文：| 动名词 | eating | 把动词变成名词的 -ing，表示"这个动作" | 名词能当的成分：主语、宾语、介词后面 | **Eating** apples is good for you. 吃苹果对你有好处。 |
改后：| 动名词 | eating | 把动词变成名词的 -ing，表示“这个动作” | 名词能当的成分：主语、宾语、介词后面 | **Eating** apples is good for you. 吃苹果对你有好处。 |

## parts/12-verb.md:285
原文：| 过去分词 | eaten | -ed、-en 标志"动作已经完成" | 修饰名词，表示被做、已完成 | The apple **eaten** by the boy was sweet. 被男孩吃掉的那个苹果很甜。 |
改后：| 过去分词 | eaten | -ed、-en 标志“动作已经完成” | 修饰名词，表示被做、已完成 | The apple **eaten** by the boy was sweet. 被男孩吃掉的那个苹果很甜。 |

## parts/12-verb.md:289
原文：不定式由 to 加动词原形构成。介词 to 的本义是"朝向、一直到（某个地方、状态、目标）"，也有"为了"的意思。etymonline 说明，不定式前的 to 就是从这种用法来的；它也指出，到今天很多不定式里的 to 已经只是个标记，本身没有意思。不过下面几种常见用法，"朝向目标"的意思还看得出来：
改后：不定式由 to 加动词原形构成。介词 to 的本义是“朝向、一直到（某个地方、状态、目标）”，也有“为了”的意思。etymonline 说明，不定式前的 to 就是从这种用法来的；它也指出，到今天很多不定式里的 to 已经只是个标记，本身没有意思。不过下面几种常见用法，“朝向目标”的意思还看得出来：

## parts/12-verb.md:292
原文：- **表示目的：** 爬树是为了摘苹果，to 就是"为了"。He climbed the tree **to pick** apples. 他爬上树去摘苹果。
改后：- **表示目的：** 爬树是为了摘苹果，to 就是“为了”。He climbed the tree **to pick** apples. 他爬上树去摘苹果。

## parts/12-verb.md:293
原文：- **放在名词或 something 这类词后面，说明它：** something to eat 就是"用来吃的东西"，东西指向"吃"这个用途。Would you like something **to eat**? 你想吃点东西吗？
改后：- **放在名词或 something 这类词后面，说明它：** something to eat 就是“用来吃的东西”，东西指向“吃”这个用途。Would you like something **to eat**? 你想吃点东西吗？

## parts/12-verb.md:294
原文：- **疑问词 + to do：** how to pick 是"怎样去摘"，问的是一件要去做的事。Can you show me how **to pick** apples? 你能教我怎么摘苹果吗？
改后：- **疑问词 + to do：** how to pick 是“怎样去摘”，问的是一件要去做的事。Can you show me how **to pick** apples? 你能教我怎么摘苹果吗？

## parts/12-verb.md:296
原文：情态动词、助动词 do 后面接不带 to 的原形，原因见前面"四类动词总览"。make、let 后面也接不带 to 的原形，这是英语本身的说法，牛津词典的句型写作 let somebody do something 和 make somebody do something：Let me **eat** the apple. 让我吃这个苹果。She always makes me **laugh**. 她总能把我逗笑。
改后：情态动词、助动词 do 后面接不带 to 的原形，原因见前面“四类动词总览”。make、let 后面也接不带 to 的原形，这是英语本身的说法，牛津词典的句型写作 let somebody do something 和 make somebody do something：Let me **eat** the apple. 让我吃这个苹果。She always makes me **laugh**. 她总能把我逗笑。

## parts/12-verb.md:300
原文：英语里有一个 -ing 专门"把动词变成名词，表示这个动作"。所以动名词就是一个名词，名词能放的位置它都能放。
改后：英语里有一个 -ing 专门“把动词变成名词，表示这个动作”。所以动名词就是一个名词，名词能放的位置它都能放。

## parts/12-verb.md:302
原文：- **作主语：** **Picking** apples is fun. 摘苹果很好玩。主语是"摘苹果"这一件事，所以谓语用单数 is。
改后：- **作主语：** **Picking** apples is fun. 摘苹果很好玩。主语是“摘苹果”这一件事，所以谓语用单数 is。

## parts/12-verb.md:308
原文：分词的英文名 participle 本义是"分享"，指它兼有动词和形容词两种性质。所以分词除了构成时态和被动语态，还能像形容词一样修饰名词。两种分词的差别来自词尾：
改后：分词的英文名 participle 本义是“分享”，指它兼有动词和形容词两种性质。所以分词除了构成时态和被动语态，还能像形容词一样修饰名词。两种分词的差别来自词尾：

## parts/12-verb.md:313
原文：| 过去分词 -ed、-en | -ed 标志"动作已经完成" → 名词承受的动作已经做完；不及物动词没有承受者，就只剩"已经完成" | The apple **eaten** by the boy was sweet. 被男孩吃掉的那个苹果很甜。（及物：被吃掉）<br/>We picked up the **fallen** apples. 我们把掉在地上的苹果捡了起来。（不及物：已经掉下来的） |
改后：| 过去分词 -ed、-en | -ed 标志“动作已经完成” → 名词承受的动作已经做完；不及物动词没有承受者，就只剩“已经完成” | The apple **eaten** by the boy was sweet. 被男孩吃掉的那个苹果很甜。（及物：被吃掉）<br/>We picked up the **fallen** apples. 我们把掉在地上的苹果捡了起来。（不及物：已经掉下来的） |

## parts/12-verb.md:315
原文：interested 和 interesting 这类词已经是形容词，见第一部分"形容词"。
改后：interested 和 interesting 这类词已经是形容词，见第一部分“形容词”。

## parts/12-verb.md:320
原文：用法依据：[剑桥英汉词典: infinitive](https://dictionary.cambridge.org/zhs/%E8%AF%8D%E5%85%B8/%E8%8B%B1%E8%AF%AD/infinitive)、[gerund](https://dictionary.cambridge.org/zhs/%E8%AF%8D%E5%85%B8/%E8%8B%B1%E8%AF%AD/gerund)、[participle](https://dictionary.cambridge.org/zhs/%E8%AF%8D%E5%85%B8/%E8%8B%B1%E8%AF%AD/participle)、[eat](https://dictionary.cambridge.org/zhs/%E8%AF%8D%E5%85%B8/%E8%8B%B1%E8%AF%AD/eat)、[fall](https://dictionary.cambridge.org/zhs/%E8%AF%8D%E5%85%B8/%E8%8B%B1%E8%AF%AD/fall)；[牛津学习词典: let](https://www.oxfordlearnersdictionaries.com/definition/english/let_1)、[make](https://www.oxfordlearnersdictionaries.com/definition/english/make_1)。
改后：用法依据：[剑桥英汉词典：infinitive](https://dictionary.cambridge.org/zhs/%E8%AF%8D%E5%85%B8/%E8%8B%B1%E8%AF%AD/infinitive)、[gerund](https://dictionary.cambridge.org/zhs/%E8%AF%8D%E5%85%B8/%E8%8B%B1%E8%AF%AD/gerund)、[participle](https://dictionary.cambridge.org/zhs/%E8%AF%8D%E5%85%B8/%E8%8B%B1%E8%AF%AD/participle)、[eat](https://dictionary.cambridge.org/zhs/%E8%AF%8D%E5%85%B8/%E8%8B%B1%E8%AF%AD/eat)、[fall](https://dictionary.cambridge.org/zhs/%E8%AF%8D%E5%85%B8/%E8%8B%B1%E8%AF%AD/fall)；[牛津学习词典：let](https://www.oxfordlearnersdictionaries.com/definition/english/let_1)、[make](https://www.oxfordlearnersdictionaries.com/definition/english/make_1)。

## parts/12-verb.md:324
原文：**规律：to do 指向还没发生的动作，doing 指动作本身。** 这条规律来自两个词尾的本义：to 是"朝向、为了"；把动词变成名词的 -ing 表示"这个动作"。它是一种倾向，不是绝对规则，但初中常见的动词都能用它解释。关键是先看清动词本身的意思：主语是不是要"朝着"那个动作去做。
改后：**规律：to do 指向还没发生的动作，doing 指动作本身。** 这条规律来自两个词尾的本义：to 是“朝向、为了”；把动词变成名词的 -ing 表示“这个动作”。它是一种倾向，不是绝对规则，但初中常见的动词都能用它解释。关键是先看清动词本身的意思：主语是不是要“朝着”那个动作去做。

## parts/12-verb.md:331
原文：下表把四类动词放在一起。第三类看上去"指向将来"，其实这些动词的本义不是"朝着去做"，而是把动作当成一件事来处理，所以接 doing。最后三行最能检验规律：同一个动词接 to do 和接 doing，意思恰好对应"还没做"和"动作本身"。
改后：下表把四类动词放在一起。第三类看上去“指向将来”，其实这些动词的本义不是“朝着去做”，而是把动作当成一件事来处理，所以接 doing。最后三行最能检验规律：同一个动词接 to do 和接 doing，意思恰好对应“还没做”和“动作本身”。

## parts/12-verb.md:336
原文：| 对付的就是动作本身，接 doing | enjoy：en- 是"使"，加上 joy，"从中得到快乐"。快乐来自正在做的事<br/>finish：结束一件正在做的事<br/>practise：为了学会而反复做<br/>keep：继续做下去 | 不能接 | I **enjoy eating** apples. 我喜欢吃苹果。 |
改后：| 对付的就是动作本身，接 doing | enjoy：en- 是“使”，加上 joy，“从中得到快乐”。快乐来自正在做的事<br/>finish：结束一件正在做的事<br/>practise：为了学会而反复做<br/>keep：继续做下去 | 不能接 | I **enjoy eating** apples. 我喜欢吃苹果。 |

## parts/12-verb.md:337
原文：| 把动作当成一件事来想、来提、来躲，接 doing | suggest：把一个想法摆到别人面前让人考虑。建议的人自己不一定去做，他提出的是"吃苹果"这个主意<br/>consider：仔细考虑一件事<br/>imagine：在脑子里形成一幅画面<br/>mind：对一件事感到不快、介意<br/>avoid：避开、离……远远的 | 不能接 | I **suggest eating** an apple every day. 我建议每天吃一个苹果。 |
改后：| 把动作当成一件事来想、来提、来躲，接 doing | suggest：把一个想法摆到别人面前让人考虑。建议的人自己不一定去做，他提出的是“吃苹果”这个主意<br/>consider：仔细考虑一件事<br/>imagine：在脑子里形成一幅画面<br/>mind：对一件事感到不快、介意<br/>avoid：避开、离……远远的 | 不能接 | I **suggest eating** an apple every day. 我建议每天吃一个苹果。 |

## parts/12-verb.md:338
原文：| | look forward to：look forward 是"盼望"，to 是介词，指向盼望的那件事。介词后面要跟名词，所以接 doing | 不能接 | I'm **looking forward to picking** apples next week. 我盼着下周去摘苹果。 |
改后：| | look forward to：look forward 是“盼望”，to 是介词，指向盼望的那件事。介词后面要跟名词，所以接 doing | 不能接 | I'm **looking forward to picking** apples next week. 我盼着下周去摘苹果。 |

## parts/12-verb.md:340
原文：| | forget：本义是"得到"的反面，从脑子里丢掉 | Don't forget **to wash** the apple. 别忘了洗苹果。（丢掉一件该做的事） | I'll never forget **eating** that apple. 我永远忘不了吃过的那个苹果。（丢不掉一段经历） |
改后：| | forget：本义是“得到”的反面，从脑子里丢掉 | Don't forget **to wash** the apple. 别忘了洗苹果。（丢掉一件该做的事） | I'll never forget **eating** that apple. 我永远忘不了吃过的那个苹果。（丢不掉一段经历） |

## parts/12-verb.md:341
原文：| | stop：本义是"堵住"，让它停下 | He stopped **to eat** an apple. 他停下手里的事，去吃苹果。（to 是"为了"） | He stopped **eating** apples. 他不再吃苹果了。（停下的就是"吃"本身） |
改后：| | stop：本义是“堵住”，让它停下 | He stopped **to eat** an apple. 他停下手里的事，去吃苹果。（to 是“为了”） | He stopped **eating** apples. 他不再吃苹果了。（停下的就是“吃”本身） |

## parts/12-verb.md:343
原文：牛津词典的 suggest、enjoy、finish 词条都附了一张"通常接 -ing 形式的动词"表，列有 avoid、consider、enjoy、finish、imagine、mind、practise、suggest 等；try 词条附了"通常接不定式的动词"表，列有 decide、hope、want 等。英语的实际用法和上面的推导一致。
改后：牛津词典的 suggest、enjoy、finish 词条都附了一张“通常接 -ing 形式的动词”表，列有 avoid、consider、enjoy、finish、imagine、mind、practise、suggest 等；try 词条附了“通常接不定式的动词”表，列有 decide、hope、want 等。英语的实际用法和上面的推导一致。

## parts/12-verb.md:345
原文：牛津词典在 remember 词条专门做了区分：I remember posting the letter 的意思是"我脑子里有寄信的画面"，I remembered to post the letter 的意思是"我没忘记去寄"。
改后：牛津词典在 remember 词条专门做了区分：I remember posting the letter 的意思是“我脑子里有寄信的画面”，I remembered to post the letter 的意思是“我没忘记去寄”。

## parts/12-verb.md:347
原文：**中考易错点：** stop to do 里的 to do 是"停下来是为了去做"，原来的事被打断了。stop doing 是把正在做的这件事停掉。suggest 后面不接 to do：建议的人只是把一个主意摆出来，并不是自己朝着这件事去做。
改后：**中考易错点：** stop to do 里的 to do 是“停下来是为了去做”，原来的事被打断了。stop doing 是把正在做的这件事停掉。suggest 后面不接 to do：建议的人只是把一个主意摆出来，并不是自己朝着这件事去做。

## parts/12-verb.md:350
原文：用法依据：[剑桥英汉词典: remember](https://dictionary.cambridge.org/zhs/%E8%AF%8D%E5%85%B8/%E8%8B%B1%E8%AF%AD/remember)、[forget](https://dictionary.cambridge.org/zhs/%E8%AF%8D%E5%85%B8/%E8%8B%B1%E8%AF%AD/forget)、[stop](https://dictionary.cambridge.org/zhs/%E8%AF%8D%E5%85%B8/%E8%8B%B1%E8%AF%AD/stop)、[enjoy](https://dictionary.cambridge.org/zhs/%E8%AF%8D%E5%85%B8/%E8%8B%B1%E8%AF%AD/enjoy)、[finish](https://dictionary.cambridge.org/zhs/%E8%AF%8D%E5%85%B8/%E8%8B%B1%E8%AF%AD/finish)、[practise](https://dictionary.cambridge.org/zhs/%E8%AF%8D%E5%85%B8/%E8%8B%B1%E8%AF%AD/practise)、[keep](https://dictionary.cambridge.org/zhs/%E8%AF%8D%E5%85%B8/%E8%8B%B1%E8%AF%AD/keep)、[decide](https://dictionary.cambridge.org/zhs/%E8%AF%8D%E5%85%B8/%E8%8B%B1%E8%AF%AD/decide)、[suggest](https://dictionary.cambridge.org/zhs/%E8%AF%8D%E5%85%B8/%E8%8B%B1%E8%AF%AD/suggest)、[consider](https://dictionary.cambridge.org/zhs/%E8%AF%8D%E5%85%B8/%E8%8B%B1%E8%AF%AD/consider)、[imagine](https://dictionary.cambridge.org/zhs/%E8%AF%8D%E5%85%B8/%E8%8B%B1%E8%AF%AD/imagine)、[mind](https://dictionary.cambridge.org/zhs/%E8%AF%8D%E5%85%B8/%E8%8B%B1%E8%AF%AD/mind)、[avoid](https://dictionary.cambridge.org/zhs/%E8%AF%8D%E5%85%B8/%E8%8B%B1%E8%AF%AD/avoid)、[look forward to](https://dictionary.cambridge.org/zhs/%E8%AF%8D%E5%85%B8/%E8%8B%B1%E8%AF%AD/look-forward-to)；[牛津学习词典: suggest](https://www.oxfordlearnersdictionaries.com/definition/english/suggest_1)、[consider](https://www.oxfordlearnersdictionaries.com/definition/english/consider)、[imagine](https://www.oxfordlearnersdictionaries.com/definition/english/imagine)、[mind](https://www.oxfordlearnersdictionaries.com/definition/english/mind_2)、[avoid](https://www.oxfordlearnersdictionaries.com/definition/english/avoid)、[enjoy](https://www.oxfordlearnersdictionaries.com/definition/english/enjoy)、[finish](https://www.oxfordlearnersdictionaries.com/definition/english/finish_1)、[keep](https://www.oxfordlearnersdictionaries.com/definition/english/keep_1)、[remember](https://www.oxfordlearnersdictionaries.com/definition/english/remember)、[forget](https://www.oxfordlearnersdictionaries.com/definition/english/forget)、[stop](https://www.oxfordlearnersdictionaries.com/definition/english/stop_1)、[look forward to](https://www.oxfordlearnersdictionaries.com/definition/english/look-forward-to)。
改后：用法依据：[剑桥英汉词典：remember](https://dictionary.cambridge.org/zhs/%E8%AF%8D%E5%85%B8/%E8%8B%B1%E8%AF%AD/remember)、[forget](https://dictionary.cambridge.org/zhs/%E8%AF%8D%E5%85%B8/%E8%8B%B1%E8%AF%AD/forget)、[stop](https://dictionary.cambridge.org/zhs/%E8%AF%8D%E5%85%B8/%E8%8B%B1%E8%AF%AD/stop)、[enjoy](https://dictionary.cambridge.org/zhs/%E8%AF%8D%E5%85%B8/%E8%8B%B1%E8%AF%AD/enjoy)、[finish](https://dictionary.cambridge.org/zhs/%E8%AF%8D%E5%85%B8/%E8%8B%B1%E8%AF%AD/finish)、[practise](https://dictionary.cambridge.org/zhs/%E8%AF%8D%E5%85%B8/%E8%8B%B1%E8%AF%AD/practise)、[keep](https://dictionary.cambridge.org/zhs/%E8%AF%8D%E5%85%B8/%E8%8B%B1%E8%AF%AD/keep)、[decide](https://dictionary.cambridge.org/zhs/%E8%AF%8D%E5%85%B8/%E8%8B%B1%E8%AF%AD/decide)、[suggest](https://dictionary.cambridge.org/zhs/%E8%AF%8D%E5%85%B8/%E8%8B%B1%E8%AF%AD/suggest)、[consider](https://dictionary.cambridge.org/zhs/%E8%AF%8D%E5%85%B8/%E8%8B%B1%E8%AF%AD/consider)、[imagine](https://dictionary.cambridge.org/zhs/%E8%AF%8D%E5%85%B8/%E8%8B%B1%E8%AF%AD/imagine)、[mind](https://dictionary.cambridge.org/zhs/%E8%AF%8D%E5%85%B8/%E8%8B%B1%E8%AF%AD/mind)、[avoid](https://dictionary.cambridge.org/zhs/%E8%AF%8D%E5%85%B8/%E8%8B%B1%E8%AF%AD/avoid)、[look forward to](https://dictionary.cambridge.org/zhs/%E8%AF%8D%E5%85%B8/%E8%8B%B1%E8%AF%AD/look-forward-to)；[牛津学习词典：suggest](https://www.oxfordlearnersdictionaries.com/definition/english/suggest_1)、[consider](https://www.oxfordlearnersdictionaries.com/definition/english/consider)、[imagine](https://www.oxfordlearnersdictionaries.com/definition/english/imagine)、[mind](https://www.oxfordlearnersdictionaries.com/definition/english/mind_2)、[avoid](https://www.oxfordlearnersdictionaries.com/definition/english/avoid)、[enjoy](https://www.oxfordlearnersdictionaries.com/definition/english/enjoy)、[finish](https://www.oxfordlearnersdictionaries.com/definition/english/finish_1)、[keep](https://www.oxfordlearnersdictionaries.com/definition/english/keep_1)、[remember](https://www.oxfordlearnersdictionaries.com/definition/english/remember)、[forget](https://www.oxfordlearnersdictionaries.com/definition/english/forget)、[stop](https://www.oxfordlearnersdictionaries.com/definition/english/stop_1)、[look forward to](https://www.oxfordlearnersdictionaries.com/definition/english/look-forward-to)。

## parts/12-verb.md:354
原文：- **try** 本义是"把好的挑出来"，由此有了"检验、试验"，14 世纪起又有"尝试、努力"。朝着一个目标努力，用 to do；把一个办法真的拿来试一试、检验效果，就是拿动作本身来检验，用 doing。牛津词典把这两个意思分成两个义项："尝试、努力去做或得到"和"用一用、做一做、试一试，看看好不好"。
改后：- **try** 本义是“把好的挑出来”，由此有了“检验、试验”，14 世纪起又有“尝试、努力”。朝着一个目标努力，用 to do；把一个办法真的拿来试一试、检验效果，就是拿动作本身来检验，用 doing。牛津词典把这两个意思分成两个义项：“尝试、努力去做或得到”和“用一用、做一做、试一试，看看好不好”。

## parts/12-verb.md:355
原文：- **begin、start** 说的都是"开头"。start 本义是"跳起、突然动起来"，1821 年起指"开始行动"，不再带"突然"的意思。开头既可以看成"朝着这个动作迈出第一步"，也可以看成"这个动作本身开始了"，两个角度说的是同一件事，所以接 to do 和 doing 意思基本一样。
改后：- **begin、start** 说的都是“开头”。start 本义是“跳起、突然动起来”，1821 年起指“开始行动”，不再带“突然”的意思。开头既可以看成“朝着这个动作迈出第一步”，也可以看成“这个动作本身开始了”，两个角度说的是同一件事，所以接 to do 和 doing 意思基本一样。

## parts/12-verb.md:363
原文：**中考易错点：** try to do 是"尽力做"，事情朝着目标去，不一定做成。try doing 是真的去做一下，看看效果好不好。
改后：**中考易错点：** try to do 是“尽力做”，事情朝着目标去，不一定做成。try doing 是真的去做一下，看看效果好不好。

## parts/12-verb.md:366
原文：用法依据：[剑桥英汉词典: try](https://dictionary.cambridge.org/zhs/%E8%AF%8D%E5%85%B8/%E8%8B%B1%E8%AF%AD/try)、[begin](https://dictionary.cambridge.org/zhs/%E8%AF%8D%E5%85%B8/%E8%8B%B1%E8%AF%AD/begin)、[start](https://dictionary.cambridge.org/zhs/%E8%AF%8D%E5%85%B8/%E8%8B%B1%E8%AF%AD/start)；[牛津学习词典: try](https://www.oxfordlearnersdictionaries.com/definition/english/try_1)。
改后：用法依据：[剑桥英汉词典：try](https://dictionary.cambridge.org/zhs/%E8%AF%8D%E5%85%B8/%E8%8B%B1%E8%AF%AD/try)、[begin](https://dictionary.cambridge.org/zhs/%E8%AF%8D%E5%85%B8/%E8%8B%B1%E8%AF%AD/begin)、[start](https://dictionary.cambridge.org/zhs/%E8%AF%8D%E5%85%B8/%E8%8B%B1%E8%AF%AD/start)；[牛津学习词典：try](https://www.oxfordlearnersdictionaries.com/definition/english/try_1)。

## parts/13-numeral.md:3
原文：**数词表示数量或顺序。** 表示"几个"的是基数词，表示"第几"的是序数词。序数词还兼有"几分之一"的意思，所以分数也是用它来说的。
改后：**数词表示数量或顺序。** 表示“几个”的是基数词，表示“第几”的是序数词。序数词还兼有“几分之一”的意思，所以分数也是用它来说的。

## parts/13-numeral.md:11
原文：| hundred、thousand 等 | 具体的几百几千，或"成百上千" | **Hundreds of** people come to pick apples. 成百上千的人来摘苹果。 |
改后：| hundred、thousand 等 | 具体的几百几千，或“成百上千” | **Hundreds of** people come to pick apples. 成百上千的人来摘苹果。 |

## parts/13-numeral.md:15
原文：**英语造序数词的办法是在基数词后面加后缀 -th。** etymonline 对 -th 的解释就是"构成序数词的词缀"，fourth、tenth 都是这样来的。多数序数词一看就能拆开，下表按"从本义怎么推出来"把不规则的几个也拆开看。
改后：**英语造序数词的办法是在基数词后面加后缀 -th。** etymonline 对 -th 的解释就是“构成序数词的词缀”，fourth、tenth 都是这样来的。多数序数词一看就能拆开，下表按“从本义怎么推出来”把不规则的几个也拆开看。

## parts/13-numeral.md:19
原文：| one | first | 1st | first 不是从 one 变来的。它是 fore（"前面"）的最高级，本义"最前面的"。排在最前面，就是"第一" |
改后：| one | first | 1st | first 不是从 one 变来的。它是 fore（“前面”）的最高级，本义“最前面的”。排在最前面，就是“第一” |

## parts/13-numeral.md:20
原文：| two | second | 2nd | second 是后来从法语借来的词，来自表示"跟随"的词根，本义"跟在后面的、下一个"。紧跟在第一个后面，就是"第二" |
改后：| two | second | 2nd | second 是后来从法语借来的词，来自表示“跟随”的词根，本义“跟在后面的、下一个”。紧跟在第一个后面，就是“第二” |

## parts/13-numeral.md:25
原文：| twelve | twelfth | 12th | twelve 的本义是"（数完十个）还剩两个"，它最早的写法结尾也是 f，所以序数词写成 twelfth，和 fifth 同理 |
改后：| twelve | twelfth | 12th | twelve 的本义是“（数完十个）还剩两个”，它最早的写法结尾也是 f，所以序数词写成 twelfth，和 fifth 同理 |

## parts/13-numeral.md:26
原文：| twenty | twentieth | 20th | -ty 就是"十"，twenty 是"两个十"。加 -th 时，拼写上 y 变 ie |
改后：| twenty | twentieth | 20th | -ty 就是“十”，twenty 是“两个十”。加 -th 时，拼写上 y 变 ie |

## parts/13-numeral.md:27
原文：| twenty-one | twenty-first | 21st | twenty-one 读出来是一个整体，"第几"的标记加在整个数的末尾，也就是最后那个词上 |
改后：| twenty-one | twenty-first | 21st | twenty-one 读出来是一个整体，“第几”的标记加在整个数的末尾，也就是最后那个词上 |

## parts/13-numeral.md:32
原文：**序数词前面为什么常加 the？** first 本来就是最高级"最前面的"，和 the biggest 一样，排在某个位置上的只有一个，说话双方都能认出是哪一个，所以用 the。剑桥词典也把 first 和最高级、only 放在一起，说它们前面用 the。
改后：**序数词前面为什么常加 the？** first 本来就是最高级“最前面的”，和 the biggest 一样，排在某个位置上的只有一个，说话双方都能认出是哪一个，所以用 the。剑桥词典也把 first 和最高级、only 放在一起，说它们前面用 the。

## parts/13-numeral.md:34
原文：second 还有一个常用意思"秒"，也是从"第二"来的：etymonline 解释，一小时第一次除以六十得到"分"，第二次除以六十得到的就是"秒"。
改后：second 还有一个常用意思“秒”，也是从“第二”来的：etymonline 解释，一小时第一次除以六十得到“分”，第二次除以六十得到的就是“秒”。

## parts/13-numeral.md:38
原文：本义依据：[etymonline: -th](https://www.etymonline.com/word/-th)、[first](https://www.etymonline.com/word/first)、[second](https://www.etymonline.com/word/second)、[third](https://www.etymonline.com/word/third)、[five](https://www.etymonline.com/word/five)、[fifth](https://www.etymonline.com/word/fifth)、[eight](https://www.etymonline.com/word/eight)、[eighth](https://www.etymonline.com/word/eighth)、[ninth](https://www.etymonline.com/word/ninth)、[twelve](https://www.etymonline.com/word/twelve)、[twelfth](https://www.etymonline.com/word/twelfth)、[twenty](https://www.etymonline.com/word/twenty)、[-ty](https://www.etymonline.com/word/-ty)。用法依据：[剑桥英汉词典: first](https://dictionary.cambridge.org/zhs/%E8%AF%8D%E5%85%B8/%E8%8B%B1%E8%AF%AD/first)、[second](https://dictionary.cambridge.org/zhs/%E8%AF%8D%E5%85%B8/%E8%8B%B1%E8%AF%AD/second)、[third](https://dictionary.cambridge.org/zhs/%E8%AF%8D%E5%85%B8/%E8%8B%B1%E8%AF%AD/third)、[fifth](https://dictionary.cambridge.org/zhs/%E8%AF%8D%E5%85%B8/%E8%8B%B1%E8%AF%AD/fifth)、[eighth](https://dictionary.cambridge.org/zhs/%E8%AF%8D%E5%85%B8/%E8%8B%B1%E8%AF%AD/eighth)、[ninth](https://dictionary.cambridge.org/zhs/%E8%AF%8D%E5%85%B8/%E8%8B%B1%E8%AF%AD/ninth)、[twelfth](https://dictionary.cambridge.org/zhs/%E8%AF%8D%E5%85%B8/%E8%8B%B1%E8%AF%AD/twelfth)、[twentieth](https://dictionary.cambridge.org/zhs/%E8%AF%8D%E5%85%B8/%E8%8B%B1%E8%AF%AD/twentieth)、[the](https://dictionary.cambridge.org/zhs/%E8%AF%8D%E5%85%B8/%E8%8B%B1%E8%AF%AD/the)。
改后：本义依据：[etymonline: -th](https://www.etymonline.com/word/-th)、[first](https://www.etymonline.com/word/first)、[second](https://www.etymonline.com/word/second)、[third](https://www.etymonline.com/word/third)、[five](https://www.etymonline.com/word/five)、[fifth](https://www.etymonline.com/word/fifth)、[eight](https://www.etymonline.com/word/eight)、[eighth](https://www.etymonline.com/word/eighth)、[ninth](https://www.etymonline.com/word/ninth)、[twelve](https://www.etymonline.com/word/twelve)、[twelfth](https://www.etymonline.com/word/twelfth)、[twenty](https://www.etymonline.com/word/twenty)、[-ty](https://www.etymonline.com/word/-ty)。用法依据：[剑桥英汉词典：first](https://dictionary.cambridge.org/zhs/%E8%AF%8D%E5%85%B8/%E8%8B%B1%E8%AF%AD/first)、[second](https://dictionary.cambridge.org/zhs/%E8%AF%8D%E5%85%B8/%E8%8B%B1%E8%AF%AD/second)、[third](https://dictionary.cambridge.org/zhs/%E8%AF%8D%E5%85%B8/%E8%8B%B1%E8%AF%AD/third)、[fifth](https://dictionary.cambridge.org/zhs/%E8%AF%8D%E5%85%B8/%E8%8B%B1%E8%AF%AD/fifth)、[eighth](https://dictionary.cambridge.org/zhs/%E8%AF%8D%E5%85%B8/%E8%8B%B1%E8%AF%AD/eighth)、[ninth](https://dictionary.cambridge.org/zhs/%E8%AF%8D%E5%85%B8/%E8%8B%B1%E8%AF%AD/ninth)、[twelfth](https://dictionary.cambridge.org/zhs/%E8%AF%8D%E5%85%B8/%E8%8B%B1%E8%AF%AD/twelfth)、[twentieth](https://dictionary.cambridge.org/zhs/%E8%AF%8D%E5%85%B8/%E8%8B%B1%E8%AF%AD/twentieth)、[the](https://dictionary.cambridge.org/zhs/%E8%AF%8D%E5%85%B8/%E8%8B%B1%E8%AF%AD/the)。

## parts/13-numeral.md:42
原文：**分数：序数词本身就有"几分之一"的意思。** etymonline 给 third、fifth、eighth、ninth、twelfth 的释义都并列两个意思："第几"和"整体平均分成几份中的一份"。剑桥词典把后一个意思标为可数名词：a third 是"三等份中的一份"。既然是可数名词，一份就是 a third 或 one third（这里的 a 就是"一"，见冠词一节），两份就是复数 two thirds。所以分子用基数词说"几份"，分母用序数词说"每份多大"，分子大于 1 时分母加 -s。
改后：**分数：序数词本身就有“几分之一”的意思。** etymonline 给 third、fifth、eighth、ninth、twelfth 的释义都并列两个意思：“第几”和“整体平均分成几份中的一份”。剑桥词典把后一个意思标为可数名词：a third 是“三等份中的一份”。既然是可数名词，一份就是 a third 或 one third（这里的 a 就是“一”，见冠词一节），两份就是复数 two thirds。所以分子用基数词说“几份”，分母用序数词说“每份多大”，分子大于 1 时分母加 -s。

## parts/13-numeral.md:44
原文：二分之一和四分之一有自己的词。half 本义是"一边、一部分"，英语说"二分之一"用的就是这个词：a half，不说 a second。quarter 来自"第四"这个词，本义就是"四份中的一份"。
改后：二分之一和四分之一有自己的词。half 本义是“一边、一部分”，英语说“二分之一”用的就是这个词：a half，不说 a second。quarter 来自“第四”这个词，本义就是“四份中的一份”。

## parts/13-numeral.md:54
原文：**年份：** 剑桥词典博客的说明是：1345、1961 这样的年份，把前两位和后两位各当成一个两位数来读。第三位是 0 时，0 读作 oh；说一串数字时，英语习惯用字母 O 的读音代替 zero（牛津词典在 O 下收了这个用法）。另一种读法是 nineteen hundred and five，字面就是"十九个一百再加五"，不过剑桥词典博客说这种读法较少见，听起来有点老派。
改后：**年份：** 剑桥词典博客的说明是：1345、1961 这样的年份，把前两位和后两位各当成一个两位数来读。第三位是 0 时，0 读作 oh；说一串数字时，英语习惯用字母 O 的读音代替 zero（牛津词典在 O 下收了这个用法）。另一种读法是 nineteen hundred and five，字面就是“十九个一百再加五”，不过剑桥词典博客说这种读法较少见，听起来有点老派。

## parts/13-numeral.md:64
原文：**日期：日期说的是"这个月的第几天"，所以用序数词。** etymonline 记载，名词 first 很早就有"一个月的第一天"这个意思。写作 May 1st，读作 the first of May（五月的第一天）或 May the first。序数词前面加 the 的道理和上一节一样。
改后：**日期：日期说的是“这个月的第几天”，所以用序数词。** etymonline 记载，名词 first 很早就有“一个月的第一天”这个意思。写作 May 1st，读作 the first of May（五月的第一天）或 May the first。序数词前面加 the 的道理和上一节一样。

## parts/13-numeral.md:68
原文：**时刻：说时间就是说"钟上指到哪里"。**
改后：**时刻：说时间就是说“钟上指到哪里”。**

## parts/13-numeral.md:70
原文：- o'clock 是 of the clock 的缩写，字面是"按钟来说的"。seven o'clock 就是"钟上的七点"。所以它只跟 1 到 12 的整点连用，剑桥和牛津词典都这样解释。
改后：- o'clock 是 of the clock 的缩写，字面是“按钟来说的”。seven o'clock 就是“钟上的七点”。所以它只跟 1 到 12 的整点连用，剑桥和牛津词典都这样解释。

## parts/13-numeral.md:71
原文：- past 本义是"经过、越过"，作介词时指时间或位置"在……之后、过了……"。ten past seven 是"过了七点十分钟"。
改后：- past 本义是“经过、越过”，作介词时指时间或位置“在……之后、过了……”。ten past seven 是“过了七点十分钟”。

## parts/13-numeral.md:72
原文：- to 本义是"朝着、到"。剑桥词典说它报时时表示"在所说的钟点之前"：five to eight 是"还差五分钟到八点"。
改后：- to 本义是“朝着、到”。剑桥词典说它报时时表示“在所说的钟点之前”：five to eight 是“还差五分钟到八点”。

## parts/13-numeral.md:73
原文：- half 是"一半"，half past seven 是"过了七点半个小时"。quarter 是"四分之一"，a quarter 就是一小时的四分之一，也就是 15 分钟。
改后：- half 是“一半”，half past seven 是“过了七点半个小时”。quarter 是“四分之一”，a quarter 就是一小时的四分之一，也就是 15 分钟。

## parts/13-numeral.md:75
原文：剑桥词典给 past 的例句从 five past 一直到 half past 为止，过了半点就换成 to。英语报时的习惯就是看离哪个整点近：前半个小时说"过了几点"，后半个小时说"还差多少到下一个点"。
改后：剑桥词典给 past 的例句从 five past 一直到 half past 为止，过了半点就换成 to。英语报时的习惯就是看离哪个整点近：前半个小时说“过了几点”，后半个小时说“还差多少到下一个点”。

## parts/13-numeral.md:88
原文：**中考易错点：** "半小时"是 half an hour，意思是"一个小时的一半"。剑桥词典说 a 可以放在分数和名词之间，比如 half a mile（半英里）、three quarters of an hour（三刻钟）。a 已经放在 half 后面了，前面不再加一个，不说 a half an hour。7:45 用 to 时，to 指向的是还没到的下一个钟点，所以是 a quarter to eight，不是 seven。
改后：**中考易错点：** “半小时”是 half an hour，意思是“一个小时的一半”。剑桥词典说 a 可以放在分数和名词之间，比如 half a mile（半英里）、three quarters of an hour（三刻钟）。a 已经放在 half 后面了，前面不再加一个，不说 a half an hour。7:45 用 to 时，to 指向的是还没到的下一个钟点，所以是 a quarter to eight，不是 seven。

## parts/13-numeral.md:90
原文：本义依据：[etymonline: third](https://www.etymonline.com/word/third)、[fifth](https://www.etymonline.com/word/fifth)、[second](https://www.etymonline.com/word/second)、[half](https://www.etymonline.com/word/half)、[quarter](https://www.etymonline.com/word/quarter)、[first](https://www.etymonline.com/word/first)、[o'clock](https://www.etymonline.com/word/o'clock)、[past](https://www.etymonline.com/word/past)、[to](https://www.etymonline.com/word/to)。用法依据：[剑桥英汉词典: half](https://dictionary.cambridge.org/zhs/%E8%AF%8D%E5%85%B8/%E8%8B%B1%E8%AF%AD/half)、[third](https://dictionary.cambridge.org/zhs/%E8%AF%8D%E5%85%B8/%E8%8B%B1%E8%AF%AD/third)、[quarter](https://dictionary.cambridge.org/zhs/%E8%AF%8D%E5%85%B8/%E8%8B%B1%E8%AF%AD/quarter)、[first](https://dictionary.cambridge.org/zhs/%E8%AF%8D%E5%85%B8/%E8%8B%B1%E8%AF%AD/first)、[date](https://dictionary.cambridge.org/zhs/%E8%AF%8D%E5%85%B8/%E8%8B%B1%E8%AF%AD/date)、[past](https://dictionary.cambridge.org/zhs/%E8%AF%8D%E5%85%B8/%E8%8B%B1%E8%AF%AD/past)、[to](https://dictionary.cambridge.org/zhs/%E8%AF%8D%E5%85%B8/%E8%8B%B1%E8%AF%AD/to)、[o'clock](https://dictionary.cambridge.org/zhs/%E8%AF%8D%E5%85%B8/%E8%8B%B1%E8%AF%AD/o-clock)、[a](https://dictionary.cambridge.org/zhs/%E8%AF%8D%E5%85%B8/%E8%8B%B1%E8%AF%AD/a)；[牛津学习词典: o'clock](https://www.oxfordlearnersdictionaries.com/definition/english/o-clock_1)、[O](https://www.oxfordlearnersdictionaries.com/definition/english/o_1)、[half](https://www.oxfordlearnersdictionaries.com/definition/english/half_1)。年份读法依据：[剑桥词典博客: 1066 and all that – how to say years](https://dictionaryblog.cambridge.org/2017/10/04/1066-and-all-that-how-to-say-years/)。
改后：本义依据：[etymonline: third](https://www.etymonline.com/word/third)、[fifth](https://www.etymonline.com/word/fifth)、[second](https://www.etymonline.com/word/second)、[half](https://www.etymonline.com/word/half)、[quarter](https://www.etymonline.com/word/quarter)、[first](https://www.etymonline.com/word/first)、[o'clock](https://www.etymonline.com/word/o'clock)、[past](https://www.etymonline.com/word/past)、[to](https://www.etymonline.com/word/to)。用法依据：[剑桥英汉词典：half](https://dictionary.cambridge.org/zhs/%E8%AF%8D%E5%85%B8/%E8%8B%B1%E8%AF%AD/half)、[third](https://dictionary.cambridge.org/zhs/%E8%AF%8D%E5%85%B8/%E8%8B%B1%E8%AF%AD/third)、[quarter](https://dictionary.cambridge.org/zhs/%E8%AF%8D%E5%85%B8/%E8%8B%B1%E8%AF%AD/quarter)、[first](https://dictionary.cambridge.org/zhs/%E8%AF%8D%E5%85%B8/%E8%8B%B1%E8%AF%AD/first)、[date](https://dictionary.cambridge.org/zhs/%E8%AF%8D%E5%85%B8/%E8%8B%B1%E8%AF%AD/date)、[past](https://dictionary.cambridge.org/zhs/%E8%AF%8D%E5%85%B8/%E8%8B%B1%E8%AF%AD/past)、[to](https://dictionary.cambridge.org/zhs/%E8%AF%8D%E5%85%B8/%E8%8B%B1%E8%AF%AD/to)、[o'clock](https://dictionary.cambridge.org/zhs/%E8%AF%8D%E5%85%B8/%E8%8B%B1%E8%AF%AD/o-clock)、[a](https://dictionary.cambridge.org/zhs/%E8%AF%8D%E5%85%B8/%E8%8B%B1%E8%AF%AD/a)；[牛津学习词典：o'clock](https://www.oxfordlearnersdictionaries.com/definition/english/o-clock_1)、[O](https://www.oxfordlearnersdictionaries.com/definition/english/o_1)、[half](https://www.oxfordlearnersdictionaries.com/definition/english/half_1)。年份读法依据：[剑桥词典博客：1066 and all that – how to say years](https://dictionaryblog.cambridge.org/2017/10/04/1066-and-all-that-how-to-say-years/)。

## parts/13-numeral.md:94
原文：**hundred 本义是"一百这个数"。** etymonline 解释，它由"一百"和"计数"两部分组成，本义是"数到一百"。three hundred 就是"三个一百"。这时 hundred 和 three 一起组成一个数，数字放在名词前面说"有多少"，本身没有复数，就像 three apples 里的 three 不会变，所以不说 three hundreds apples。
改后：**hundred 本义是“一百这个数”。** etymonline 解释，它由“一百”和“计数”两部分组成，本义是“数到一百”。three hundred 就是“三个一百”。这时 hundred 和 three 一起组成一个数，数字放在名词前面说“有多少”，本身没有复数，就像 three apples 里的 three 不会变，所以不说 three hundreds apples。

## parts/13-numeral.md:96
原文：hundreds 是另一回事。剑桥词典给 hundreds 单列了一个义项"很多"，牛津词典标为复数、意思是"大量"。这时它是名词"好几个一百"，名词后面要说"是什么东西的好几百"，就用 of 连起来，和 a lot of 一样。数量不确定，所以前面不能再加具体的数字。
改后：hundreds 是另一回事。剑桥词典给 hundreds 单列了一个义项“很多”，牛津词典标为复数、意思是“大量”。这时它是名词“好几个一百”，名词后面要说“是什么东西的好几百”，就用 of 连起来，和 a lot of 一样。数量不确定，所以前面不能再加具体的数字。

## parts/13-numeral.md:98
原文：thousand 也是这样。etymonline 说它常用来指"数不清的、不确定的大数"，所以有 thousands of。dozen 的本义是"一组十二个"，而且是"正好十二个"；dozens of 在剑桥词典里的意思是"很多，但不是确切的数"。
改后：thousand 也是这样。etymonline 说它常用来指“数不清的、不确定的大数”，所以有 thousands of。dozen 的本义是“一组十二个”，而且是“正好十二个”；dozens of 在剑桥词典里的意思是“很多，但不是确切的数”。

## parts/13-numeral.md:103
原文：| a hundred + 名词 | 一百，a 就是"一" | We picked **a hundred** apples. 我们摘了一百个苹果。 |
改后：| a hundred + 名词 | 一百，a 就是“一” | We picked **a hundred** apples. 我们摘了一百个苹果。 |

## parts/13-numeral.md:111
原文：**中考易错点：** 不说 three hundreds apples，也不说 three hundreds of apples：有具体数字时 hundred 是数的一部分，不变复数，也不加 of。hundreds of 表示的是"不确定的好几百"，前面不再加具体数字。
改后：**中考易错点：** 不说 three hundreds apples，也不说 three hundreds of apples：有具体数字时 hundred 是数的一部分，不变复数，也不加 of。hundreds of 表示的是“不确定的好几百”，前面不再加具体数字。

## parts/13-numeral.md:113
原文：本义依据：[etymonline: hundred](https://www.etymonline.com/word/hundred)、[thousand](https://www.etymonline.com/word/thousand)、[dozen](https://www.etymonline.com/word/dozen)。用法依据：[剑桥英汉词典: hundred](https://dictionary.cambridge.org/zhs/%E8%AF%8D%E5%85%B8/%E8%8B%B1%E8%AF%AD/hundred)、[thousand](https://dictionary.cambridge.org/zhs/%E8%AF%8D%E5%85%B8/%E8%8B%B1%E8%AF%AD/thousand)、[dozen](https://dictionary.cambridge.org/zhs/%E8%AF%8D%E5%85%B8/%E8%8B%B1%E8%AF%AD/dozen)；[牛津学习词典: hundred](https://www.oxfordlearnersdictionaries.com/definition/english/hundred_1)。
改后：本义依据：[etymonline: hundred](https://www.etymonline.com/word/hundred)、[thousand](https://www.etymonline.com/word/thousand)、[dozen](https://www.etymonline.com/word/dozen)。用法依据：[剑桥英汉词典：hundred](https://dictionary.cambridge.org/zhs/%E8%AF%8D%E5%85%B8/%E8%8B%B1%E8%AF%AD/hundred)、[thousand](https://dictionary.cambridge.org/zhs/%E8%AF%8D%E5%85%B8/%E8%8B%B1%E8%AF%AD/thousand)、[dozen](https://dictionary.cambridge.org/zhs/%E8%AF%8D%E5%85%B8/%E8%8B%B1%E8%AF%AD/dozen)；[牛津学习词典：hundred](https://www.oxfordlearnersdictionaries.com/definition/english/hundred_1)。

## parts/14-article.md:3
原文：**冠词放在名词前面，说明这个名词是"随便一个"还是"特定的那个"。** 英语只有三个冠词：a、an、the。有时名词前面什么冠词都不加，叫零冠词。
改后：**冠词放在名词前面，说明这个名词是“随便一个”还是“特定的那个”。** 英语只有三个冠词：a、an、the。有时名词前面什么冠词都不加，叫零冠词。

## parts/14-article.md:5
原文：三个冠词都能从本义推出来：an 本来就是"一"，a 是 an 在辅音前脱掉 n 的形式；the 本来是指示词"这、那"的一种形状，早期和 that 不分，今天 that 更强调，the 是语气较弱的"那"。所以 a、an 说的是"一个"，the 说的是"那一个"。
改后：三个冠词都能从本义推出来：an 本来就是“一”，a 是 an 在辅音前脱掉 n 的形式；the 本来是指示词“这、那”的一种形状，早期和 that 不分，今天 that 更强调，the 是语气较弱的“那”。所以 a、an 说的是“一个”，the 说的是“那一个”。

## parts/14-article.md:9
原文：| 不定冠词 | a、an | "一" | 一个，不特指哪一个 | I ate **an** apple. 我吃了一个苹果。 |
改后：| 不定冠词 | a、an | “一” | 一个，不特指哪一个 | I ate **an** apple. 我吃了一个苹果。 |

## parts/14-article.md:10
原文：| 定冠词 | the | "那" | 特指的那一个，或者双方都知道的那一个 | **The** apple was sweet. 那个苹果很甜。 |
改后：| 定冠词 | the | “那” | 特指的那一个，或者双方都知道的那一个 | **The** apple was sweet. 那个苹果很甜。 |

## parts/14-article.md:15
原文：**an 本来就是"一"。** etymonline 说，an 和 one 本是同一个词，意思是"一"；后来 one 的读音变了，分成了两个词。法语、德语的"一个"和"一"至今还是同一个词，英语的 an 也是这样来的。
改后：**an 本来就是“一”。** etymonline 说，an 和 one 本是同一个词，意思是“一”；后来 one 的读音变了，分成了两个词。法语、德语的“一个”和“一”至今还是同一个词，英语的 an 也是这样来的。

## parts/14-article.md:29
原文：**a 就是"一"，所以 a 还能直接当"一"用：** a hundred（一百）、a dozen（一打）、half an hour（一个小时的一半）。剑桥词典把这些都列在 a 的"一"这个义项下。
改后：**a 就是“一”，所以 a 还能直接当“一”用：** a hundred（一百）、a dozen（一打）、half an hour（一个小时的一半）。剑桥词典把这些都列在 a 的“一”这个义项下。

## parts/14-article.md:33
原文：**表示"每"的 a 是另一个来源。** Apples are five yuan **a** kilo.（苹果五元一公斤。）这里的 a 看上去是"一"，但 etymonline 说，twice a day 这类说法里的 a，其实是介词 on 磨损后的形式，意思是"在每一个……上"。它先用于时间，twice a day 就是"每一天两次"；后来扩展到价格、数量，five yuan a kilo 就是"每公斤五元"。剑桥和牛津词典都收了这个用法：说频率、价格、速度时用 a 表示"每"。
改后：**表示“每”的 a 是另一个来源。** Apples are five yuan **a** kilo.（苹果五元一公斤。）这里的 a 看上去是“一”，但 etymonline 说，twice a day 这类说法里的 a，其实是介词 on 磨损后的形式，意思是“在每一个……上”。它先用于时间，twice a day 就是“每一天两次”；后来扩展到价格、数量，five yuan a kilo 就是“每公斤五元”。剑桥和牛津词典都收了这个用法：说频率、价格、速度时用 a 表示“每”。

## parts/14-article.md:39
原文：本义依据：[etymonline: an](https://www.etymonline.com/word/an)、[a](https://www.etymonline.com/word/a)、[one](https://www.etymonline.com/word/one)、[hour](https://www.etymonline.com/word/hour)。用法依据：[剑桥英汉词典: a](https://dictionary.cambridge.org/zhs/%E8%AF%8D%E5%85%B8/%E8%8B%B1%E8%AF%AD/a)、[an](https://dictionary.cambridge.org/zhs/%E8%AF%8D%E5%85%B8/%E8%8B%B1%E8%AF%AD/an)、[hour](https://dictionary.cambridge.org/zhs/%E8%AF%8D%E5%85%B8/%E8%8B%B1%E8%AF%AD/hour)、[honest](https://dictionary.cambridge.org/zhs/%E8%AF%8D%E5%85%B8/%E8%8B%B1%E8%AF%AD/honest)、[unit](https://dictionary.cambridge.org/zhs/%E8%AF%8D%E5%85%B8/%E8%8B%B1%E8%AF%AD/unit)；[牛津学习词典: a](https://www.oxfordlearnersdictionaries.com/definition/english/a_1)。
改后：本义依据：[etymonline: an](https://www.etymonline.com/word/an)、[a](https://www.etymonline.com/word/a)、[one](https://www.etymonline.com/word/one)、[hour](https://www.etymonline.com/word/hour)。用法依据：[剑桥英汉词典：a](https://dictionary.cambridge.org/zhs/%E8%AF%8D%E5%85%B8/%E8%8B%B1%E8%AF%AD/a)、[an](https://dictionary.cambridge.org/zhs/%E8%AF%8D%E5%85%B8/%E8%8B%B1%E8%AF%AD/an)、[hour](https://dictionary.cambridge.org/zhs/%E8%AF%8D%E5%85%B8/%E8%8B%B1%E8%AF%AD/hour)、[honest](https://dictionary.cambridge.org/zhs/%E8%AF%8D%E5%85%B8/%E8%8B%B1%E8%AF%AD/honest)、[unit](https://dictionary.cambridge.org/zhs/%E8%AF%8D%E5%85%B8/%E8%8B%B1%E8%AF%AD/unit)；[牛津学习词典：a](https://www.oxfordlearnersdictionaries.com/definition/english/a_1)。

## parts/14-article.md:43
原文：**the 本来是指示词"那"。** etymonline 说，the 来自表示"这、那"的指示词，早期英语里 the 和 that 还不分；今天的 that 只是比 the 更强调、更具体。the 就是说得轻一点的"那"。
改后：**the 本来是指示词“那”。** etymonline 说，the 来自表示“这、那”的指示词，早期英语里 the 和 that 还不分；今天的 that 只是比 the 更强调、更具体。the 就是说得轻一点的“那”。

## parts/14-article.md:45
原文：说"那个"的前提是，听的人知道你指的是哪一个。所以 the 用在双方都能认出是哪一个的东西前面。下表每一种用法，都是"听的人为什么能认出来"的一种情况。
改后：说“那个”的前提是，听的人知道你指的是哪一个。所以 the 用在双方都能认出是哪一个的东西前面。下表每一种用法，都是“听的人为什么能认出来”的一种情况。

## parts/14-article.md:49
原文：| 前面已经提到过 | 刚才说过，"那个"就是刚才那个 | I bought an apple and a pear. **The** apple was very sweet. 我买了一个苹果和一个梨。那个苹果很甜。 |
改后：| 前面已经提到过 | 刚才说过，“那个”就是刚才那个 | I bought an apple and a pear. **The** apple was very sweet. 我买了一个苹果和一个梨。那个苹果很甜。 |

## parts/14-article.md:52
原文：| 最高级和序数词前面 | "最大的""第一个"只有一个 | This is **the** biggest apple. 这是最大的苹果。<br/>He ate **the** first apple. 他吃了第一个苹果。 |
改后：| 最高级和序数词前面 | “最大的”“第一个”只有一个 | This is **the** biggest apple. 这是最大的苹果。<br/>He ate **the** first apple. 他吃了第一个苹果。 |

## parts/14-article.md:53
原文：| 乐器前面 | 说的是"钢琴这种乐器"这一类东西，大家都知道是哪一类 | She can play **the** piano. 她会弹钢琴。 |
改后：| 乐器前面 | 说的是“钢琴这种乐器”这一类东西，大家都知道是哪一类 | She can play **the** piano. 她会弹钢琴。 |

## parts/14-article.md:54
原文：| the + 姓氏复数，指一家人 | "那几个姓格林的人"，就是格林这一家 | **The** Greens grow apples. 格林一家种苹果。 |
改后：| the + 姓氏复数，指一家人 | “那几个姓格林的人”，就是格林这一家 | **The** Greens grow apples. 格林一家种苹果。 |

## parts/14-article.md:56
原文：最高级前用 the 的道理，在数词一节也用过：first 本来就是"最前面的"，所以 the first 和 the biggest 一样。
改后：最高级前用 the 的道理，在数词一节也用过：first 本来就是“最前面的”，所以 the first 和 the biggest 一样。

## parts/14-article.md:58
原文：**中考易错点：** 第一次提到时，听的人还不知道是哪一个，所以用 a 或 an；再次提到时，听的人已经知道了，就改用"那个"，也就是 the。
改后：**中考易错点：** 第一次提到时，听的人还不知道是哪一个，所以用 a 或 an；再次提到时，听的人已经知道了，就改用“那个”，也就是 the。

## parts/14-article.md:60
原文：本义依据：[etymonline: the](https://www.etymonline.com/word/the)、[that](https://www.etymonline.com/word/that)、[first](https://www.etymonline.com/word/first)。用法依据：[剑桥英汉词典: the](https://dictionary.cambridge.org/zhs/%E8%AF%8D%E5%85%B8/%E8%8B%B1%E8%AF%AD/the)、[piano](https://dictionary.cambridge.org/zhs/%E8%AF%8D%E5%85%B8/%E8%8B%B1%E8%AF%AD/piano)；[牛津学习词典: the](https://www.oxfordlearnersdictionaries.com/definition/english/the_1)。
改后：本义依据：[etymonline: the](https://www.etymonline.com/word/the)、[that](https://www.etymonline.com/word/that)、[first](https://www.etymonline.com/word/first)。用法依据：[剑桥英汉词典：the](https://dictionary.cambridge.org/zhs/%E8%AF%8D%E5%85%B8/%E8%8B%B1%E8%AF%AD/the)、[piano](https://dictionary.cambridge.org/zhs/%E8%AF%8D%E5%85%B8/%E8%8B%B1%E8%AF%AD/piano)；[牛津学习词典：the](https://www.oxfordlearnersdictionaries.com/definition/english/the_1)。

## parts/14-article.md:64
原文：**a 说"一个"，the 说"那一个"，都是在指一个具体的东西。名词说的不是某一个东西，而是一件事、一个时段或一类活动时，就用不上这两个词。** 这类名词在词典里通常标为不可数。
改后：**a 说“一个”，the 说“那一个”，都是在指一个具体的东西。名词说的不是某一个东西，而是一件事、一个时段或一类活动时，就用不上这两个词。** 这类名词在词典里通常标为不可数。

## parts/14-article.md:68
原文：| 三餐：breakfast、lunch、dinner | breakfast 由 break（打破）和 fast（空腹、斋戒）组成，本义是"结束空腹"，也就是一天的第一顿饭，说的是每天的一件事。说"吃早饭""早饭后"时，指的是这件事、这个时段，不是某一份饭 | I always eat an apple after **lunch**. 我总是午饭后吃一个苹果。<br/>We had apples for **breakfast**. 我们早饭吃了苹果。 |
改后：| 三餐：breakfast、lunch、dinner | breakfast 由 break（打破）和 fast（空腹、斋戒）组成，本义是“结束空腹”，也就是一天的第一顿饭，说的是每天的一件事。说“吃早饭”“早饭后”时，指的是这件事、这个时段，不是某一份饭 | I always eat an apple after **lunch**. 我总是午饭后吃一个苹果。<br/>We had apples for **breakfast**. 我们早饭吃了苹果。 |

## parts/14-article.md:69
原文：| 球类和棋类运动 | 剑桥词典把 football 标为不可数名词，意思是"一种比赛"。它是一项活动的名称，不是一个东西，所以不加冠词 | The kids were playing **football** under the apple trees. 孩子们在苹果树下踢足球。 |
改后：| 球类和棋类运动 | 剑桥词典把 football 标为不可数名词，意思是“一种比赛”。它是一项活动的名称，不是一个东西，所以不加冠词 | The kids were playing **football** under the apple trees. 孩子们在苹果树下踢足球。 |

## parts/14-article.md:70
原文：| school 指上学这件事，不指那栋楼 | etymonline 说 school 在英语里最早指"教学的机构"，"校舍"这个意思是后来才有的。牛津词典把"在学校学习这件事"标为不可数，把"学校这个地方"标为可数 | The children go to **school** at seven. 孩子们七点去上学。 |
改后：| school 指上学这件事，不指那栋楼 | etymonline 说 school 在英语里最早指“教学的机构”，“校舍”这个意思是后来才有的。牛津词典把“在学校学习这件事”标为不可数，把“学校这个地方”标为可数 | The children go to **school** at seven. 孩子们七点去上学。 |

## parts/14-article.md:72
原文：school 指那栋楼时，就是一个具体的地方，要加冠词：I'll meet you outside **the** school. 我在学校外面等你。church 的用法和 school 一样，见第一部分"对比：at church 与 in church"。by + 交通工具也不加冠词，见下一节"by bus、play football 与 play the piano"。
改后：school 指那栋楼时，就是一个具体的地方，要加冠词：I'll meet you outside **the** school. 我在学校外面等你。church 的用法和 school 一样，见第一部分“对比：at church 与 in church”。by + 交通工具也不加冠词，见下一节"by bus、play football 与 play the piano"。

## parts/14-article.md:74
原文：**中考易错点：** 三餐前面有形容词时要加 a：I had **a** big breakfast. 我早饭吃得很丰盛。这时说的不是"吃早饭"这件事，而是"一顿怎样的早饭"，是具体的一顿，所以用 a。牛津词典把 breakfast 标为可数和不可数两用，例句就有 a big breakfast。
改后：**中考易错点：** 三餐前面有形容词时要加 a：I had **a** big breakfast. 我早饭吃得很丰盛。这时说的不是“吃早饭”这件事，而是“一顿怎样的早饭”，是具体的一顿，所以用 a。牛津词典把 breakfast 标为可数和不可数两用，例句就有 a big breakfast。

## parts/14-article.md:76
原文：本义依据：[etymonline: breakfast](https://www.etymonline.com/word/breakfast)、[school](https://www.etymonline.com/word/school)。用法依据：[剑桥英汉词典: breakfast](https://dictionary.cambridge.org/zhs/%E8%AF%8D%E5%85%B8/%E8%8B%B1%E8%AF%AD/breakfast)、[lunch](https://dictionary.cambridge.org/zhs/%E8%AF%8D%E5%85%B8/%E8%8B%B1%E8%AF%AD/lunch)、[football](https://dictionary.cambridge.org/zhs/%E8%AF%8D%E5%85%B8/%E8%8B%B1%E8%AF%AD/football)、[school](https://dictionary.cambridge.org/zhs/%E8%AF%8D%E5%85%B8/%E8%8B%B1%E8%AF%AD/school)；[牛津学习词典: breakfast](https://www.oxfordlearnersdictionaries.com/definition/english/breakfast_1)、[school](https://www.oxfordlearnersdictionaries.com/definition/english/school_1)。
改后：本义依据：[etymonline: breakfast](https://www.etymonline.com/word/breakfast)、[school](https://www.etymonline.com/word/school)。用法依据：[剑桥英汉词典：breakfast](https://dictionary.cambridge.org/zhs/%E8%AF%8D%E5%85%B8/%E8%8B%B1%E8%AF%AD/breakfast)、[lunch](https://dictionary.cambridge.org/zhs/%E8%AF%8D%E5%85%B8/%E8%8B%B1%E8%AF%AD/lunch)、[football](https://dictionary.cambridge.org/zhs/%E8%AF%8D%E5%85%B8/%E8%8B%B1%E8%AF%AD/football)、[school](https://dictionary.cambridge.org/zhs/%E8%AF%8D%E5%85%B8/%E8%8B%B1%E8%AF%AD/school)；[牛津学习词典：breakfast](https://www.oxfordlearnersdictionaries.com/definition/english/breakfast_1)、[school](https://www.oxfordlearnersdictionaries.com/definition/english/school_1)。

## parts/14-article.md:84
原文：| by bus、by car、by train | 不加 | 剑桥词典说，by 在这里表示"用什么方式做事"。by bus 说的是"坐公交这种方式"，不是哪一辆车 | We went to the apple farm **by bus**. 我们坐公交去了苹果园。 |
改后：| by bus、by car、by train | 不加 | 剑桥词典说，by 在这里表示“用什么方式做事”。by bus 说的是“坐公交这种方式”，不是哪一辆车 | We went to the apple farm **by bus**. 我们坐公交去了苹果园。 |

## parts/14-article.md:87
原文：| play the piano、play the violin | 加 the | piano 是可数名词，是一件东西。剑桥和牛津词典都说，the 用在乐器前面，指"这一类乐器" | She **played the piano** at the apple festival. 她在苹果节上弹了钢琴。 |
改后：| play the piano、play the violin | 加 the | piano 是可数名词，是一件东西。剑桥和牛津词典都说，the 用在乐器前面，指“这一类乐器” | She **played the piano** at the apple festival. 她在苹果节上弹了钢琴。 |

## parts/14-article.md:93
原文：**中考易错点：** 表示乘坐交通工具时，by 后面说的是方式，直接跟 bus、car，不加冠词。一旦加了 the，说的就是"那一辆车"这个具体的东西，介词也要换成表示位置的 on 或 in：on the bus。
改后：**中考易错点：** 表示乘坐交通工具时，by 后面说的是方式，直接跟 bus、car，不加冠词。一旦加了 the，说的就是“那一辆车”这个具体的东西，介词也要换成表示位置的 on 或 in：on the bus。

## parts/14-article.md:95
原文：用法依据：[剑桥英汉词典: by](https://dictionary.cambridge.org/zhs/%E8%AF%8D%E5%85%B8/%E8%8B%B1%E8%AF%AD/by)、[bus](https://dictionary.cambridge.org/zhs/%E8%AF%8D%E5%85%B8/%E8%8B%B1%E8%AF%AD/bus)、[play](https://dictionary.cambridge.org/zhs/%E8%AF%8D%E5%85%B8/%E8%8B%B1%E8%AF%AD/play)、[football](https://dictionary.cambridge.org/zhs/%E8%AF%8D%E5%85%B8/%E8%8B%B1%E8%AF%AD/football)、[piano](https://dictionary.cambridge.org/zhs/%E8%AF%8D%E5%85%B8/%E8%8B%B1%E8%AF%AD/piano)、[the](https://dictionary.cambridge.org/zhs/%E8%AF%8D%E5%85%B8/%E8%8B%B1%E8%AF%AD/the)；[牛津学习词典: by](https://www.oxfordlearnersdictionaries.com/definition/english/by_1)、[the](https://www.oxfordlearnersdictionaries.com/definition/english/the_1)。
改后：用法依据：[剑桥英汉词典：by](https://dictionary.cambridge.org/zhs/%E8%AF%8D%E5%85%B8/%E8%8B%B1%E8%AF%AD/by)、[bus](https://dictionary.cambridge.org/zhs/%E8%AF%8D%E5%85%B8/%E8%8B%B1%E8%AF%AD/bus)、[play](https://dictionary.cambridge.org/zhs/%E8%AF%8D%E5%85%B8/%E8%8B%B1%E8%AF%AD/play)、[football](https://dictionary.cambridge.org/zhs/%E8%AF%8D%E5%85%B8/%E8%8B%B1%E8%AF%AD/football)、[piano](https://dictionary.cambridge.org/zhs/%E8%AF%8D%E5%85%B8/%E8%8B%B1%E8%AF%AD/piano)、[the](https://dictionary.cambridge.org/zhs/%E8%AF%8D%E5%85%B8/%E8%8B%B1%E8%AF%AD/the)；[牛津学习词典：by](https://www.oxfordlearnersdictionaries.com/definition/english/by_1)、[the](https://www.oxfordlearnersdictionaries.com/definition/english/the_1)。

## parts/15-preposition.md:3
原文：**每个介词都有一个空间上的本义，多数用法都能从这个画面一步步推出来。** 下面每个用法都按"本义 → 引申 → 用法"来写，推导的每一步都注明依据（etymonline 词条或学习词典的义项）。少数用法词典里查不到推导过程，就照英语本身的用法来讲，并且直接说明"这一步推不出来"。
改后：**每个介词都有一个空间上的本义，多数用法都能从这个画面一步步推出来。** 下面每个用法都按“本义 → 引申 → 用法”来写，推导的每一步都注明依据（etymonline 词条或学习词典的义项）。少数用法词典里查不到推导过程，就照英语本身的用法来讲，并且直接说明“这一步推不出来”。

## parts/15-preposition.md:15
原文：这个区别正好能从本义看出来：in 是"被一个空间包围"，树冠是一团枝叶，鸟钻在里面；on 是"贴着表面、被它托住"，苹果长在树枝上，树枝托着它。
改后：这个区别正好能从本义看出来：in 是“被一个空间包围”，树冠是一团枝叶，鸟钻在里面；on 是“贴着表面、被它托住”，苹果长在树枝上，树枝托着它。

## parts/15-preposition.md:21
原文：| **on** | 贴在表面上，被它托住。etymonline 给 on 的第一个意思就是"在上面并且接触"和"处在被它托住的位置"<br/>![on：苹果被桌面托住](images/prep-on.svg) | 本义直接用：在表面上 | There is an apple **on** the table. 桌上有一个苹果。 |
改后：| **on** | 贴在表面上，被它托住。etymonline 给 on 的第一个意思就是“在上面并且接触”和“处在被它托住的位置”<br/>![on：苹果被桌面托住](images/prep-on.svg) | 本义直接用：在表面上 | There is an apple **on** the table. 桌上有一个苹果。 |

## parts/15-preposition.md:22
原文：| | | 接触表面就算，不一定在上方：侧面、贴着的都行。牛津的定义是"覆盖、接触某个表面"，例句 a picture on a wall（墙上的一幅画） | There is a sticker **on** the apple. 苹果上贴着一张标签。 |
改后：| | | 接触表面就算，不一定在上方：侧面、贴着的都行。牛津的定义是“覆盖、接触某个表面”，例句 a picture on a wall（墙上的一幅画） | There is a sticker **on** the apple. 苹果上贴着一张标签。 |

## parts/15-preposition.md:23
原文：| | | 被托住 → 靠它撑着 → 取决于它。牛津把"被……托住"和"以……为基础"都列为 on 的义项（a story based on fact 根据事实写的故事） | The apple harvest depends **on** the weather. 苹果收成取决于天气。 |
改后：| | | 被托住 → 靠它撑着 → 取决于它。牛津把“被……托住”和“以……为基础”都列为 on 的义项（a story based on fact 根据事实写的故事） | The apple harvest depends **on** the weather. 苹果收成取决于天气。 |

## parts/15-preposition.md:24
原文：| | | etymonline 说 on 还表示"动作指向的目标"：钱"落"到了哪样东西上 | He spent ten yuan **on** apples. 他花十元买苹果。 |
改后：| | | etymonline 说 on 还表示“动作指向的目标”：钱“落”到了哪样东西上 | He spent ten yuan **on** apples. 他花十元买苹果。 |

## parts/15-preposition.md:25
原文：| | | etymonline 给 on 列出的意思里直接就有"关于、涉及"，和"动作指向的目标"写在一起：一本书的内容指向哪个对象，就是关于什么 | a book **on** apples 一本关于苹果的书 |
改后：| | | etymonline 给 on 列出的意思里直接就有“关于、涉及”，和“动作指向的目标”写在一起：一本书的内容指向哪个对象，就是关于什么 | a book **on** apples 一本关于苹果的书 |

## parts/15-preposition.md:26
原文：| | | 某一天：这一步推不出来，见后面"时间 in、on、at"一节 | We buy apples **on** Sundays. 我们周日买苹果。 |
改后：| | | 某一天：这一步推不出来，见后面“时间 in、on、at”一节 | We buy apples **on** Sundays. 我们周日买苹果。 |

## parts/15-preposition.md:27
原文：| **in** | 在里面，被包围。牛津的定义是"在某物的形状之内，被它包围"<br/>![in：苹果被篮子包围](images/prep-in.svg) | 本义直接用：在容器或区域里 | The apples are **in** the basket. 苹果在篮子里。 |
改后：| **in** | 在里面，被包围。牛津的定义是“在某物的形状之内，被它包围”<br/>![in：苹果被篮子包围](images/prep-in.svg) | 本义直接用：在容器或区域里 | The apples are **in** the basket. 苹果在篮子里。 |

## parts/15-preposition.md:29
原文：| | | 把一段时间看成一个范围，事情落在这个范围里面。etymonline 记载 in 很早就有"在……期间"的意思 | Apples are cheap **in** October. 十月的苹果很便宜。 |
改后：| | | 把一段时间看成一个范围，事情落在这个范围里面。etymonline 记载 in 很早就有“在……期间”的意思 | Apples are cheap **in** October. 十月的苹果很便宜。 |

## parts/15-preposition.md:30
原文：| | | 在里面 → 处在某种形式、状态里。牛津把"用某种语言、材料"和"处于某种状态、形式"都列为 in 的义项（She wrote in pencil. 她用铅笔写的）。话"装在"英语这种形式里说出来 | How do you say "苹果" **in** English? 苹果用英语怎么说？ |
改后：| | | 在里面 → 处在某种形式、状态里。牛津把“用某种语言、材料”和“处于某种状态、形式”都列为 in 的义项（She wrote in pencil. 她用铅笔写的）。话“装在”英语这种形式里说出来 | How do you say "苹果" **in** English? 苹果用英语怎么说？ |

## parts/15-preposition.md:31
原文：| **at** | 到、靠近某一点。etymonline 给的本义是"到、靠近、在"，只指出位置，不管这个地方有多大<br/>![at：箭头指向一个点](images/prep-at.svg) | 把一个地点当作一个点：在哪儿发生 | I bought apples **at** the market. 我在市场买了苹果。 |
改后：| **at** | 到、靠近某一点。etymonline 给的本义是“到、靠近、在”，只指出位置，不管这个地方有多大<br/>![at：箭头指向一个点](images/prep-at.svg) | 把一个地点当作一个点：在哪儿发生 | I bought apples **at** the market. 我在市场买了苹果。 |

## parts/15-preposition.md:33
原文：| | | 本义里就有"到、朝着"：目光朝着那个点 | Look **at** the apple! 看那个苹果！ |
改后：| | | 本义里就有“到、朝着”：目光朝着那个点 | Look **at** the apple! 看那个苹果！ |

## parts/15-preposition.md:34
原文：| | | 擅长哪一项：推不出来。etymonline 引用《牛津英语词典》的话，说 at 的用法很多，有些离空间本义太远，很难归类。牛津学习词典把它单列一个义项："用在形容词后面，说一个人某件事做得怎么样"。at 后面指出的是"在哪一件事上" | I'm good **at** drawing apples. 我擅长画苹果。 |
改后：| | | 擅长哪一项：推不出来。etymonline 引用《牛津英语词典》的话，说 at 的用法很多，有些离空间本义太远，很难归类。牛津学习词典把它单列一个义项：“用在形容词后面，说一个人某件事做得怎么样”。at 后面指出的是“在哪一件事上” | I'm good **at** drawing apples. 我擅长画苹果。 |

## parts/15-preposition.md:35
原文：| **by** | 在旁边、靠近。etymonline 给的本义是"在近处、在旁边"，最早是一个表示地点的小词<br/>![by：苹果紧挨着树](images/prep-by.svg) | 本义直接用：在旁边 | There is a house **by** the apple tree. 苹果树旁边有座房子。 |
改后：| **by** | 在旁边、靠近。etymonline 给的本义是“在近处、在旁边”，最早是一个表示地点的小词<br/>![by：苹果紧挨着树](images/prep-by.svg) | 本义直接用：在旁边 | There is a house **by** the apple tree. 苹果树旁边有座房子。 |

## parts/15-preposition.md:36
原文：| | | 靠近 → 经过 → 走哪条路 → 用哪种方式。牛津有"经过"这个义项（He walked by me. 他从我身边走过）；etymonline 说 by the way（顺便说一句）字面意思是"沿着这条路"；牛津"方式"义项下的例句 travel by air/land/sea（走空路、陆路、海路）说的正是走哪条路 | We went to the apple farm **by** bus. 我们坐公交去了苹果园。 |
改后：| | | 靠近 → 经过 → 走哪条路 → 用哪种方式。牛津有“经过”这个义项（He walked by me. 他从我身边走过）；etymonline 说 by the way（顺便说一句）字面意思是“沿着这条路”；牛津“方式”义项下的例句 travel by air/land/sea（走空路、陆路、海路）说的正是走哪条路 | We went to the apple farm **by** bus. 我们坐公交去了苹果园。 |

## parts/15-preposition.md:37
原文：| | | 被谁做：推不出来，按用法讲。牛津的说明是 by "通常用在被动动词后面，说明是谁或什么做了这件事"。被动句先说东西怎么了，再用 by 补出是谁干的 | The apple was eaten **by** Tom. 苹果被汤姆吃了。 |
改后：| | | 被谁做：推不出来，按用法讲。牛津的说明是 by“通常用在被动动词后面，说明是谁或什么做了这件事”。被动句先说东西怎么了，再用 by 补出是谁干的 | The apple was eaten **by** Tom. 苹果被汤姆吃了。 |

## parts/15-preposition.md:38
原文：| | | 不晚于：推不出来，按用法讲。牛津的定义是"不晚于所说的时间"，例句多是"到那时事情已经办完"（I'll have it done by tomorrow. 我明天之前把它做好） | Please pick the apples **by** Friday. 请在周五之前把苹果摘完。 |
改后：| | | 不晚于：推不出来，按用法讲。牛津的定义是“不晚于所说的时间”，例句多是“到那时事情已经办完”（I'll have it done by tomorrow. 我明天之前把它做好） | Please pick the apples **by** Friday. 请在周五之前把苹果摘完。 |

## parts/15-preposition.md:41
原文：- by bus 前面没有冠词，on the bus 要加 the。by 说的是"用哪种方式"：牛津例句 travel by boat/bus/car/plane（坐船、坐公交、坐车、坐飞机旅行）后面都不加冠词，说的是交通方式，不是哪一辆车。on 是"被托住"：人在车上，由车载着，牛津把 on 的这个用法列为"交通工具"（He was on the plane. 他在飞机上），说的是具体那一辆，所以要加 the。
改后：- by bus 前面没有冠词，on the bus 要加 the。by 说的是“用哪种方式”：牛津例句 travel by boat/bus/car/plane（坐船、坐公交、坐车、坐飞机旅行）后面都不加冠词，说的是交通方式，不是哪一辆车。on 是“被托住”：人在车上，由车载着，牛津把 on 的这个用法列为“交通工具”（He was on the plane. 他在飞机上），说的是具体那一辆，所以要加 the。

## parts/15-preposition.md:42
原文：- by 和 until 都能译成"到……为止"，但意思不同。by Friday 是"最晚到周五，事情要做完"；until 是"动作一直持续到那个时刻"（见后面时间一节）。
改后：- by 和 until 都能译成“到……为止”，但意思不同。by Friday 是“最晚到周五，事情要做完”；until 是“动作一直持续到那个时刻”（见后面时间一节）。

## parts/15-preposition.md:44
原文：本义依据：[etymonline: on](https://www.etymonline.com/word/on)、[in](https://www.etymonline.com/word/in)、[at](https://www.etymonline.com/word/at)、[by](https://www.etymonline.com/word/by)。用法依据：[剑桥英汉词典: on](https://dictionary.cambridge.org/zhs/%E8%AF%8D%E5%85%B8/%E8%8B%B1%E8%AF%AD/on)、[in](https://dictionary.cambridge.org/zhs/%E8%AF%8D%E5%85%B8/%E8%8B%B1%E8%AF%AD/in)；[Oxford Learner's: on](https://www.oxfordlearnersdictionaries.com/definition/english/on_1)、[in](https://www.oxfordlearnersdictionaries.com/definition/english/in_1)、[at](https://www.oxfordlearnersdictionaries.com/definition/english/at)、[by](https://www.oxfordlearnersdictionaries.com/definition/english/by_1)。
改后：本义依据：[etymonline: on](https://www.etymonline.com/word/on)、[in](https://www.etymonline.com/word/in)、[at](https://www.etymonline.com/word/at)、[by](https://www.etymonline.com/word/by)。用法依据：[剑桥英汉词典：on](https://dictionary.cambridge.org/zhs/%E8%AF%8D%E5%85%B8/%E8%8B%B1%E8%AF%AD/on)、[in](https://dictionary.cambridge.org/zhs/%E8%AF%8D%E5%85%B8/%E8%8B%B1%E8%AF%AD/in)；[Oxford Learner's: on](https://www.oxfordlearnersdictionaries.com/definition/english/on_1)、[in](https://www.oxfordlearnersdictionaries.com/definition/english/in_1)、[at](https://www.oxfordlearnersdictionaries.com/definition/english/at)、[by](https://www.oxfordlearnersdictionaries.com/definition/english/by_1)。

## parts/15-preposition.md:65
原文：| between | be- + 一个表示"两个一组"的成分（和 two 同一个来源） | 在两个中间 |
改后：| between | be- + 一个表示“两个一组”的成分（和 two 同一个来源） | 在两个中间 |

## parts/15-preposition.md:67
原文：| above | a-（在）+ be- + 一个表示"高处"的成分 | 在高处 |
改后：| above | a-（在）+ be- + 一个表示“高处”的成分 | 在高处 |

## parts/15-preposition.md:71
原文：| among | a-（在）+ 一个表示"混在一起"的成分（和 mingle 同一个来源） | 在人群当中 |
改后：| among | a-（在）+ 一个表示“混在一起”的成分（和 mingle 同一个来源） | 在人群当中 |

## parts/15-preposition.md:83
原文：| **to** | 朝着某处，一直到那里。etymonline 的解释是"朝……方向，一直到（某地、某状态、某目标）"，和 from 相反<br/>![to：苹果朝篮子移动并到达](images/prep-to.svg) | 本义直接用：到某处 | I walked **to** the apple farm. 我走路去了苹果园。 |
改后：| **to** | 朝着某处，一直到那里。etymonline 的解释是“朝……方向，一直到（某地、某状态、某目标）”，和 from 相反<br/>![to：苹果朝篮子移动并到达](images/prep-to.svg) | 本义直接用：到某处 | I walked **to** the apple farm. 我走路去了苹果园。 |

## parts/15-preposition.md:86
原文：| | | "还要走多远才到"。牛津把这个义项解释为"在……开始之前"，例句 How long is it to lunch?（离午饭还有多久？）。five to ten 就是"还差五分钟到十点" | It's five **to** ten. 现在是九点五十五分。 |
改后：| | | “还要走多远才到”。牛津把这个义项解释为“在……开始之前”，例句 How long is it to lunch?（离午饭还有多久？）。five to ten 就是“还差五分钟到十点” | It's five **to** ten. 现在是九点五十五分。 |

## parts/15-preposition.md:87
原文：| | | prefer 由 pre-（前面）和 fer（搬、放）组成，本义"放在前面"。牛津说 to 可以"引出比较的第二部分"，例句 We won by six goals to three.（我们以六比三获胜）。prefer A to B 就是"把 A 放在前面，对比的另一方是 B"，句子里没有比较级，所以不用 than | I prefer apples **to** pears. 比起梨，我更喜欢苹果。 |
改后：| | | prefer 由 pre-（前面）和 fer（搬、放）组成，本义“放在前面”。牛津说 to 可以“引出比较的第二部分”，例句 We won by six goals to three.（我们以六比三获胜）。prefer A to B 就是“把 A 放在前面，对比的另一方是 B”，句子里没有比较级，所以不用 than | I prefer apples **to** pears. 比起梨，我更喜欢苹果。 |

## parts/15-preposition.md:88
原文：| **from** | 离开，从起点移开。etymonline 的解释是"表示在空间或时间上离开"<br/>![from：苹果离开篮子](images/prep-from.svg) | 本义直接用：起点 | He walked home **from** the apple farm. 他从苹果园走回家。 |
改后：| **from** | 离开，从起点移开。etymonline 的解释是“表示在空间或时间上离开”<br/>![from：苹果离开篮子](images/prep-from.svg) | 本义直接用：起点 | He walked home **from** the apple farm. 他从苹果园走回家。 |

## parts/15-preposition.md:92
原文：| | | different 由 dif-（分开）和 fer（搬）组成，本义"搬开、分开"。和谁分开，就用表示"离开"的 from | This apple is different **from** that one. 这个苹果和那个不一样。 |
改后：| | | different 由 dif-（分开）和 fer（搬）组成，本义“搬开、分开”。和谁分开，就用表示“离开”的 from | This apple is different **from** that one. 这个苹果和那个不一样。 |

## parts/15-preposition.md:93
原文：| | | 离开原来的样子。牛津说 from 可以"表示变化之前的状态或形式"（translating from English to Spanish 从英语译成西班牙语）。苹果变成了果汁，from 指出变化前的东西 | Apple juice is made **from** apples. 苹果汁是用苹果做的。 |
改后：| | | 离开原来的样子。牛津说 from 可以“表示变化之前的状态或形式”（translating from English to Spanish 从英语译成西班牙语）。苹果变成了果汁，from 指出变化前的东西 | Apple juice is made **from** apples. 苹果汁是用苹果做的。 |

## parts/15-preposition.md:94
原文：| **into** | 进到里面。etymonline 说它本来就是 in 和 to 两个词，合起来是为了区分"在房子里"和"进到房子里"<br/>![into：苹果从外面进到篮子里](images/prep-into.svg) | 本义直接用：进入某处 | Put the apples **into** the basket. 把苹果放进篮子里。 |
改后：| **into** | 进到里面。etymonline 说它本来就是 in 和 to 两个词，合起来是为了区分“在房子里”和“进到房子里”<br/>![into：苹果从外面进到篮子里](images/prep-into.svg) | 本义直接用：进入某处 | Put the apples **into** the basket. 把苹果放进篮子里。 |

## parts/15-preposition.md:95
原文：| | | 朝一个东西"往里"冲，冲到碰上它为止。牛津的定义是"到碰到某人或某物的那一点" | The bike crashed **into** an apple tree. 自行车撞上了一棵苹果树。 |
改后：| | | 朝一个东西“往里”冲，冲到碰上它为止。牛津的定义是“到碰到某人或某物的那一点” | The bike crashed **into** an apple tree. 自行车撞上了一棵苹果树。 |

## parts/15-preposition.md:96
原文：| | | 进入一种新的样子。牛津的说明是"表示状态的变化"（The fruit can be made into jam. 这种水果可以做成果酱） | The apples can be made **into** jam. 这些苹果可以做成果酱。 |
改后：| | | 进入一种新的样子。牛津的说明是“表示状态的变化”（The fruit can be made into jam. 这种水果可以做成果酱） | The apples can be made **into** jam. 这些苹果可以做成果酱。 |

## parts/15-preposition.md:98
原文：| **out of** | 从里面出来。etymonline 给 out 的解释是"表示从里面或中心向外的移动"<br/>![out of：苹果从篮子里出来](images/prep-out-of.svg) | 本义直接用：从里面出来 | She took an apple **out of** the basket. 她从篮子里拿出一个苹果。 |
改后：| **out of** | 从里面出来。etymonline 给 out 的解释是“表示从里面或中心向外的移动”<br/>![out of：苹果从篮子里出来](images/prep-out-of.svg) | 本义直接用：从里面出来 | She took an apple **out of** the basket. 她从篮子里拿出一个苹果。 |

## parts/15-preposition.md:100
原文：| | | 走出某种状态。牛津把"不再处于某种状态"（out of sight 看不见了）和"什么都没有了"（We're out of milk. 我们没牛奶了）列在一起：苹果全"出去"了，我们也就出了"有苹果"的状态 | We're **out of** apples. 我们的苹果吃完了。 |
改后：| | | 走出某种状态。牛津把“不再处于某种状态”（out of sight 看不见了）和“什么都没有了”（We're out of milk. 我们没牛奶了）列在一起：苹果全“出去”了，我们也就出了“有苹果”的状态 | We're **out of** apples. 我们的苹果吃完了。 |

## parts/15-preposition.md:101
原文：| | | 从一组里取出来。牛津的定义是"从一个数目或一组当中" | Six **out of** ten apples were red. 十个苹果里有六个是红的。 |
改后：| | | 从一组里取出来。牛津的定义是“从一个数目或一组当中” | Six **out of** ten apples were red. 十个苹果里有六个是红的。 |

## parts/15-preposition.md:103
原文：into 表示"进去"这个移动，只说东西在哪儿用 in：The apples are in the basket. 苹果在篮子里。etymonline 说古时候 in 一个词兼管这两个意思，后来才分出 into 专管"进去"。
改后：into 表示“进去”这个移动，只说东西在哪儿用 in：The apples are in the basket. 苹果在篮子里。etymonline 说古时候 in 一个词兼管这两个意思，后来才分出 into 专管“进去”。

## parts/15-preposition.md:105
原文：回家说 go home，不加 to，见第一部分"副词"。
改后：回家说 go home，不加 to，见第一部分“副词”。

## parts/15-preposition.md:108
原文：- be made from 和 be made of 都能译成"由……制成"，区别从介词本义推得出来。from 指"变化之前的东西"：原料经过加工，已经看不出原来的样子（Apple juice is made from apples. 苹果汁是用苹果做的）。of 的本义是"出自、离开"（见后面"抽象关系"一节），牛津说它能"说明一个东西由什么构成"，东西就是用这种材料搭起来的，一眼看得出（The basket is made of wood. 这个篮子是木头的）。牛津 make 词条下的例句：Wine is made from grapes.（葡萄酒是用葡萄酿的）Traditional Japanese houses were made of wood.（传统的日本房屋是木头建的）
改后：- be made from 和 be made of 都能译成“由……制成”，区别从介词本义推得出来。from 指“变化之前的东西”：原料经过加工，已经看不出原来的样子（Apple juice is made from apples. 苹果汁是用苹果做的）。of 的本义是“出自、离开”（见后面“抽象关系”一节），牛津说它能“说明一个东西由什么构成”，东西就是用这种材料搭起来的，一眼看得出（The basket is made of wood. 这个篮子是木头的）。牛津 make 词条下的例句：Wine is made from grapes.（葡萄酒是用葡萄酿的）Traditional Japanese houses were made of wood.（传统的日本房屋是木头建的）

## parts/15-preposition.md:109
原文：- We're out of apples 不是"我们在苹果外面"，而是"苹果用完了"。
改后：- We're out of apples 不是“我们在苹果外面”，而是“苹果用完了”。

## parts/15-preposition.md:111
原文：本义依据：[etymonline: a-](https://www.etymonline.com/word/a-)、[to](https://www.etymonline.com/word/to)、[from](https://www.etymonline.com/word/from)、[into](https://www.etymonline.com/word/into)、[out](https://www.etymonline.com/word/out)、[prefer](https://www.etymonline.com/word/prefer)、[different](https://www.etymonline.com/word/different)。用法依据：[剑桥英汉词典: to](https://dictionary.cambridge.org/zhs/%E8%AF%8D%E5%85%B8/%E8%8B%B1%E8%AF%AD/to)、[from](https://dictionary.cambridge.org/zhs/%E8%AF%8D%E5%85%B8/%E8%8B%B1%E8%AF%AD/from)、[into](https://dictionary.cambridge.org/zhs/%E8%AF%8D%E5%85%B8/%E8%8B%B1%E8%AF%AD/into)、[out of](https://dictionary.cambridge.org/zhs/%E8%AF%8D%E5%85%B8/%E8%8B%B1%E8%AF%AD/out-of)、[make](https://dictionary.cambridge.org/zhs/%E8%AF%8D%E5%85%B8/%E8%8B%B1%E8%AF%AD/make)；[Oxford Learner's: to](https://www.oxfordlearnersdictionaries.com/definition/english/to_1)、[from](https://www.oxfordlearnersdictionaries.com/definition/english/from)、[into](https://www.oxfordlearnersdictionaries.com/definition/english/into)、[out](https://www.oxfordlearnersdictionaries.com/definition/english/out_1)、[make](https://www.oxfordlearnersdictionaries.com/definition/english/make_1)、[of](https://www.oxfordlearnersdictionaries.com/definition/english/of)。
改后：本义依据：[etymonline: a-](https://www.etymonline.com/word/a-)、[to](https://www.etymonline.com/word/to)、[from](https://www.etymonline.com/word/from)、[into](https://www.etymonline.com/word/into)、[out](https://www.etymonline.com/word/out)、[prefer](https://www.etymonline.com/word/prefer)、[different](https://www.etymonline.com/word/different)。用法依据：[剑桥英汉词典：to](https://dictionary.cambridge.org/zhs/%E8%AF%8D%E5%85%B8/%E8%8B%B1%E8%AF%AD/to)、[from](https://dictionary.cambridge.org/zhs/%E8%AF%8D%E5%85%B8/%E8%8B%B1%E8%AF%AD/from)、[into](https://dictionary.cambridge.org/zhs/%E8%AF%8D%E5%85%B8/%E8%8B%B1%E8%AF%AD/into)、[out of](https://dictionary.cambridge.org/zhs/%E8%AF%8D%E5%85%B8/%E8%8B%B1%E8%AF%AD/out-of)、[make](https://dictionary.cambridge.org/zhs/%E8%AF%8D%E5%85%B8/%E8%8B%B1%E8%AF%AD/make)；[Oxford Learner's: to](https://www.oxfordlearnersdictionaries.com/definition/english/to_1)、[from](https://www.oxfordlearnersdictionaries.com/definition/english/from)、[into](https://www.oxfordlearnersdictionaries.com/definition/english/into)、[out](https://www.oxfordlearnersdictionaries.com/definition/english/out_1)、[make](https://www.oxfordlearnersdictionaries.com/definition/english/make_1)、[of](https://www.oxfordlearnersdictionaries.com/definition/english/of)。

## parts/15-preposition.md:119
原文：| **over** | 在上方，并且越过去。etymonline 记载它很早就同时有"在上方、在上面、横过、越过、超过"这几个意思<br/>![over：苹果从墙上方越过](images/prep-over.svg) | etymonline：约 1400 年起有"盖住整个表面"的意思 | Put a cloth **over** the apples. 在苹果上盖一块布。 |
改后：| **over** | 在上方，并且越过去。etymonline 记载它很早就同时有“在上方、在上面、横过、越过、超过”这几个意思<br/>![over：苹果从墙上方越过](images/prep-over.svg) | etymonline：约 1400 年起有“盖住整个表面”的意思 | Put a cloth **over** the apples. 在苹果上盖一块布。 |

## parts/15-preposition.md:123
原文：| | | etymonline：over 还有"从头到尾、贯穿整个范围"的意思。牛津有"在……期间"的义项，例句 We'll discuss it over lunch.（我们吃午饭时再讨论）。聊天贯穿了整顿午饭 | We talked about the apple farm **over** lunch. 我们边吃午饭边聊苹果园的事。 |
改后：| | | etymonline：over 还有“从头到尾、贯穿整个范围”的意思。牛津有“在……期间”的义项，例句 We'll discuss it over lunch.（我们吃午饭时再讨论）。聊天贯穿了整顿午饭 | We talked about the apple farm **over** lunch. 我们边吃午饭边聊苹果园的事。 |

## parts/15-preposition.md:124
原文：| | | 盖住整个表面 → 到处都是。牛津：all over 是"在某处的全部或大部分地方" | There were apples all **over** the floor. 地上到处都是苹果。 |
改后：| | | 盖住整个表面 → 到处都是。牛津：all over 是“在某处的全部或大部分地方” | There were apples all **over** the floor. 地上到处都是苹果。 |

## parts/15-preposition.md:125
原文：| **above** | 在高处。由 a-（在）、be-（旁边）和一个表示"高处"的成分组成<br/>![above：苹果在篮子上方的高处](images/prep-above.svg) | 本义直接用：位置更高，不一定在正上方 | The apples hung **above** our heads. 苹果挂在我们头顶上方。 |
改后：| **above** | 在高处。由 a-（在）、be-（旁边）和一个表示“高处”的成分组成<br/>![above：苹果在篮子上方的高处](images/prep-above.svg) | 本义直接用：位置更高，不一定在正上方 | The apples hung **above** our heads. 苹果挂在我们头顶上方。 |

## parts/15-preposition.md:126
原文：| | | 位置高 → 水平高。etymonline：14 世纪末起有"（数量、重量、价值）更多"的意思 | This year's apple harvest is **above** average. 今年的苹果收成高于平均水平。 |
改后：| | | 位置高 → 水平高。etymonline：14 世纪末起有“（数量、重量、价值）更多”的意思 | This year's apple harvest is **above** average. 今年的苹果收成高于平均水平。 |

## parts/15-preposition.md:127
原文：| **under** | 在下面。etymonline 的解释是"在下方，这个位置是相对于上面那个东西说的"<br/>![under：苹果在桌子底下](images/prep-under.svg) | 本义直接用：在下面 | The dog is sleeping **under** the apple tree. 狗在苹果树下睡觉。 |
改后：| **under** | 在下面。etymonline 的解释是“在下方，这个位置是相对于上面那个东西说的”<br/>![under：苹果在桌子底下](images/prep-under.svg) | 本义直接用：在下面 | The dog is sleeping **under** the apple tree. 狗在苹果树下睡觉。 |

## parts/15-preposition.md:128
原文：| | | 位置低 → 数量低。etymonline：14 世纪末起用于标准，表示"（年龄、价格、价值）少于" | These apples cost **under** ten yuan. 这些苹果不到十元。 |
改后：| | | 位置低 → 数量低。etymonline：14 世纪末起用于标准，表示“（年龄、价格、价值）少于” | These apples cost **under** ten yuan. 这些苹果不到十元。 |

## parts/15-preposition.md:131
原文：| **near** | 离得近。etymonline：near 本来是"近"的比较级，意思是"更近"，后来当普通的"近"用<br/>![near：苹果离篮子不远](images/prep-near.svg) | etymonline：作介词时指"在空间或时间上接近"。空间上近 | We live **near** an apple farm. 我们住在一个苹果园附近。 |
改后：| **near** | 离得近。etymonline：near 本来是“近”的比较级，意思是“更近”，后来当普通的“近”用<br/>![near：苹果离篮子不远](images/prep-near.svg) | etymonline：作介词时指“在空间或时间上接近”。空间上近 | We live **near** an apple farm. 我们住在一个苹果园附近。 |

## parts/15-preposition.md:133
原文：| **beside** | 在侧边。be- 加 side（侧面），字面是"在……的侧面"<br/>![beside：苹果紧挨着篮子](images/prep-beside.svg) | 本义直接用：紧挨在旁边 | Tom sat **beside** me and ate an apple. 汤姆坐在我旁边吃苹果。 |
改后：| **beside** | 在侧边。be- 加 side（侧面），字面是“在……的侧面”<br/>![beside：苹果紧挨着篮子](images/prep-beside.svg) | 本义直接用：紧挨在旁边 | Tom sat **beside** me and ate an apple. 汤姆坐在我旁边吃苹果。 |

## parts/15-preposition.md:134
原文：| | | 两样东西并排一放，大小就比出来了。牛津的定义是"和……相比"，例句 My painting looks childish beside yours.（和你的画一比，我的画显得很幼稚） | My apple looks small **beside** yours. 和你的苹果比，我的看起来很小。 |
改后：| | | 两样东西并排一放，大小就比出来了。牛津的定义是“和……相比”，例句 My painting looks childish beside yours.（和你的画一比，我的画显得很幼稚） | My apple looks small **beside** yours. 和你的苹果比，我的看起来很小。 |

## parts/15-preposition.md:135
原文：| **between** | 在两个中间。be- 加一个表示"两个一组"的成分，和 two 同一个来源<br/>![between：苹果在两个篮子中间](images/prep-between.svg) | 本义直接用：空间上在两者中间 | The apple is **between** the two baskets. 苹果在两个篮子中间。 |
改后：| **between** | 在两个中间。be- 加一个表示“两个一组”的成分，和 two 同一个来源<br/>![between：苹果在两个篮子中间](images/prep-between.svg) | 本义直接用：空间上在两者中间 | The apple is **between** the two baskets. 苹果在两个篮子中间。 |

## parts/15-preposition.md:138
原文：| **among** | 在人群当中。a- 加一个表示"混在一起"的成分，字面是"在人群里"<br/>![among：一个苹果在一群苹果当中](images/prep-among.svg) | 本义直接用：混在一群里、被围着 | There is a small house **among** the apple trees. 苹果树丛中有一座小房子。 |
改后：| **among** | 在人群当中。a- 加一个表示“混在一起”的成分，字面是“在人群里”<br/>![among：一个苹果在一群苹果当中](images/prep-among.svg) | 本义直接用：混在一群里、被围着 | There is a small house **among** the apple trees. 苹果树丛中有一座小房子。 |

## parts/15-preposition.md:139
原文：| | | 混在一群里 → 是这一群里的一个。牛津的定义是"包括在一群人或物里" | Apples are **among** my favourite fruits. 苹果是我最喜欢的水果之一。 |
改后：| | | 混在一群里 → 是这一群里的一个。牛津的定义是“包括在一群人或物里” | Apples are **among** my favourite fruits. 苹果是我最喜欢的水果之一。 |

## parts/15-preposition.md:141
原文：| | | 在后面 → 没跟上。etymonline：约 1200 年起有"没有那么靠前、不在同一位置"的比喻义 | He is **behind** the rest of the class in English. 他的英语落后于班上其他同学。 |
改后：| | | 在后面 → 没跟上。etymonline：约 1200 年起有“没有那么靠前、不在同一位置”的比喻义 | He is **behind** the rest of the class in English. 他的英语落后于班上其他同学。 |

## parts/15-preposition.md:142
原文：| **in front of** | 在前面。etymonline：front 本义是"额头"，14 世纪中期起指"任何东西最前面的部分"。in front of 就是"在某物的额头那一面"<br/>![in front of：苹果在篮子前面](images/prep-in-front-of.svg) | 本义直接用：在某物前方不远处 | There is an apple tree **in front of** our house. 我们家房子前面有一棵苹果树。 |
改后：| **in front of** | 在前面。etymonline：front 本义是“额头”，14 世纪中期起指“任何东西最前面的部分”。in front of 就是“在某物的额头那一面”<br/>![in front of：苹果在篮子前面](images/prep-in-front-of.svg) | 本义直接用：在某物前方不远处 | There is an apple tree **in front of** our house. 我们家房子前面有一棵苹果树。 |

## parts/15-preposition.md:143
原文：| | | 在一个人脸的前面，他就看得见。牛津的解释是"当着某人的面做某事" | He ate the apple **in front of** everyone. 他当着大家的面吃了那个苹果。 |
改后：| | | 在一个人脸的前面，他就看得见。牛津的解释是“当着某人的面做某事” | He ate the apple **in front of** everyone. 他当着大家的面吃了那个苹果。 |

## parts/15-preposition.md:147
原文：under 和 below 都是"在下面"。etymonline 引了福勒（一位英语用法专家）的说法：below 是 above 的反面，比较两个各自独立的高度（below the line 在线下面）；under 是 over 的反面，讲一个东西压在或罩在另一个东西下面（under the table 在桌子底下）。
改后：under 和 below 都是“在下面”。etymonline 引了福勒（一位英语用法专家）的说法：below 是 above 的反面，比较两个各自独立的高度（below the line 在线下面）；under 是 over 的反面，讲一个东西压在或罩在另一个东西下面（under the table 在桌子底下）。

## parts/15-preposition.md:150
原文：- in front of 和 in the front of 的区别在 front 指的是谁的前部。in front of the house 是"在房子这张'脸'的前方"，人在房子外面；the front of the bus 是"公交车自己最前面的那一部分"，at the front of 或 in the front of 就在车里面。牛津的例句：The driver sits at the front of the bus.（司机坐在公交车的最前面）There's a bus stop in front of the house.（房子前面有个公交站）
改后：- in front of 和 in the front of 的区别在 front 指的是谁的前部。in front of the house 是“在房子这张'脸'的前方”，人在房子外面；the front of the bus 是“公交车自己最前面的那一部分”，at the front of 或 in the front of 就在车里面。牛津的例句：The driver sits at the front of the bus.（司机坐在公交车的最前面）There's a bus stop in front of the house.（房子前面有个公交站）

## parts/15-preposition.md:151
原文：- beside 和 besides 只差一个 s。etymonline：besides 是 beside 加了一个构成副词的 -s，以前两个词意思一样，现在 besides 只表示"除……之外还有"，这是后来用法上的分工：What other fruits do you like besides apples? 除了苹果，你还喜欢什么水果？
改后：- beside 和 besides 只差一个 s。etymonline：besides 是 beside 加了一个构成副词的 -s，以前两个词意思一样，现在 besides 只表示“除……之外还有”，这是后来用法上的分工：What other fruits do you like besides apples? 除了苹果，你还喜欢什么水果？

## parts/15-preposition.md:153
原文：本义依据：[etymonline: over](https://www.etymonline.com/word/over)、[above](https://www.etymonline.com/word/above)、[under](https://www.etymonline.com/word/under)、[below](https://www.etymonline.com/word/below)、[near](https://www.etymonline.com/word/near)、[beside](https://www.etymonline.com/word/beside)、[besides](https://www.etymonline.com/word/besides)、[between](https://www.etymonline.com/word/between)、[among](https://www.etymonline.com/word/among)、[behind](https://www.etymonline.com/word/behind)、[front](https://www.etymonline.com/word/front)。用法依据：[剑桥英汉词典: over](https://dictionary.cambridge.org/zhs/%E8%AF%8D%E5%85%B8/%E8%8B%B1%E8%AF%AD/over)、[above](https://dictionary.cambridge.org/zhs/%E8%AF%8D%E5%85%B8/%E8%8B%B1%E8%AF%AD/above)、[under](https://dictionary.cambridge.org/zhs/%E8%AF%8D%E5%85%B8/%E8%8B%B1%E8%AF%AD/under)、[below](https://dictionary.cambridge.org/zhs/%E8%AF%8D%E5%85%B8/%E8%8B%B1%E8%AF%AD/below)、[near](https://dictionary.cambridge.org/zhs/%E8%AF%8D%E5%85%B8/%E8%8B%B1%E8%AF%AD/near)、[beside](https://dictionary.cambridge.org/zhs/%E8%AF%8D%E5%85%B8/%E8%8B%B1%E8%AF%AD/beside)、[besides](https://dictionary.cambridge.org/zhs/%E8%AF%8D%E5%85%B8/%E8%8B%B1%E8%AF%AD/besides)、[between](https://dictionary.cambridge.org/zhs/%E8%AF%8D%E5%85%B8/%E8%8B%B1%E8%AF%AD/between)、[among](https://dictionary.cambridge.org/zhs/%E8%AF%8D%E5%85%B8/%E8%8B%B1%E8%AF%AD/among)、[behind](https://dictionary.cambridge.org/zhs/%E8%AF%8D%E5%85%B8/%E8%8B%B1%E8%AF%AD/behind)、[in front of](https://dictionary.cambridge.org/zhs/%E8%AF%8D%E5%85%B8/%E8%8B%B1%E8%AF%AD/in-front-of)；[Oxford Learner's: over](https://www.oxfordlearnersdictionaries.com/definition/english/over_1)、[above](https://www.oxfordlearnersdictionaries.com/definition/english/above_1)、[under](https://www.oxfordlearnersdictionaries.com/definition/english/under_1)、[below](https://www.oxfordlearnersdictionaries.com/definition/english/below_2)、[near](https://www.oxfordlearnersdictionaries.com/definition/english/near_1)、[beside](https://www.oxfordlearnersdictionaries.com/definition/english/beside)、[besides](https://www.oxfordlearnersdictionaries.com/definition/english/besides_1)、[between](https://www.oxfordlearnersdictionaries.com/definition/english/between_1)、[among](https://www.oxfordlearnersdictionaries.com/definition/english/among)、[behind](https://www.oxfordlearnersdictionaries.com/definition/english/behind_1)、[front](https://www.oxfordlearnersdictionaries.com/definition/english/front_1)。
改后：本义依据：[etymonline: over](https://www.etymonline.com/word/over)、[above](https://www.etymonline.com/word/above)、[under](https://www.etymonline.com/word/under)、[below](https://www.etymonline.com/word/below)、[near](https://www.etymonline.com/word/near)、[beside](https://www.etymonline.com/word/beside)、[besides](https://www.etymonline.com/word/besides)、[between](https://www.etymonline.com/word/between)、[among](https://www.etymonline.com/word/among)、[behind](https://www.etymonline.com/word/behind)、[front](https://www.etymonline.com/word/front)。用法依据：[剑桥英汉词典：over](https://dictionary.cambridge.org/zhs/%E8%AF%8D%E5%85%B8/%E8%8B%B1%E8%AF%AD/over)、[above](https://dictionary.cambridge.org/zhs/%E8%AF%8D%E5%85%B8/%E8%8B%B1%E8%AF%AD/above)、[under](https://dictionary.cambridge.org/zhs/%E8%AF%8D%E5%85%B8/%E8%8B%B1%E8%AF%AD/under)、[below](https://dictionary.cambridge.org/zhs/%E8%AF%8D%E5%85%B8/%E8%8B%B1%E8%AF%AD/below)、[near](https://dictionary.cambridge.org/zhs/%E8%AF%8D%E5%85%B8/%E8%8B%B1%E8%AF%AD/near)、[beside](https://dictionary.cambridge.org/zhs/%E8%AF%8D%E5%85%B8/%E8%8B%B1%E8%AF%AD/beside)、[besides](https://dictionary.cambridge.org/zhs/%E8%AF%8D%E5%85%B8/%E8%8B%B1%E8%AF%AD/besides)、[between](https://dictionary.cambridge.org/zhs/%E8%AF%8D%E5%85%B8/%E8%8B%B1%E8%AF%AD/between)、[among](https://dictionary.cambridge.org/zhs/%E8%AF%8D%E5%85%B8/%E8%8B%B1%E8%AF%AD/among)、[behind](https://dictionary.cambridge.org/zhs/%E8%AF%8D%E5%85%B8/%E8%8B%B1%E8%AF%AD/behind)、[in front of](https://dictionary.cambridge.org/zhs/%E8%AF%8D%E5%85%B8/%E8%8B%B1%E8%AF%AD/in-front-of)；[Oxford Learner's: over](https://www.oxfordlearnersdictionaries.com/definition/english/over_1)、[above](https://www.oxfordlearnersdictionaries.com/definition/english/above_1)、[under](https://www.oxfordlearnersdictionaries.com/definition/english/under_1)、[below](https://www.oxfordlearnersdictionaries.com/definition/english/below_2)、[near](https://www.oxfordlearnersdictionaries.com/definition/english/near_1)、[beside](https://www.oxfordlearnersdictionaries.com/definition/english/beside)、[besides](https://www.oxfordlearnersdictionaries.com/definition/english/besides_1)、[between](https://www.oxfordlearnersdictionaries.com/definition/english/between_1)、[among](https://www.oxfordlearnersdictionaries.com/definition/english/among)、[behind](https://www.oxfordlearnersdictionaries.com/definition/english/behind_1)、[front](https://www.oxfordlearnersdictionaries.com/definition/english/front_1)。

## parts/15-preposition.md:161
原文：| **across** | 横着交叉过去。a- 加 cross（十字），etymonline 记载它最早指"成十字形、交叉着"，14 世纪初起指"从一边到另一边"<br/>![across：苹果从河的一岸到另一岸](images/prep-across.svg) | 横着越过一个平面或一条线：从一边到另一边 | We walked **across** the street to the fruit shop. 我们穿过马路去水果店。 |
改后：| **across** | 横着交叉过去。a- 加 cross（十字），etymonline 记载它最早指“成十字形、交叉着”，14 世纪初起指“从一边到另一边”<br/>![across：苹果从河的一岸到另一岸](images/prep-across.svg) | 横着越过一个平面或一条线：从一边到另一边 | We walked **across** the street to the fruit shop. 我们穿过马路去水果店。 |

## parts/15-preposition.md:162
原文：| | | 越过去以后就在另一边。etymonline：1750 年起有"在另一边（越过之后的位置）"的意思 | There is a fruit shop **across** the street. 街对面有一家水果店。 |
改后：| | | 越过去以后就在另一边。etymonline：1750 年起有“在另一边（越过之后的位置）”的意思 | There is a fruit shop **across** the street. 街对面有一家水果店。 |

## parts/15-preposition.md:163
原文：| **through** | 从一头进去，从另一头出来。etymonline 的解释是"从一边或一端到另一边或另一端"<br/>![through：苹果穿过山洞](images/prep-through.svg) | 本义直接用：从中间穿过 | The apple truck went **through** the tunnel. 运苹果的卡车穿过了隧道。 |
改后：| **through** | 从一头进去，从另一头出来。etymonline 的解释是“从一边或一端到另一边或另一端”<br/>![through：苹果穿过山洞](images/prep-through.svg) | 本义直接用：从中间穿过 | The apple truck went **through** the tunnel. 运苹果的卡车穿过了隧道。 |

## parts/15-preposition.md:164
原文：| | | 视线穿过一个东西。牛津的定义是"从一个物体的另一边看到、听到" | I saw the apple tree **through** the window. 我透过窗户看到了那棵苹果树。 |
改后：| | | 视线穿过一个东西。牛津的定义是“从一个物体的另一边看到、听到” | I saw the apple tree **through** the window. 我透过窗户看到了那棵苹果树。 |

## parts/15-preposition.md:165
原文：| | | 穿过一条通道才到达另一头 → 经由某个途径达到结果。牛津的定义是"通过、由于"，例句就是 You can only achieve success through hard work.（只有努力才能取得成功） | You can only succeed **through** hard work. 只有努力才能成功。 |
改后：| | | 穿过一条通道才到达另一头 → 经由某个途径达到结果。牛津的定义是“通过、由于”，例句就是 You can only achieve success through hard work.（只有努力才能取得成功） | You can only succeed **through** hard work. 只有努力才能成功。 |

## parts/15-preposition.md:166
原文：| **along** | 顺着长的一面。etymonline：由一个表示"对着"的前缀和 long（长）组成，作介词时指"顺着……的整个长度"<br/>![along：苹果沿着路走](images/prep-along.svg) | 本义直接用：顺着长的东西走 | We walked **along** the road and saw many apple trees. 我们沿着路走，看到了很多苹果树。 |
改后：| **along** | 顺着长的一面。etymonline：由一个表示“对着”的前缀和 long（长）组成，作介词时指“顺着……的整个长度”<br/>![along：苹果沿着路走](images/prep-along.svg) | 本义直接用：顺着长的东西走 | We walked **along** the road and saw many apple trees. 我们沿着路走，看到了很多苹果树。 |

## parts/15-preposition.md:167
原文：| | | 顺着长边排成一线。牛津的定义是"排在长东西的侧边、成一线" | There are apple trees **along** the river. 河边一路都是苹果树。 |
改后：| | | 顺着长边排成一线。牛津的定义是“排在长东西的侧边、成一线” | There are apple trees **along** the river. 河边一路都是苹果树。 |

## parts/15-preposition.md:168
原文：| **around** | 在圆圈上。a- 加 round（圆），etymonline 的解释是"绕一圈、在四周"<br/>![around：苹果绕着篮子转一圈](images/prep-around.svg) | 围在四周 | We sat **around** the table and ate apples. 我们围坐在桌子旁吃苹果。 |
改后：| **around** | 在圆圈上。a- 加 round（圆），etymonline 的解释是“绕一圈、在四周”<br/>![around：苹果绕着篮子转一圈](images/prep-around.svg) | 围在四周 | We sat **around** the table and ate apples. 我们围坐在桌子旁吃苹果。 |

## parts/15-preposition.md:169
原文：| | | 绕过去 → 到了另一边。牛津的定义是"在、到某物的另一边"，例句 Our house is just around the corner.（我们家就在拐角那边） | The fruit shop is just **around** the corner. 水果店就在拐角那边。 |
改后：| | | 绕过去 → 到了另一边。牛津的定义是“在、到某物的另一边”，例句 Our house is just around the corner.（我们家就在拐角那边） | The fruit shop is just **around** the corner. 水果店就在拐角那边。 |

## parts/15-preposition.md:171
原文：| | | 在一个地方转来转去 → 到处走。牛津的定义是"在一个区域里的许多地方" | We walked **around** the apple farm. 我们在苹果园里四处走了走。 |
改后：| | | 在一个地方转来转去 → 到处走。牛津的定义是“在一个区域里的许多地方” | We walked **around** the apple farm. 我们在苹果园里四处走了走。 |

## parts/15-preposition.md:173
原文：**中考易错点：** across 和 through 都能译成"穿过"，但画面不同，见后面的对比小节。
改后：**中考易错点：** across 和 through 都能译成“穿过”，但画面不同，见后面的对比小节。

## parts/15-preposition.md:175
原文：本义依据：[etymonline: across](https://www.etymonline.com/word/across)、[through](https://www.etymonline.com/word/through)、[along](https://www.etymonline.com/word/along)、[around](https://www.etymonline.com/word/around)。用法依据：[剑桥英汉词典: across](https://dictionary.cambridge.org/zhs/%E8%AF%8D%E5%85%B8/%E8%8B%B1%E8%AF%AD/across)、[through](https://dictionary.cambridge.org/zhs/%E8%AF%8D%E5%85%B8/%E8%8B%B1%E8%AF%AD/through)、[along](https://dictionary.cambridge.org/zhs/%E8%AF%8D%E5%85%B8/%E8%8B%B1%E8%AF%AD/along)、[around](https://dictionary.cambridge.org/zhs/%E8%AF%8D%E5%85%B8/%E8%8B%B1%E8%AF%AD/around)；[Oxford Learner's: across](https://www.oxfordlearnersdictionaries.com/definition/english/across_1)、[through](https://www.oxfordlearnersdictionaries.com/definition/english/through_1)、[along](https://www.oxfordlearnersdictionaries.com/definition/english/along_1)、[around](https://www.oxfordlearnersdictionaries.com/definition/english/around_1)。
改后：本义依据：[etymonline: across](https://www.etymonline.com/word/across)、[through](https://www.etymonline.com/word/through)、[along](https://www.etymonline.com/word/along)、[around](https://www.etymonline.com/word/around)。用法依据：[剑桥英汉词典：across](https://dictionary.cambridge.org/zhs/%E8%AF%8D%E5%85%B8/%E8%8B%B1%E8%AF%AD/across)、[through](https://dictionary.cambridge.org/zhs/%E8%AF%8D%E5%85%B8/%E8%8B%B1%E8%AF%AD/through)、[along](https://dictionary.cambridge.org/zhs/%E8%AF%8D%E5%85%B8/%E8%8B%B1%E8%AF%AD/along)、[around](https://dictionary.cambridge.org/zhs/%E8%AF%8D%E5%85%B8/%E8%8B%B1%E8%AF%AD/around)；[Oxford Learner's: across](https://www.oxfordlearnersdictionaries.com/definition/english/across_1)、[through](https://www.oxfordlearnersdictionaries.com/definition/english/through_1)、[along](https://www.oxfordlearnersdictionaries.com/definition/english/along_1)、[around](https://www.oxfordlearnersdictionaries.com/definition/english/around_1)。

## parts/15-preposition.md:185
原文：| | | 在昨天前面的那一天。牛津把 the day before yesterday 放在"早于"这个义项下 | We picked apples the day **before** yesterday. 我们前天摘了苹果。 |
改后：| | | 在昨天前面的那一天。牛津把 the day before yesterday 放在“早于”这个义项下 | We picked apples the day **before** yesterday. 我们前天摘了苹果。 |

## parts/15-preposition.md:186
原文：| **after** | 更靠后、离得更远。etymonline：after 由 of（离开，即今天的 off）加一个比较级后缀组成，本义"更远离"；作介词最早就有"在后面、时间上晚于、跟在后面追"的意思<br/>![after：时间轴上在苹果那一点之后](images/prep-after.svg) | 更靠后 → 时间上在后面 | We picked apples **after** lunch. 午饭后我们去摘了苹果。 |
改后：| **after** | 更靠后、离得更远。etymonline：after 由 of（离开，即今天的 off）加一个比较级后缀组成，本义“更远离”；作介词最早就有“在后面、时间上晚于、跟在后面追”的意思<br/>![after：时间轴上在苹果那一点之后](images/prep-after.svg) | 更靠后 → 时间上在后面 | We picked apples **after** lunch. 午饭后我们去摘了苹果。 |

## parts/15-preposition.md:188
原文：| | | 在后面紧跟着，想追上。etymonline 记的早期义项就是"追赶，跟着想要赶上" | The dog ran **after** the apple. 狗追着苹果跑。 |
改后：| | | 在后面紧跟着，想追上。etymonline 记的早期义项就是“追赶，跟着想要赶上” | The dog ran **after** the apple. 狗追着苹果跑。 |

## parts/15-preposition.md:190
原文：| **during** | 在……持续的时候。etymonline：during 是一个表示"持续、延续"的旧动词加 -ing，during the day 就是"在这一天持续的时候"<br/>![during：苹果落在一段时间之内](images/prep-during.svg) | 在这段时间持续的整个过程里 | Don't eat apples **during** class. 上课时不要吃苹果。 |
改后：| **during** | 在……持续的时候。etymonline：during 是一个表示“持续、延续”的旧动词加 -ing，during the day 就是“在这一天持续的时候”<br/>![during：苹果落在一段时间之内](images/prep-during.svg) | 在这段时间持续的整个过程里 | Don't eat apples **during** class. 上课时不要吃苹果。 |

## parts/15-preposition.md:192
原文：| **since** | 在那之后。etymonline：since 最早由"之后"和"那"两部分合成，意思是"在那以后"<br/>![since：从苹果那一点一直到现在](images/prep-since.svg) | 从那个时间点以后，一直延续到现在。所以说的是"到现在为止"的情况 | I haven't eaten an apple **since** breakfast. 从早饭到现在我还没吃过苹果。 |
改后：| **since** | 在那之后。etymonline：since 最早由“之后”和“那”两部分合成，意思是“在那以后”<br/>![since：从苹果那一点一直到现在](images/prep-since.svg) | 从那个时间点以后，一直延续到现在。所以说的是“到现在为止”的情况 | I haven't eaten an apple **since** breakfast. 从早饭到现在我还没吃过苹果。 |

## parts/15-preposition.md:194
原文：| **for** | etymonline 记载 for 很早就有"一直到……那么远""在……期间"的意思<br/>![for：一段有长度的时间](images/prep-for.svg) | 一直延伸那么远 → 说明有多长。牛津把"表示一段时长"和"表示一段距离"（The road went on for miles. 那条路延伸了好几英里）列为相邻的两个义项：路有多长，时间就有多长 | We stayed on the apple farm **for** three days. 我们在苹果园待了三天。 |
改后：| **for** | etymonline 记载 for 很早就有“一直到……那么远”“在……期间”的意思<br/>![for：一段有长度的时间](images/prep-for.svg) | 一直延伸那么远 → 说明有多长。牛津把“表示一段时长”和“表示一段距离”（The road went on for miles. 那条路延伸了好几英里）列为相邻的两个义项：路有多长，时间就有多长 | We stayed on the apple farm **for** three days. 我们在苹果园待了三天。 |

## parts/15-preposition.md:195
原文：| **until** | 一直到。etymonline：until 由表示"一直到"的 un- 和表示"到"的 till 组成，两部分意思相同<br/>![until：一直持续到苹果那一点](images/prep-until.svg) | 动作一直持续，到这个时间点才停 | We picked apples **until** six o'clock. 我们一直摘苹果摘到六点。 |
改后：| **until** | 一直到。etymonline：until 由表示“一直到”的 un- 和表示“到”的 till 组成，两部分意思相同<br/>![until：一直持续到苹果那一点](images/prep-until.svg) | 动作一直持续，到这个时间点才停 | We picked apples **until** six o'clock. 我们一直摘苹果摘到六点。 |

## parts/15-preposition.md:196
原文：| | | 否定句里，持续的是"没有做"：一直没吃，到午饭时才吃。牛津例句 You're not going out until you've finished this.（这个不做完你就别出去） | I didn't eat the apple **until** lunchtime. 我直到午饭时才吃那个苹果。 |
改后：| | | 否定句里，持续的是“没有做”：一直没吃，到午饭时才吃。牛津例句 You're not going out until you've finished this.（这个不做完你就别出去） | I didn't eat the apple **until** lunchtime. 我直到午饭时才吃那个苹果。 |

## parts/15-preposition.md:198
原文：before、after、since、until 也能当连词，后面接一个句子：Wash the apple before you eat it. 吃苹果前先洗一洗。这些连词用法在第四部分"状语从句"里讲。
改后：before、after、since、until 也能当连词，后面接一个句子：Wash the apple before you eat it. 吃苹果前先洗一洗。这些连词用法在第四部分“状语从句”里讲。

## parts/15-preposition.md:201
原文：- during 回答"什么时候"，for 回答"多长时间"，从本义就分得开：during 是"在那段时间持续的时候"，指出事情落在哪一段；for 是"延伸那么远"，量出有多长。牛津词典专门提醒：I stayed in London for a week.（我在伦敦待了一个星期）是对的，不说 I stayed in London during a week。
改后：- during 回答“什么时候”，for 回答“多长时间”，从本义就分得开：during 是“在那段时间持续的时候”，指出事情落在哪一段；for 是“延伸那么远”，量出有多长。牛津词典专门提醒：I stayed in London for a week.（我在伦敦待了一个星期）是对的，不说 I stayed in London during a week。

## parts/15-preposition.md:202
原文：- since 后面接时间点（since breakfast、since 2020），for 后面接一段时长（for three days）。since 本来是"在那之后"，后面自然要跟"那个"起点；for 量的是长度。两者常和现在完成时连用，详见第五部分"现在完成时的 for 与 since"。
改后：- since 后面接时间点（since breakfast、since 2020），for 后面接一段时长（for three days）。since 本来是“在那之后”，后面自然要跟“那个”起点；for 量的是长度。两者常和现在完成时连用，详见第五部分“现在完成时的 for 与 since”。

## parts/15-preposition.md:204
原文：本义依据：[etymonline: before](https://www.etymonline.com/word/before)、[after](https://www.etymonline.com/word/after)、[during](https://www.etymonline.com/word/during)、[since](https://www.etymonline.com/word/since)、[for](https://www.etymonline.com/word/for)、[until](https://www.etymonline.com/word/until)。用法依据：[剑桥英汉词典: before](https://dictionary.cambridge.org/zhs/%E8%AF%8D%E5%85%B8/%E8%8B%B1%E8%AF%AD/before)、[after](https://dictionary.cambridge.org/zhs/%E8%AF%8D%E5%85%B8/%E8%8B%B1%E8%AF%AD/after)、[during](https://dictionary.cambridge.org/zhs/%E8%AF%8D%E5%85%B8/%E8%8B%B1%E8%AF%AD/during)、[since](https://dictionary.cambridge.org/zhs/%E8%AF%8D%E5%85%B8/%E8%8B%B1%E8%AF%AD/since)、[for](https://dictionary.cambridge.org/zhs/%E8%AF%8D%E5%85%B8/%E8%8B%B1%E8%AF%AD/for)、[until](https://dictionary.cambridge.org/zhs/%E8%AF%8D%E5%85%B8/%E8%8B%B1%E8%AF%AD/until)；[Oxford Learner's: before](https://www.oxfordlearnersdictionaries.com/definition/english/before_1)、[after](https://www.oxfordlearnersdictionaries.com/definition/english/after_1)、[during](https://www.oxfordlearnersdictionaries.com/definition/english/during)、[since](https://www.oxfordlearnersdictionaries.com/definition/english/since_1)、[for](https://www.oxfordlearnersdictionaries.com/definition/english/for_1)、[until](https://www.oxfordlearnersdictionaries.com/definition/english/until_1)。
改后：本义依据：[etymonline: before](https://www.etymonline.com/word/before)、[after](https://www.etymonline.com/word/after)、[during](https://www.etymonline.com/word/during)、[since](https://www.etymonline.com/word/since)、[for](https://www.etymonline.com/word/for)、[until](https://www.etymonline.com/word/until)。用法依据：[剑桥英汉词典：before](https://dictionary.cambridge.org/zhs/%E8%AF%8D%E5%85%B8/%E8%8B%B1%E8%AF%AD/before)、[after](https://dictionary.cambridge.org/zhs/%E8%AF%8D%E5%85%B8/%E8%8B%B1%E8%AF%AD/after)、[during](https://dictionary.cambridge.org/zhs/%E8%AF%8D%E5%85%B8/%E8%8B%B1%E8%AF%AD/during)、[since](https://dictionary.cambridge.org/zhs/%E8%AF%8D%E5%85%B8/%E8%8B%B1%E8%AF%AD/since)、[for](https://dictionary.cambridge.org/zhs/%E8%AF%8D%E5%85%B8/%E8%8B%B1%E8%AF%AD/for)、[until](https://dictionary.cambridge.org/zhs/%E8%AF%8D%E5%85%B8/%E8%8B%B1%E8%AF%AD/until)；[Oxford Learner's: before](https://www.oxfordlearnersdictionaries.com/definition/english/before_1)、[after](https://www.oxfordlearnersdictionaries.com/definition/english/after_1)、[during](https://www.oxfordlearnersdictionaries.com/definition/english/during)、[since](https://www.oxfordlearnersdictionaries.com/definition/english/since_1)、[for](https://www.oxfordlearnersdictionaries.com/definition/english/for_1)、[until](https://www.oxfordlearnersdictionaries.com/definition/english/until_1)。

## parts/15-preposition.md:208
原文：**这一组今天表示抽象的关系：属于谁、给谁或为了什么、和什么在一起、有没有、关于什么、像什么、除去什么。** 按写作规范，没有空间或时间关系的介词不配图。但查 etymonline 会发现，它们本来也都是空间或形状上的词，下表"本义"一列写的就是这个。
改后：**这一组今天表示抽象的关系：属于谁、给谁或为了什么、和什么在一起、有没有、关于什么、像什么、除去什么。** 按写作规范，没有空间或时间关系的介词不配图。但查 etymonline 会发现，它们本来也都是空间或形状上的词，下表“本义”一列写的就是这个。

## parts/15-preposition.md:212
原文：| **of** | 离开、从……出来。etymonline：of 和 off 本来是同一个词，of 是不重读的读法；到中古英语时期，of 被用来翻译法语里表示"……的"的那个词，于是有了"……的"这层意思 | 翻译带来的"……的" | What's the colour **of** the apple? 这个苹果是什么颜色的？ |
改后：| **of** | 离开、从……出来。etymonline：of 和 off 本来是同一个词，of 是不重读的读法；到中古英语时期，of 被用来翻译法语里表示“……的”的那个词，于是有了“……的”这层意思 | 翻译带来的“……的” | What's the colour **of** the apple? 这个苹果是什么颜色的？ |

## parts/15-preposition.md:214
原文：| | | 从这一堆里取出一部分。牛津的说明是"表示属于一群，常用在 some 后面" | Some **of** the apples are bad. 这些苹果里有一些坏了。 |
改后：| | | 从这一堆里取出一部分。牛津的说明是“表示属于一群，常用在 some 后面” | Some **of** the apples are bad. 这些苹果里有一些坏了。 |

## parts/15-preposition.md:215
原文：| | | 牛津的说明是"用在某些形容词后面，引出这种感情所关联的人或物"。骄傲从哪里来，of 后面就是什么 | We are proud **of** our apples. 我们为自己种的苹果感到骄傲。 |
改后：| | | 牛津的说明是“用在某些形容词后面，引出这种感情所关联的人或物”。骄傲从哪里来，of 后面就是什么 | We are proud **of** our apples. 我们为自己种的苹果感到骄傲。 |

## parts/15-preposition.md:216
原文：| | | 牛津的说明是"用来评价某人的行为"：这份好意出自你 | It's kind **of** you to give me an apple. 你给我一个苹果，真是太好了。 |
改后：| | | 牛津的说明是“用来评价某人的行为”：这份好意出自你 | It's kind **of** you to give me an apple. 你给我一个苹果，真是太好了。 |

## parts/15-preposition.md:217
原文：| **for** | 在……前面、当着……的面。etymonline 记载 for 很早就还有"为了……的缘故""代替""因为"等意思 | 为了某人 → 东西是给他的。牛津的定义是"表示某物打算给谁" | This apple is **for** you. 这个苹果是给你的。 |
改后：| **for** | 在……前面、当着……的面。etymonline 记载 for 很早就还有“为了……的缘故”“代替”“因为”等意思 | 为了某人 → 东西是给他的。牛津的定义是“表示某物打算给谁” | This apple is **for** you. 这个苹果是给你的。 |

## parts/15-preposition.md:218
原文：| | | 站在某人的位置上 → 替他做。etymonline 记的早期义项有"代替" | Can you wash the apples **for** me? 你能帮我洗洗苹果吗？ |
改后：| | | 站在某人的位置上 → 替他做。etymonline 记的早期义项有“代替” | Can you wash the apples **for** me? 你能帮我洗洗苹果吗？ |

## parts/15-preposition.md:219
原文：| | | etymonline 记的早期义项有"为了……的缘故"：为了苹果去市场，就是去买苹果。牛津的定义是"为了得到" | I went to the market **for** some apples. 我去市场买点苹果。 |
改后：| | | etymonline 记的早期义项有“为了……的缘故”：为了苹果去市场，就是去买苹果。牛津的定义是“为了得到” | I went to the market **for** some apples. 我去市场买点苹果。 |

## parts/15-preposition.md:220
原文：| | | etymonline 记的早期义项有"因为"。牛津的定义是"表示理由或原因"，例句 The town is famous for its cathedral.（这个镇以它的大教堂闻名） | This farm is famous **for** its apples. 这个农场以苹果出名。 |
改后：| | | etymonline 记的早期义项有“因为”。牛津的定义是“表示理由或原因”，例句 The town is famous for its cathedral.（这个镇以它的大教堂闻名） | This farm is famous **for** its apples. 这个农场以苹果出名。 |

## parts/15-preposition.md:221
原文：| | | 代替 → 拿一样东西顶替另一样 → 交换。牛津的定义是"交换" | I bought three apples **for** ten yuan. 我花十元买了三个苹果。 |
改后：| | | 代替 → 拿一样东西顶替另一样 → 交换。牛津的定义是“交换” | I bought three apples **for** ten yuan. 我花十元买了三个苹果。 |

## parts/15-preposition.md:222
原文：| | | 推不出来，按用法讲。牛津的说明是 for 可以"说某件事对某人来说有多难、多必要"（It's useless for us to continue. 我们再做下去也没用）。for 后面是"对谁而言" | It's important **for** us to eat fruit every day. 每天吃水果对我们很重要。 |
改后：| | | 推不出来，按用法讲。牛津的说明是 for 可以“说某件事对某人来说有多难、多必要”（It's useless for us to continue. 我们再做下去也没用）。for 后面是“对谁而言” | It's important **for** us to eat fruit every day. 每天吃水果对我们很重要。 |

## parts/15-preposition.md:223
原文：| **with** | 对着、对抗。etymonline：with 最早表示"对抗、相对"，到中古英语时期才转为"和……在一起"；withdraw（撤回）这类词里还留着"对着"的意思 | 本义还在：和某人对着干。牛津的定义是"和……对抗"，例句 to fight with somebody（和某人打架） | The boys fought **with** each other over the last apple. 男孩们为了最后一个苹果打了起来。 |
改后：| **with** | 对着、对抗。etymonline：with 最早表示“对抗、相对”，到中古英语时期才转为“和……在一起”；withdraw（撤回）这类词里还留着“对着”的意思 | 本义还在：和某人对着干。牛津的定义是“和……对抗”，例句 to fight with somebody（和某人打架） | The boys fought **with** each other over the last apple. 男孩们为了最后一个苹果打了起来。 |

## parts/15-preposition.md:225
原文：| | | 在一起 → 身上带着。牛津的定义是"有、带着" | Look at that tree **with** lots of red apples! 看那棵结满红苹果的树！ |
改后：| | | 在一起 → 身上带着。牛津的定义是“有、带着” | Look at that tree **with** lots of red apples! 看那棵结满红苹果的树！ |

## parts/15-preposition.md:226
原文：| | | 手里带着 → 用它来做。牛津的定义是"使用" | Cut the apple **with** a knife. 用刀切苹果。 |
改后：| | | 手里带着 → 用它来做。牛津的定义是“使用” | Cut the apple **with** a knife. 用刀切苹果。 |

## parts/15-preposition.md:227
原文：| | | 牛津的说明是"说明用什么装满、盖住某物"：篮子和苹果在一起，被苹果填满 | The basket was filled **with** apples. 篮子里装满了苹果。 |
改后：| | | 牛津的说明是“说明用什么装满、盖住某物”：篮子和苹果在一起，被苹果填满 | The basket was filled **with** apples. 篮子里装满了苹果。 |

## parts/15-preposition.md:228
原文：| | | 牛津把它归在"涉及、对于"这个义项下，例句就是 Don't be angry with her（别生她的气）。with 早期也有"朝着、对着"的意思（etymonline），生气这件事是对着她的 | Don't be angry **with** her. 别生她的气。 |
改后：| | | 牛津把它归在“涉及、对于”这个义项下，例句就是 Don't be angry with her（别生她的气）。with 早期也有“朝着、对着”的意思（etymonline），生气这件事是对着她的 | Don't be angry **with** her. 别生她的气。 |

## parts/15-preposition.md:229
原文：| **without** | 在外面。with 加 out，etymonline：最早意思是"在……外面"，和 within（在里面）相对；约 1200 年起有"缺少"的意思，和 with 相对 | 不和这样东西在一起 → 没有 | He went to school **without** breakfast. 他没吃早饭就去上学了。 |
改后：| **without** | 在外面。with 加 out，etymonline：最早意思是“在……外面”，和 within（在里面）相对；约 1200 年起有“缺少”的意思，和 with 相对 | 不和这样东西在一起 → 没有 | He went to school **without** breakfast. 他没吃早饭就去上学了。 |

## parts/15-preposition.md:232
原文：| **about** | 在外面一圈。etymonline：由 on、by、out 三部分合成，最早是"在……外围、绕一圈、在附近"，13 世纪中期起有"关于"的意思 | 围着一个东西转 → 话题围着它转 | This is a book **about** apples. 这是一本关于苹果的书。 |
改后：| **about** | 在外面一圈。etymonline：由 on、by、out 三部分合成，最早是“在……外围、绕一圈、在附近”，13 世纪中期起有“关于”的意思 | 围着一个东西转 → 话题围着它转 | This is a book **about** apples. 这是一本关于苹果的书。 |

## parts/15-preposition.md:233
原文：| | | 牛津把 How about ...? 列为"用来提建议"。字面是"围绕去摘苹果这件事，（你觉得）怎么样？" | How **about** going to pick apples? 去摘苹果怎么样？ |
改后：| | | 牛津把 How about ...? 列为“用来提建议”。字面是“围绕去摘苹果这件事，（你觉得）怎么样？” | How **about** going to pick apples? 去摘苹果怎么样？ |

## parts/15-preposition.md:234
原文：| **like** | 形状相同。etymonline：like 本义"有同样的特征"，字面是"有着相应的身体、形状" | 本义直接用：相似 | This tomato looks **like** an apple. 这个西红柿看起来像个苹果。 |
改后：| **like** | 形状相同。etymonline：like 本义“有同样的特征”，字面是“有着相应的身体、形状” | 本义直接用：相似 | This tomato looks **like** an apple. 这个西红柿看起来像个苹果。 |

## parts/15-preposition.md:235
原文：| | | 问它像什么 → 问它是什么样子。牛津的定义是"用来问对某人某物的看法" | What's the new apple **like**? It's very sweet. 这种新苹果怎么样？很甜。 |
改后：| | | 问它像什么 → 问它是什么样子。牛津的定义是“用来问对某人某物的看法” | What's the new apple **like**? It's very sweet. 这种新苹果怎么样？很甜。 |

## parts/15-preposition.md:236
原文：| | | 和苹果、梨同一个样子的 → 举例子。牛津的定义是"例如" | I like fruits **like** apples and pears. 我喜欢苹果和梨这样的水果。 |
改后：| | | 和苹果、梨同一个样子的 → 举例子。牛津的定义是“例如” | I like fruits **like** apples and pears. 我喜欢苹果和梨这样的水果。 |

## parts/15-preposition.md:237
原文：| **except** | 拿出去。ex- 是"出去"，cept 是"拿"，合起来是"拿出去" | 把这一个拿出去，不算在里面 → 除了。牛津的说明是"用在唯一不符合前面说法的那个人或物前面" | I ate all the apples **except** the green one. 除了那个青的，其余苹果我都吃了。 |
改后：| **except** | 拿出去。ex- 是“出去”，cept 是“拿”，合起来是“拿出去” | 把这一个拿出去，不算在里面 → 除了。牛津的说明是“用在唯一不符合前面说法的那个人或物前面” | I ate all the apples **except** the green one. 除了那个青的，其余苹果我都吃了。 |

## parts/15-preposition.md:239
原文：上面最后一个 like 例句里，第一个 like 是动词"喜欢"，第二个 like 是介词"像"。
改后：上面最后一个 like 例句里，第一个 like 是动词“喜欢”，第二个 like 是介词“像”。

## parts/15-preposition.md:242
原文：- except 和 besides 从本义就分得开：except 是"拿出去"，不算在内；besides 是"在旁边"，旁边还有，算在内。牛津的例句：I like all sports except football.（除了足球，别的运动我都喜欢）What other sports do you like besides football?（除了足球，你还喜欢什么运动？）
改后：- except 和 besides 从本义就分得开：except 是“拿出去”，不算在内；besides 是“在旁边”，旁边还有，算在内。牛津的例句：I like all sports except football.（除了足球，别的运动我都喜欢）What other sports do you like besides football?（除了足球，你还喜欢什么运动？）

## parts/15-preposition.md:244
原文：- What's it like? 问的是"它怎么样"（性格、感受、特点），What does it look like? 问的是"它长什么样"。like 是"像"，What's it like 是"它像什么"，问整体给人的感觉；加上 look 就只问"看起来像什么"。剑桥词典的语法说明是：be like 讲性格，look like 讲长相。
改后：- What's it like? 问的是“它怎么样”（性格、感受、特点），What does it look like? 问的是“它长什么样”。like 是“像”，What's it like 是“它像什么”，问整体给人的感觉；加上 look 就只问“看起来像什么”。剑桥词典的语法说明是：be like 讲性格，look like 讲长相。

## parts/15-preposition.md:246
原文：本义依据：[etymonline: of](https://www.etymonline.com/word/of)、[off](https://www.etymonline.com/word/off)、[for](https://www.etymonline.com/word/for)、[with](https://www.etymonline.com/word/with)、[without](https://www.etymonline.com/word/without)、[about](https://www.etymonline.com/word/about)、[like](https://www.etymonline.com/word/like)、[except](https://www.etymonline.com/word/except)。用法依据：[剑桥英汉词典: of](https://dictionary.cambridge.org/zhs/%E8%AF%8D%E5%85%B8/%E8%8B%B1%E8%AF%AD/of)、[for](https://dictionary.cambridge.org/zhs/%E8%AF%8D%E5%85%B8/%E8%8B%B1%E8%AF%AD/for)、[with](https://dictionary.cambridge.org/zhs/%E8%AF%8D%E5%85%B8/%E8%8B%B1%E8%AF%AD/with)、[without](https://dictionary.cambridge.org/zhs/%E8%AF%8D%E5%85%B8/%E8%8B%B1%E8%AF%AD/without)、[about](https://dictionary.cambridge.org/zhs/%E8%AF%8D%E5%85%B8/%E8%8B%B1%E8%AF%AD/about)、[like](https://dictionary.cambridge.org/zhs/%E8%AF%8D%E5%85%B8/%E8%8B%B1%E8%AF%AD/like)、[except](https://dictionary.cambridge.org/zhs/%E8%AF%8D%E5%85%B8/%E8%8B%B1%E8%AF%AD/except)；[Oxford Learner's: of](https://www.oxfordlearnersdictionaries.com/definition/english/of)、[for](https://www.oxfordlearnersdictionaries.com/definition/english/for_1)、[with](https://www.oxfordlearnersdictionaries.com/definition/english/with)、[without](https://www.oxfordlearnersdictionaries.com/definition/english/without)、[about](https://www.oxfordlearnersdictionaries.com/definition/english/about_1)、[like](https://www.oxfordlearnersdictionaries.com/definition/english/like_1)、[except](https://www.oxfordlearnersdictionaries.com/definition/english/except_1)。
改后：本义依据：[etymonline: of](https://www.etymonline.com/word/of)、[off](https://www.etymonline.com/word/off)、[for](https://www.etymonline.com/word/for)、[with](https://www.etymonline.com/word/with)、[without](https://www.etymonline.com/word/without)、[about](https://www.etymonline.com/word/about)、[like](https://www.etymonline.com/word/like)、[except](https://www.etymonline.com/word/except)。用法依据：[剑桥英汉词典：of](https://dictionary.cambridge.org/zhs/%E8%AF%8D%E5%85%B8/%E8%8B%B1%E8%AF%AD/of)、[for](https://dictionary.cambridge.org/zhs/%E8%AF%8D%E5%85%B8/%E8%8B%B1%E8%AF%AD/for)、[with](https://dictionary.cambridge.org/zhs/%E8%AF%8D%E5%85%B8/%E8%8B%B1%E8%AF%AD/with)、[without](https://dictionary.cambridge.org/zhs/%E8%AF%8D%E5%85%B8/%E8%8B%B1%E8%AF%AD/without)、[about](https://dictionary.cambridge.org/zhs/%E8%AF%8D%E5%85%B8/%E8%8B%B1%E8%AF%AD/about)、[like](https://dictionary.cambridge.org/zhs/%E8%AF%8D%E5%85%B8/%E8%8B%B1%E8%AF%AD/like)、[except](https://dictionary.cambridge.org/zhs/%E8%AF%8D%E5%85%B8/%E8%8B%B1%E8%AF%AD/except)；[Oxford Learner's: of](https://www.oxfordlearnersdictionaries.com/definition/english/of)、[for](https://www.oxfordlearnersdictionaries.com/definition/english/for_1)、[with](https://www.oxfordlearnersdictionaries.com/definition/english/with)、[without](https://www.oxfordlearnersdictionaries.com/definition/english/without)、[about](https://www.oxfordlearnersdictionaries.com/definition/english/about_1)、[like](https://www.oxfordlearnersdictionaries.com/definition/english/like_1)、[except](https://www.oxfordlearnersdictionaries.com/definition/english/except_1)。

## parts/15-preposition.md:250
原文：**church 指"礼拜"这件事时不加冠词，at church 和 in church 都表示"在做礼拜"；指教堂这座建筑时是可数名词，要加 the、a 这类词。** 这里苹果不自然，换成教堂的场景。
改后：**church 指“礼拜”这件事时不加冠词，at church 和 in church 都表示“在做礼拜”；指教堂这座建筑时是可数名词，要加 the、a 这类词。** 这里苹果不自然，换成教堂的场景。

## parts/15-preposition.md:258
原文：etymonline 在 at 的词条下专门讲了这一对：at 和 in、on 的区别在于 at 带着"和这个地方有实际关系"的意思，所以做礼拜的人 is at church，游客 is in the church（在教堂里面）。这正是 at 的本义"到、靠近某一点"：不关心建筑内部，只关心人和这个地点、这件事有关。游客只是人在建筑"里面"，用的是 in 的本义"被包围"，而且说的是具体那座教堂，所以加 the。
改后：etymonline 在 at 的词条下专门讲了这一对：at 和 in、on 的区别在于 at 带着“和这个地方有实际关系”的意思，所以做礼拜的人 is at church，游客 is in the church（在教堂里面）。这正是 at 的本义“到、靠近某一点”：不关心建筑内部，只关心人和这个地点、这件事有关。游客只是人在建筑“里面”，用的是 in 的本义“被包围”，而且说的是具体那座教堂，所以加 the。

## parts/15-preposition.md:260
原文：**中考易错点：** 关键在有没有冠词，不只在 at 还是 in。牛津词典在"礼拜"这个义项下标明：at church 是英式说法，in church 是北美说法，意思都是"在做礼拜"。所以不能说 in church 就只指"在教堂建筑里"。
改后：**中考易错点：** 关键在有没有冠词，不只在 at 还是 in。牛津词典在“礼拜”这个义项下标明：at church 是英式说法，in church 是北美说法，意思都是“在做礼拜”。所以不能说 in church 就只指“在教堂建筑里”。

## parts/15-preposition.md:262
原文：本义依据：[etymonline: at](https://www.etymonline.com/word/at)。用法依据：[剑桥英汉词典: church](https://dictionary.cambridge.org/zhs/%E8%AF%8D%E5%85%B8/%E8%8B%B1%E8%AF%AD/church)；[Oxford Learner's: church](https://www.oxfordlearnersdictionaries.com/definition/english/church)。
改后：本义依据：[etymonline: at](https://www.etymonline.com/word/at)。用法依据：[剑桥英汉词典：church](https://dictionary.cambridge.org/zhs/%E8%AF%8D%E5%85%B8/%E8%8B%B1%E8%AF%AD/church)；[Oxford Learner's: church](https://www.oxfordlearnersdictionaries.com/definition/english/church)。

## parts/15-preposition.md:266
原文：**表示"在……上方"时，over 和 above 常常都能用；表示越过、覆盖时只能用 over。** 原因在本义：over 本来就同时有"在上方、越过、覆盖"几个意思，above 是由"在高处"拼成的，只讲高度。
改后：**表示“在……上方”时，over 和 above 常常都能用；表示越过、覆盖时只能用 over。** 原因在本义：over 本来就同时有“在上方、越过、覆盖”几个意思，above 是由“在高处”拼成的，只讲高度。

## parts/15-preposition.md:276
原文：etymonline 引的辨析说：above 只表示位置更高，不一定在正上方，所以一朵云可以在另一朵云的 above，却不在它的 over；over 指正上方或接近正上方，还常常带着"移动、延伸"的意思。
改后：etymonline 引的辨析说：above 只表示位置更高，不一定在正上方，所以一朵云可以在另一朵云的 above，却不在它的 over；over 指正上方或接近正上方，还常常带着“移动、延伸”的意思。

## parts/15-preposition.md:278
原文：牛津词典在 above 和 over 两个词条下都放了辨析：说高度时两个都能用，说越过和覆盖时只用 over；说"多于"时，above 用于一个最低水平或固定的点（above sea level 海拔以上），over 用于数字、年龄、钱和时间（He's over 50. 他五十多岁了）。"多于"的这一分工是用法上的，本义推不出来：above 是"在高处"，所以跟"水平线、标准"这种有高低的东西搭配；over 跟具体数目，这一点按牛津的说明来用。
改后：牛津词典在 above 和 over 两个词条下都放了辨析：说高度时两个都能用，说越过和覆盖时只用 over；说“多于”时，above 用于一个最低水平或固定的点（above sea level 海拔以上），over 用于数字、年龄、钱和时间（He's over 50. 他五十多岁了）。“多于”的这一分工是用法上的，本义推不出来：above 是“在高处”，所以跟“水平线、标准”这种有高低的东西搭配；over 跟具体数目，这一点按牛津的说明来用。

## parts/15-preposition.md:280
原文：**中考易错点：** "跳过、翻过"只能用 over，不能用 above：above 只说高度，没有"过去"的意思。
改后：**中考易错点：** “跳过、翻过”只能用 over，不能用 above：above 只说高度，没有“过去”的意思。

## parts/15-preposition.md:282
原文：用法依据：[Oxford Learner's: above](https://www.oxfordlearnersdictionaries.com/definition/english/above_1)、[over](https://www.oxfordlearnersdictionaries.com/definition/english/over_1)；[剑桥英汉词典: above](https://dictionary.cambridge.org/zhs/%E8%AF%8D%E5%85%B8/%E8%8B%B1%E8%AF%AD/above)、[over](https://dictionary.cambridge.org/zhs/%E8%AF%8D%E5%85%B8/%E8%8B%B1%E8%AF%AD/over)。本义依据：[etymonline: over](https://www.etymonline.com/word/over)、[above](https://www.etymonline.com/word/above)。
改后：用法依据：[Oxford Learner's: above](https://www.oxfordlearnersdictionaries.com/definition/english/above_1)、[over](https://www.oxfordlearnersdictionaries.com/definition/english/over_1)；[剑桥英汉词典：above](https://dictionary.cambridge.org/zhs/%E8%AF%8D%E5%85%B8/%E8%8B%B1%E8%AF%AD/above)、[over](https://dictionary.cambridge.org/zhs/%E8%AF%8D%E5%85%B8/%E8%8B%B1%E8%AF%AD/over)。本义依据：[etymonline: over](https://www.etymonline.com/word/over)、[above](https://www.etymonline.com/word/above)。

## parts/15-preposition.md:286
原文：**across 是从一个平面或一条线的这一边到那一边；through 是从一个东西的一头进去、中间穿过、另一头出来。** 本义不同：across 是"成十字交叉"，横着划过一个面；through 是"从一端到另一端"，要穿过东西的内部。
改后：**across 是从一个平面或一条线的这一边到那一边；through 是从一个东西的一头进去、中间穿过、另一头出来。** 本义不同：across 是“成十字交叉”，横着划过一个面；through 是“从一端到另一端”，要穿过东西的内部。

## parts/15-preposition.md:293
原文：across 还有"在对面"的意思（There's a fruit shop across the street. 街对面有一家水果店），这是"横过去以后到了另一边"；through 还有"隔着"的意思（I saw the apple tree through the window. 我透过窗户看到了那棵苹果树），这是"视线从中间穿过去"。
改后：across 还有“在对面”的意思（There's a fruit shop across the street. 街对面有一家水果店），这是“横过去以后到了另一边”；through 还有“隔着”的意思（I saw the apple tree through the window. 我透过窗户看到了那棵苹果树），这是“视线从中间穿过去”。

## parts/15-preposition.md:295
原文：**中考易错点：** 两个词都译成"穿过"，做题时想一想路线：马路、河、田野是一个面，人从面上横着过去，用 across；窗户、大门、隧道有一个口，人或东西从里面穿过去，用 through。
改后：**中考易错点：** 两个词都译成“穿过”，做题时想一想路线：马路、河、田野是一个面，人从面上横着过去，用 across；窗户、大门、隧道有一个口，人或东西从里面穿过去，用 through。

## parts/15-preposition.md:297
原文：用法依据：[Oxford Learner's: across](https://www.oxfordlearnersdictionaries.com/definition/english/across_1)、[through](https://www.oxfordlearnersdictionaries.com/definition/english/through_1)；[剑桥英汉词典: across](https://dictionary.cambridge.org/zhs/%E8%AF%8D%E5%85%B8/%E8%8B%B1%E8%AF%AD/across)、[through](https://dictionary.cambridge.org/zhs/%E8%AF%8D%E5%85%B8/%E8%8B%B1%E8%AF%AD/through)。本义依据：[etymonline: across](https://www.etymonline.com/word/across)、[through](https://www.etymonline.com/word/through)。
改后：用法依据：[Oxford Learner's: across](https://www.oxfordlearnersdictionaries.com/definition/english/across_1)、[through](https://www.oxfordlearnersdictionaries.com/definition/english/through_1)；[剑桥英汉词典：across](https://dictionary.cambridge.org/zhs/%E8%AF%8D%E5%85%B8/%E8%8B%B1%E8%AF%AD/across)、[through](https://dictionary.cambridge.org/zhs/%E8%AF%8D%E5%85%B8/%E8%8B%B1%E8%AF%AD/through)。本义依据：[etymonline: across](https://www.etymonline.com/word/across)、[through](https://www.etymonline.com/word/through)。

## parts/15-preposition.md:305
原文：| **at** | 钟点、某个时刻 | at 本义"到、靠近某一点"，不管范围大小。时间轴上的一个点就用 at | at 7 o'clock、at dawn、at night、at the end of the week | I eat an apple **at** 7 o'clock. 我七点吃一个苹果。 |
改后：| **at** | 钟点、某个时刻 | at 本义“到、靠近某一点”，不管范围大小。时间轴上的一个点就用 at | at 7 o'clock、at dawn、at night、at the end of the week | I eat an apple **at** 7 o'clock. 我七点吃一个苹果。 |

## parts/15-preposition.md:306
原文：| **in** | 年、月、季节、世纪，一天中的上午、下午、晚上 | in 本义"在里面"。一段较长的时间像一个范围，事情落在里面 | in 2021、in March、in autumn、in the morning | Apples are cheap **in** October. 十月的苹果很便宜。 |
改后：| **in** | 年、月、季节、世纪，一天中的上午、下午、晚上 | in 本义“在里面”。一段较长的时间像一个范围，事情落在里面 | in 2021、in March、in autumn、in the morning | Apples are cheap **in** October. 十月的苹果很便宜。 |

## parts/15-preposition.md:307
原文：| **on** | 某一天、某天的上午或晚上 | 推不出来。etymonline 的 on 词条没有讲到日期；牛津只列出"用来表示某一天或日期"这个义项。英语说具体哪一天，习惯用 on | on Sunday、on May 1st、on my birthday、on the evening of May 1st | We buy apples **on** Sundays. 我们周日买苹果。 |
改后：| **on** | 某一天、某天的上午或晚上 | 推不出来。etymonline 的 on 词条没有讲到日期；牛津只列出“用来表示某一天或日期”这个义项。英语说具体哪一天，习惯用 on | on Sunday、on May 1st、on my birthday、on the evening of May 1st | We buy apples **on** Sundays. 我们周日买苹果。 |

## parts/15-preposition.md:310
原文：- in the morning（在上午）用 in，但具体到某一天的上午就用 on：on the morning of May 1st（五月一日上午）。英语的习惯是：只要说的是具体哪一天，哪怕只是那天的一部分，就按"某一天"用 on。牛津 on 词条的例句 on the evening of May the first（五月一日晚上）就是这样。
改后：- in the morning（在上午）用 in，但具体到某一天的上午就用 on：on the morning of May 1st（五月一日上午）。英语的习惯是：只要说的是具体哪一天，哪怕只是那天的一部分，就按“某一天”用 on。牛津 on 词条的例句 on the evening of May the first（五月一日晚上）就是这样。

## parts/15-preposition.md:311
原文：- "在周末"：牛津标明 at the weekend 是英式说法，on the weekend 主要是北美说法，两种都对。this weekend、next weekend、last weekend 前面不加介词，牛津的例子就是这样写的：We will pick apples this weekend. 我们这个周末去摘苹果。
改后：- “在周末”：牛津标明 at the weekend 是英式说法，on the weekend 主要是北美说法，两种都对。this weekend、next weekend、last weekend 前面不加介词，牛津的例子就是这样写的：We will pick apples this weekend. 我们这个周末去摘苹果。

## parts/15-preposition.md:317
原文：**between 用于分得清的一个个对象，通常是两个；among 用于一群分不开的人或物，表示在其中、被围着或属于其中。** 本义写在字面上：between 里有"两个"，among 是"混在人群里"。
改后：**between 用于分得清的一个个对象，通常是两个；among 用于一群分不开的人或物，表示在其中、被围着或属于其中。** 本义写在字面上：between 里有“两个”，among 是“混在人群里”。

## parts/15-preposition.md:330
原文：用法依据：[剑桥英汉词典: between](https://dictionary.cambridge.org/zhs/%E8%AF%8D%E5%85%B8/%E8%8B%B1%E8%AF%AD/between)、[among](https://dictionary.cambridge.org/zhs/%E8%AF%8D%E5%85%B8/%E8%8B%B1%E8%AF%AD/among)；[Oxford Learner's: between](https://www.oxfordlearnersdictionaries.com/definition/english/between_1)、[among](https://www.oxfordlearnersdictionaries.com/definition/english/among)。本义依据：[etymonline: between](https://www.etymonline.com/word/between)、[among](https://www.etymonline.com/word/among)。
改后：用法依据：[剑桥英汉词典：between](https://dictionary.cambridge.org/zhs/%E8%AF%8D%E5%85%B8/%E8%8B%B1%E8%AF%AD/between)、[among](https://dictionary.cambridge.org/zhs/%E8%AF%8D%E5%85%B8/%E8%8B%B1%E8%AF%AD/among)；[Oxford Learner's: between](https://www.oxfordlearnersdictionaries.com/definition/english/between_1)、[among](https://www.oxfordlearnersdictionaries.com/definition/english/among)。本义依据：[etymonline: between](https://www.etymonline.com/word/between)、[among](https://www.etymonline.com/word/among)。

## parts/16-conj-interj.md:3
原文：**连词就是"把东西连在一起的词"。** 它的英文名 conjunction 拆开看：con- 是"一起"，中间的 junct 是"连、套在一起"，-ion 把动作变成名词。合起来是"连在一起"，所以它的工作就是把词、短语或句子连起来。
改后：**连词就是“把东西连在一起的词”。** 它的英文名 conjunction 拆开看：con- 是“一起”，中间的 junct 是“连、套在一起”，-ion 把动作变成名词。合起来是“连在一起”，所以它的工作就是把词、短语或句子连起来。

## parts/16-conj-interj.md:5
原文：连起来的两部分，地位可能相同，也可能一主一从。剑桥语法按这一点把连词分成两类：并列连词连接"同一种语法类型"的两部分；从属连词把后面的句子变成从句，而从句"需要一个主句才能成为完整的句子"。
改后：连起来的两部分，地位可能相同，也可能一主一从。剑桥语法按这一点把连词分成两类：并列连词连接“同一种语法类型”的两部分；从属连词把后面的句子变成从句，而从句“需要一个主句才能成为完整的句子”。

## parts/16-conj-interj.md:12
原文：怎么分辨：把连词和它带的那半句单独拿出来念。"and Tom washed them"去掉 and 就是完整的一句 Tom washed them；"that the apple is sweet"单独说出来，听的人会问"然后呢？谁觉得？"——它在等主句。
改后：怎么分辨：把连词和它带的那半句单独拿出来念。"and Tom washed them"去掉 and 就是完整的一句 Tom washed them；"that the apple is sweet"单独说出来，听的人会问“然后呢？谁觉得？”——它在等主句。

## parts/16-conj-interj.md:14
原文：本义依据：[etymonline: conjunction](https://www.etymonline.com/word/conjunction)。用法依据：[剑桥语法: Conjunctions](https://dictionary.cambridge.org/zhs/%E8%AF%AD%E6%B3%95/%E8%8B%B1%E5%BC%8F%E8%AF%AD%E6%B3%95/conjunctions)。
改后：本义依据：[etymonline: conjunction](https://www.etymonline.com/word/conjunction)。用法依据：[剑桥语法：Conjunctions](https://dictionary.cambridge.org/zhs/%E8%AF%AD%E6%B3%95/%E8%8B%B1%E5%BC%8F%E8%AF%AD%E6%B3%95/conjunctions)。

## parts/16-conj-interj.md:18
原文：**并列连词两边的地位相同，谁也不依附谁。** 这四个词的用法看起来很多，其实每个都从一个很朴素的本义长出来。下表"用法"一列取自词典义项，"怎么推出来"一列写从本义到用法的那一步。
改后：**并列连词两边的地位相同，谁也不依附谁。** 这四个词的用法看起来很多，其实每个都从一个很朴素的本义长出来。下表“用法”一列取自词典义项，“怎么推出来”一列写从本义到用法的那一步。

## parts/16-conj-interj.md:22
原文：| **and** | 最早的意思是"接着、然后" | 然后：前一个动作之后接着做 | 本义直接用 | She picked an apple **and** ate it. 她摘了一个苹果，然后吃掉了。 |
改后：| **and** | 最早的意思是“接着、然后” | 然后：前一个动作之后接着做 | 本义直接用 | She picked an apple **and** ate it. 她摘了一个苹果，然后吃掉了。 |

## parts/16-conj-interj.md:23
原文：| | | 和，并且：把两样东西加在一起 | "说了这个，接着再说那个"，两样东西就被排在一起、加在一起 | I like apples **and** pears. 我喜欢苹果和梨。 |
改后：| | | 和，并且：把两样东西加在一起 | “说了这个，接着再说那个”，两样东西就被排在一起、加在一起 | I like apples **and** pears. 我喜欢苹果和梨。 |

## parts/16-conj-interj.md:24
原文：| | | 用在命令或建议后面，表示结果 | "你先做这件事，接着就会发生那件事"，后一件就是前一件带来的结果 | Eat an apple every day **and** you'll stay healthy. 每天吃一个苹果，你就能保持健康。 |
改后：| | | 用在命令或建议后面，表示结果 | “你先做这件事，接着就会发生那件事”，后一件就是前一件带来的结果 | Eat an apple every day **and** you'll stay healthy. 每天吃一个苹果，你就能保持健康。 |

## parts/16-conj-interj.md:25
原文：| | | 口语里用在 go、come、try、stay 这类词后面，代替 to，表示目的 | "去，接着洗"，先去是为了后面那件事，所以后一个动作就是去的目的 | Go **and** wash the apples. 去把苹果洗了。 |
改后：| | | 口语里用在 go、come、try、stay 这类词后面，代替 to，表示目的 | “去，接着洗”，先去是为了后面那件事，所以后一个动作就是去的目的 | Go **and** wash the apples. 去把苹果洗了。 |

## parts/16-conj-interj.md:26
原文：| **but** | 由表示"在旁边"的 by 和 out 合成，本义"在外面" | 除了 | 放"在外面"，就是排除在外，所以是"除了" | Nobody **but** Tom ate an apple. 除了汤姆，谁也没吃苹果。 |
改后：| **but** | 由表示“在旁边”的 by 和 out 合成，本义“在外面” | 除了 | 放“在外面”，就是排除在外，所以是“除了” | Nobody **but** Tom ate an apple. 除了汤姆，谁也没吃苹果。 |

## parts/16-conj-interj.md:27
原文：| | | 但是：引出和前面相反或不同的内容 | 前面说的话"之外"还有另一面，引出这另一面，就是"但是" | The apple is small **but** sweet. 这个苹果小，但是很甜。 |
改后：| | | 但是：引出和前面相反或不同的内容 | 前面说的话“之外”还有另一面，引出这另一面，就是“但是” | The apple is small **but** sweet. 这个苹果小，但是很甜。 |

## parts/16-conj-interj.md:29
原文：| **or** | 一个古老的、意思就是"或者"的连词，读音弱化后成了 or。etymonline 给它的意思是"要么、要不然、作为另一个选择"。它和表示"另一个"的 other 不是同一个词 | 或者，还是：引出另一种选择 | 本义直接用：摆出另一种可能 | Do you want an apple **or** a pear? 你要苹果还是梨？ |
改后：| **or** | 一个古老的、意思就是“或者”的连词，读音弱化后成了 or。etymonline 给它的意思是“要么、要不然、作为另一个选择”。它和表示“另一个”的 other 不是同一个词 | 或者，还是：引出另一种选择 | 本义直接用：摆出另一种可能 | Do you want an apple **or** a pear? 你要苹果还是梨？ |

## parts/16-conj-interj.md:30
原文：| | | 否则：提醒或劝告对方，不这样做就会有坏结果 | etymonline 给 or 的意思里本来就有"要不然、否则"："照我说的做；要不然就是……"，不照做的那种可能，就是坏结果 | Put the apples in the fridge, **or** they'll go bad. 把苹果放进冰箱，不然会坏掉。 |
改后：| | | 否则：提醒或劝告对方，不这样做就会有坏结果 | etymonline 给 or 的意思里本来就有“要不然、否则”：“照我说的做；要不然就是……”，不照做的那种可能，就是坏结果 | Put the apples in the fridge, **or** they'll go bad. 把苹果放进冰箱，不然会坏掉。 |

## parts/16-conj-interj.md:32
原文：| | | 用在两个数字之间，表示大约 | "六个，或者七个"，把两个数都摆出来，说明说话人拿不准是哪个，就是"大约" | There were six **or** seven apples in the bag. 袋子里有六七个苹果。 |
改后：| | | 用在两个数字之间，表示大约 | “六个，或者七个”，把两个数都摆出来，说明说话人拿不准是哪个，就是“大约” | There were six **or** seven apples in the bag. 袋子里有六七个苹果。 |

## parts/16-conj-interj.md:33
原文：| **so** | "这样、以这种方式" | 所以：引出结果 | "事情是这样的，于是……"，指着前面已经说过的情况，引出它带来的结果 | The apple was bad, **so** I threw it away. 苹果坏了，所以我把它扔了。 |
改后：| **so** | “这样、以这种方式” | 所以：引出结果 | “事情是这样的，于是……”，指着前面已经说过的情况，引出它带来的结果 | The apple was bad, **so** I threw it away. 苹果坏了，所以我把它扔了。 |

## parts/16-conj-interj.md:35
原文：**成对的并列连词。** both … and、either … or、neither … nor 前一个词先告诉你"要说两样东西了"，后一个词把第二样接上。前一个词的本义决定了这对词的意思。
改后：**成对的并列连词。** both … and、either … or、neither … nor 前一个词先告诉你“要说两样东西了”，后一个词把第二样接上。前一个词的本义决定了这对词的意思。

## parts/16-conj-interj.md:39
原文：| both … and | both 是"两个都、这一个和那一个" | "两个都"，再用 and 把两个加在一起：A 和 B 都 | **Both** Tom **and** I like apples. 汤姆和我都喜欢苹果。 |
改后：| both … and | both 是“两个都、这一个和那一个” | “两个都”，再用 and 把两个加在一起：A 和 B 都 | **Both** Tom **and** I like apples. 汤姆和我都喜欢苹果。 |

## parts/16-conj-interj.md:40
原文：| either … or | either 是"两个中的任意一个" | "两个中任选一个"，再用 or 摆出两个选项：不是 A 就是 B | You can have **either** an apple **or** a pear. 你可以吃一个苹果，或者吃一个梨。 |
改后：| either … or | either 是“两个中的任意一个” | “两个中任选一个”，再用 or 摆出两个选项：不是 A 就是 B | You can have **either** an apple **or** a pear. 你可以吃一个苹果，或者吃一个梨。 |

## parts/16-conj-interj.md:41
原文：| neither … nor | neither 字面是"不"加"两个中的哪一个"，拼写后来向 either 靠拢；nor 是"不"加 or | "两个中哪一个都不"，nor 就是"也不"：A 不，B 也不 | The apple is **neither** big **nor** sweet. 这个苹果既不大，也不甜。 |
改后：| neither … nor | neither 字面是“不”加“两个中的哪一个”，拼写后来向 either 靠拢；nor 是“不”加 or | “两个中哪一个都不”，nor 就是“也不”：A 不，B 也不 | The apple is **neither** big **nor** sweet. 这个苹果既不大，也不甜。 |

## parts/16-conj-interj.md:43
原文：三个前一个词的本义里都带着"两个"，所以这三对词都是在两样东西之间说话。
改后：三个前一个词的本义里都带着“两个”，所以这三对词都是在两样东西之间说话。

## parts/16-conj-interj.md:48
原文：2. so 引出的结果只能放在后面。so 的本义是"这样"，它指着前面已经说出来的情况，所以原因必须先说：The apple was bad, **so** I threw it away（苹果坏了，所以我把它扔了）。不说 So I threw it away, the apple was bad，因为说 so 的时候，前面还没有可以指的情况。
改后：2. so 引出的结果只能放在后面。so 的本义是“这样”，它指着前面已经说出来的情况，所以原因必须先说：The apple was bad, **so** I threw it away（苹果坏了，所以我把它扔了）。不说 So I threw it away, the apple was bad，因为说 so 的时候，前面还没有可以指的情况。

## parts/16-conj-interj.md:51
原文：用法依据：[剑桥英汉词典: and](https://dictionary.cambridge.org/zhs/%E8%AF%8D%E5%85%B8/%E8%8B%B1%E8%AF%AD/and)、[but](https://dictionary.cambridge.org/zhs/%E8%AF%8D%E5%85%B8/%E8%8B%B1%E8%AF%AD/but)、[or](https://dictionary.cambridge.org/zhs/%E8%AF%8D%E5%85%B8/%E8%8B%B1%E8%AF%AD/or)、[so](https://dictionary.cambridge.org/zhs/%E8%AF%8D%E5%85%B8/%E8%8B%B1%E8%AF%AD/so)、[both](https://dictionary.cambridge.org/zhs/%E8%AF%8D%E5%85%B8/%E8%8B%B1%E8%AF%AD/both)、[either](https://dictionary.cambridge.org/zhs/%E8%AF%8D%E5%85%B8/%E8%8B%B1%E8%AF%AD/either)、[neither](https://dictionary.cambridge.org/zhs/%E8%AF%8D%E5%85%B8/%E8%8B%B1%E8%AF%AD/neither)；[牛津学习词典: and](https://www.oxfordlearnersdictionaries.com/definition/english/and)、[but](https://www.oxfordlearnersdictionaries.com/definition/english/but_1)、[or](https://www.oxfordlearnersdictionaries.com/definition/english/or_1)、[so](https://www.oxfordlearnersdictionaries.com/definition/english/so_3)；[剑桥语法: Conjunctions](https://dictionary.cambridge.org/zhs/%E8%AF%AD%E6%B3%95/%E8%8B%B1%E5%BC%8F%E8%AF%AD%E6%B3%95/conjunctions)、[Conjunctions: contrasting](https://dictionary.cambridge.org/zhs/%E8%AF%AD%E6%B3%95/%E8%8B%B1%E5%BC%8F%E8%AF%AD%E6%B3%95/conjunctions-contrasting)。
改后：用法依据：[剑桥英汉词典：and](https://dictionary.cambridge.org/zhs/%E8%AF%8D%E5%85%B8/%E8%8B%B1%E8%AF%AD/and)、[but](https://dictionary.cambridge.org/zhs/%E8%AF%8D%E5%85%B8/%E8%8B%B1%E8%AF%AD/but)、[or](https://dictionary.cambridge.org/zhs/%E8%AF%8D%E5%85%B8/%E8%8B%B1%E8%AF%AD/or)、[so](https://dictionary.cambridge.org/zhs/%E8%AF%8D%E5%85%B8/%E8%8B%B1%E8%AF%AD/so)、[both](https://dictionary.cambridge.org/zhs/%E8%AF%8D%E5%85%B8/%E8%8B%B1%E8%AF%AD/both)、[either](https://dictionary.cambridge.org/zhs/%E8%AF%8D%E5%85%B8/%E8%8B%B1%E8%AF%AD/either)、[neither](https://dictionary.cambridge.org/zhs/%E8%AF%8D%E5%85%B8/%E8%8B%B1%E8%AF%AD/neither)；[牛津学习词典：and](https://www.oxfordlearnersdictionaries.com/definition/english/and)、[but](https://www.oxfordlearnersdictionaries.com/definition/english/but_1)、[or](https://www.oxfordlearnersdictionaries.com/definition/english/or_1)、[so](https://www.oxfordlearnersdictionaries.com/definition/english/so_3)；[剑桥语法：Conjunctions](https://dictionary.cambridge.org/zhs/%E8%AF%AD%E6%B3%95/%E8%8B%B1%E5%BC%8F%E8%AF%AD%E6%B3%95/conjunctions)、[Conjunctions: contrasting](https://dictionary.cambridge.org/zhs/%E8%AF%AD%E6%B3%95/%E8%8B%B1%E5%BC%8F%E8%AF%AD%E6%B3%95/conjunctions-contrasting)。

## parts/16-conj-interj.md:55
原文：**从属连词放在从句开头，把从句挂到主句上。** 初中要认识两组：引导宾语从句的，和引导状语从句的。这里只讲每个连词的意思从哪里来，从句的分类和详细用法见第四部分"宾语从句：一整句话当宾语"和"状语从句：说明时间、条件、原因等"。
改后：**从属连词放在从句开头，把从句挂到主句上。** 初中要认识两组：引导宾语从句的，和引导状语从句的。这里只讲每个连词的意思从哪里来，从句的分类和详细用法见第四部分“宾语从句：一整句话当宾语”和“状语从句：说明时间、条件、原因等”。

## parts/16-conj-interj.md:61
原文：| 宾语从句 | that 引出一件事，常可省略 | that 本来是指示词"那"。I know that … 就是"我知道那件事：……"，that 指着后面整句话。它只起"指一下"的作用，不添别的意思，剑桥词典也注明它常可省去 |
改后：| 宾语从句 | that 引出一件事，常可省略 | that 本来是指示词“那”。I know that … 就是“我知道那件事：……”，that 指着后面整句话。它只起“指一下”的作用，不添别的意思，剑桥词典也注明它常可省去 |

## parts/16-conj-interj.md:62
原文：| | whether 是否 | whether 本义"两个中的哪一个"。"两种可能中是哪一种"，就是"是否"，所以常和 or not 一起用 |
改后：| | whether 是否 | whether 本义“两个中的哪一个”。“两种可能中是哪一种”，就是“是否”，所以常和 or not 一起用 |

## parts/16-conj-interj.md:63
原文：| | if 是否 | if 的来源不明，推不出来。看英语本身的用法：if 带的总是一件还没确定的事，英语甚至把"没确定的事"叫作 an if。放在 ask、know 这类词后面，这件没确定的事就是"是不是这样"，所以是"是否" |
改后：| | if 是否 | if 的来源不明，推不出来。看英语本身的用法：if 带的总是一件还没确定的事，英语甚至把“没确定的事”叫作 an if。放在 ask、know 这类词后面，这件没确定的事就是“是不是这样”，所以是“是否” |

## parts/16-conj-interj.md:64
原文：| 状语从句：时间 | when 当……时 | when 和 who、what 一样，来自英语里构成疑问词和关系词的那一家。etymonline 记载，它当连词的用法比当疑问词"什么时候"出现得还早，一开始就是"在……的那个时候" |
改后：| 状语从句：时间 | when 当……时 | when 和 who、what 一样，来自英语里构成疑问词和关系词的那一家。etymonline 记载，它当连词的用法比当疑问词“什么时候”出现得还早，一开始就是“在……的那个时候” |

## parts/16-conj-interj.md:65
原文：| | while 当……时（常指一段持续的时间） | while 本来是名词"一段时间"，今天还说 for a while（一会儿）。当连词就是"在……的那段时间里"，所以从句里常是正在进行、持续一段时间的动作 |
改后：| | while 当……时（常指一段持续的时间） | while 本来是名词“一段时间”，今天还说 for a while（一会儿）。当连词就是“在……的那段时间里”，所以从句里常是正在进行、持续一段时间的动作 |

## parts/16-conj-interj.md:66
原文：| | before 在……之前 | before 由 by（在旁边）和 fore（前面）合成，本义"在前面"。空间上在前面，时间上就是"在……之前" |
改后：| | before 在……之前 | before 由 by（在旁边）和 fore（前面）合成，本义“在前面”。空间上在前面，时间上就是“在……之前” |

## parts/16-conj-interj.md:67
原文：| | after 在……之后 | after 是 off（离开）加上表示"更"的比较级后缀，本义"离得更远"。离得更远就是落在后面，时间上就是"在……之后" |
改后：| | after 在……之后 | after 是 off（离开）加上表示“更”的比较级后缀，本义“离得更远”。离得更远就是落在后面，时间上就是“在……之后” |

## parts/16-conj-interj.md:68
原文：| | until 直到 | until 的两个部分意思相同，都是"到、一直到"。当连词就是"一直到……那时" |
改后：| | until 直到 | until 的两个部分意思相同，都是“到、一直到”。当连词就是“一直到……那时” |

## parts/16-conj-interj.md:69
原文：| | since 自从 | since 本义"在那之后"。当连词就是"从那件事以后（一直到现在）"，所以主句常用现在完成时 |
改后：| | since 自从 | since 本义“在那之后”。当连词就是“从那件事以后（一直到现在）”，所以主句常用现在完成时 |

## parts/16-conj-interj.md:70
原文：| | as soon as 一……就 | as 是 all so 磨损后的形式，意思和 so 一样，"这样"。as soon as 就是"和……一样早"：那件事一发生，这件事也跟着发生 |
改后：| | as soon as 一……就 | as 是 all so 磨损后的形式，意思和 so 一样，“这样”。as soon as 就是“和……一样早”：那件事一发生，这件事也跟着发生 |

## parts/16-conj-interj.md:72
原文：| | unless 除非，如果不 | unless 来自一个表示"不在比这更弱的条件下"的说法，前半个音节本来是 on，因为整个词带否定意味、又不重读，变成了 un-。这个来历太绕，直接按词典义项 except if 理解："除了……这种情况"，也就是"如果不" |
改后：| | unless 除非，如果不 | unless 来自一个表示“不在比这更弱的条件下”的说法，前半个音节本来是 on，因为整个词带否定意味、又不重读，变成了 un-。这个来历太绕，直接按词典义项 except if 理解：“除了……这种情况”，也就是“如果不” |

## parts/16-conj-interj.md:73
原文：| 状语从句：原因 | because 因为 | because 就是 by cause，"由于这个原因"，字面就是"因为这个缘故" |
改后：| 状语从句：原因 | because 因为 | because 就是 by cause，“由于这个原因”，字面就是“因为这个缘故” |

## parts/16-conj-interj.md:74
原文：| | since 因为 | 同上，since 本义"在那之后"。"在那件事之后"很容易理解成"由于那件事"，所以又有了"因为"的意思 |
改后：| | since 因为 | 同上，since 本义“在那之后”。“在那件事之后”很容易理解成“由于那件事”，所以又有了“因为”的意思 |

## parts/16-conj-interj.md:75
原文：| 状语从句：结果 | so … that 如此……以至于 | so 是"这样"，that 指着后面那件事："这样……，到了那件事发生的程度" |
改后：| 状语从句：结果 | so … that 如此……以至于 | so 是“这样”，that 指着后面那件事：“这样……，到了那件事发生的程度” |

## parts/16-conj-interj.md:76
原文：| 状语从句：目的 | so that 为了 | "这样做，好让那件事发生"，那件事还没发生，是想要的结果，也就是目的 |
改后：| 状语从句：目的 | so that 为了 | “这样做，好让那件事发生”，那件事还没发生，是想要的结果，也就是目的 |

## parts/16-conj-interj.md:77
原文：| 状语从句：让步 | although、though 虽然 | though 本义"尽管承认……"：先承认一件事，再说出和它对着干的主句。although 是 all 加 though，all 起强调作用，后来这层强调消失了，两个词意思一样，though 更口语 |
改后：| 状语从句：让步 | although、though 虽然 | though 本义“尽管承认……”：先承认一件事，再说出和它对着干的主句。although 是 all 加 though，all 起强调作用，后来这层强调消失了，两个词意思一样，though 更口语 |

## parts/16-conj-interj.md:79
原文：| | as … as 和……一样 | as 意思同 so，"这样"。as big as B 就是"这样大，就像 B 那样大" |
改后：| | as … as 和……一样 | as 意思同 so，“这样”。as big as B 就是“这样大，就像 B 那样大” |

## parts/16-conj-interj.md:85
原文：- I've eaten three apples **since** I got home. 我到家以后已经吃了三个苹果。since 是"从那以后"，主句用现在完成时。
改后：- I've eaten three apples **since** I got home. 我到家以后已经吃了三个苹果。since 是“从那以后”，主句用现在完成时。

## parts/16-conj-interj.md:88
原文：宾语从句还可以用 what、where、who 这类疑问词引导，见第四部分"宾语从句"。
改后：宾语从句还可以用 what、where、who 这类疑问词引导，见第四部分“宾语从句”。

## parts/16-conj-interj.md:90
原文：**中考易错点：** while 是连词，后面接句子；during 是介词，后面接名词。这两个词的来历正好说明了区别：while 本来就是"一段时间"，当连词后面接"谁在做什么"；during 本来是一个表示"持续"的动词加 -ing，during the day 的原意是"在这一天持续着的时候"，后面接的是那段时间本身。所以说 I listened to music **while** I was picking apples（我一边摘苹果一边听音乐），或者说 I listened to music **during** lunch（午饭时我一直在听音乐），不说 during I was picking apples。
改后：**中考易错点：** while 是连词，后面接句子；during 是介词，后面接名词。这两个词的来历正好说明了区别：while 本来就是“一段时间”，当连词后面接“谁在做什么”；during 本来是一个表示“持续”的动词加 -ing，during the day 的原意是“在这一天持续着的时候”，后面接的是那段时间本身。所以说 I listened to music **while** I was picking apples（我一边摘苹果一边听音乐），或者说 I listened to music **during** lunch（午饭时我一直在听音乐），不说 during I was picking apples。

## parts/16-conj-interj.md:93
原文：用法依据：[剑桥英汉词典: that](https://dictionary.cambridge.org/zhs/%E8%AF%8D%E5%85%B8/%E8%8B%B1%E8%AF%AD/that)、[if](https://dictionary.cambridge.org/zhs/%E8%AF%8D%E5%85%B8/%E8%8B%B1%E8%AF%AD/if)、[whether](https://dictionary.cambridge.org/zhs/%E8%AF%8D%E5%85%B8/%E8%8B%B1%E8%AF%AD/whether)、[when](https://dictionary.cambridge.org/zhs/%E8%AF%8D%E5%85%B8/%E8%8B%B1%E8%AF%AD/when)、[while](https://dictionary.cambridge.org/zhs/%E8%AF%8D%E5%85%B8/%E8%8B%B1%E8%AF%AD/while)、[before](https://dictionary.cambridge.org/zhs/%E8%AF%8D%E5%85%B8/%E8%8B%B1%E8%AF%AD/before)、[after](https://dictionary.cambridge.org/zhs/%E8%AF%8D%E5%85%B8/%E8%8B%B1%E8%AF%AD/after)、[until](https://dictionary.cambridge.org/zhs/%E8%AF%8D%E5%85%B8/%E8%8B%B1%E8%AF%AD/until)、[since](https://dictionary.cambridge.org/zhs/%E8%AF%8D%E5%85%B8/%E8%8B%B1%E8%AF%AD/since)、[as soon as](https://dictionary.cambridge.org/zhs/%E8%AF%8D%E5%85%B8/%E8%8B%B1%E8%AF%AD/as-soon-as)、[unless](https://dictionary.cambridge.org/zhs/%E8%AF%8D%E5%85%B8/%E8%8B%B1%E8%AF%AD/unless)、[because](https://dictionary.cambridge.org/zhs/%E8%AF%8D%E5%85%B8/%E8%8B%B1%E8%AF%AD/because)、[although](https://dictionary.cambridge.org/zhs/%E8%AF%8D%E5%85%B8/%E8%8B%B1%E8%AF%AD/although)、[though](https://dictionary.cambridge.org/zhs/%E8%AF%8D%E5%85%B8/%E8%8B%B1%E8%AF%AD/though)、[than](https://dictionary.cambridge.org/zhs/%E8%AF%8D%E5%85%B8/%E8%8B%B1%E8%AF%AD/than)、[during](https://dictionary.cambridge.org/zhs/%E8%AF%8D%E5%85%B8/%E8%8B%B1%E8%AF%AD/during)；[牛津学习词典: that](https://www.oxfordlearnersdictionaries.com/definition/english/that_3)、[if](https://www.oxfordlearnersdictionaries.com/definition/english/if_1)、[whether](https://www.oxfordlearnersdictionaries.com/definition/english/whether)、[while](https://www.oxfordlearnersdictionaries.com/definition/english/while_1)、[since](https://www.oxfordlearnersdictionaries.com/definition/english/since_2)、[unless](https://www.oxfordlearnersdictionaries.com/definition/english/unless)、[although](https://www.oxfordlearnersdictionaries.com/definition/english/although)、[during](https://www.oxfordlearnersdictionaries.com/definition/english/during)。
改后：用法依据：[剑桥英汉词典：that](https://dictionary.cambridge.org/zhs/%E8%AF%8D%E5%85%B8/%E8%8B%B1%E8%AF%AD/that)、[if](https://dictionary.cambridge.org/zhs/%E8%AF%8D%E5%85%B8/%E8%8B%B1%E8%AF%AD/if)、[whether](https://dictionary.cambridge.org/zhs/%E8%AF%8D%E5%85%B8/%E8%8B%B1%E8%AF%AD/whether)、[when](https://dictionary.cambridge.org/zhs/%E8%AF%8D%E5%85%B8/%E8%8B%B1%E8%AF%AD/when)、[while](https://dictionary.cambridge.org/zhs/%E8%AF%8D%E5%85%B8/%E8%8B%B1%E8%AF%AD/while)、[before](https://dictionary.cambridge.org/zhs/%E8%AF%8D%E5%85%B8/%E8%8B%B1%E8%AF%AD/before)、[after](https://dictionary.cambridge.org/zhs/%E8%AF%8D%E5%85%B8/%E8%8B%B1%E8%AF%AD/after)、[until](https://dictionary.cambridge.org/zhs/%E8%AF%8D%E5%85%B8/%E8%8B%B1%E8%AF%AD/until)、[since](https://dictionary.cambridge.org/zhs/%E8%AF%8D%E5%85%B8/%E8%8B%B1%E8%AF%AD/since)、[as soon as](https://dictionary.cambridge.org/zhs/%E8%AF%8D%E5%85%B8/%E8%8B%B1%E8%AF%AD/as-soon-as)、[unless](https://dictionary.cambridge.org/zhs/%E8%AF%8D%E5%85%B8/%E8%8B%B1%E8%AF%AD/unless)、[because](https://dictionary.cambridge.org/zhs/%E8%AF%8D%E5%85%B8/%E8%8B%B1%E8%AF%AD/because)、[although](https://dictionary.cambridge.org/zhs/%E8%AF%8D%E5%85%B8/%E8%8B%B1%E8%AF%AD/although)、[though](https://dictionary.cambridge.org/zhs/%E8%AF%8D%E5%85%B8/%E8%8B%B1%E8%AF%AD/though)、[than](https://dictionary.cambridge.org/zhs/%E8%AF%8D%E5%85%B8/%E8%8B%B1%E8%AF%AD/than)、[during](https://dictionary.cambridge.org/zhs/%E8%AF%8D%E5%85%B8/%E8%8B%B1%E8%AF%AD/during)；[牛津学习词典：that](https://www.oxfordlearnersdictionaries.com/definition/english/that_3)、[if](https://www.oxfordlearnersdictionaries.com/definition/english/if_1)、[whether](https://www.oxfordlearnersdictionaries.com/definition/english/whether)、[while](https://www.oxfordlearnersdictionaries.com/definition/english/while_1)、[since](https://www.oxfordlearnersdictionaries.com/definition/english/since_2)、[unless](https://www.oxfordlearnersdictionaries.com/definition/english/unless)、[although](https://www.oxfordlearnersdictionaries.com/definition/english/although)、[during](https://www.oxfordlearnersdictionaries.com/definition/english/during)。

## parts/16-conj-interj.md:104
原文：- 意思上也重复了：although 本义"尽管承认……"，已经告诉听的人后面要说反过来的话，再加 but 就把"转折"说了两遍。because 是"由于这个原因"，so 是"就这样（于是）"，两个一起用，就把"因果"说了两遍。
改后：- 意思上也重复了：although 本义“尽管承认……”，已经告诉听的人后面要说反过来的话，再加 but 就把“转折”说了两遍。because 是“由于这个原因”，so 是“就这样（于是）”，两个一起用，就把“因果”说了两遍。

## parts/16-conj-interj.md:106
原文：中文说"虽然……但是……""因为……所以……"，两个词成对出现；英语里二选一，保留哪个都可以。
改后：中文说“虽然……但是……”“因为……所以……”，两个词成对出现；英语里二选一，保留哪个都可以。

## parts/16-conj-interj.md:113
原文：**2．if 有"是否"和"如果"两个意思，从句的时态也不同。** 两个意思都来自"if 带的是一件还没确定的事"：放在 ask、know 后面，是在问这件事是不是真的，就是"是否"；放在主句前后当条件，就是"如果"。时态上的区别见第四部分"主将从现：从句用现在时说将来"。
改后：**2．if 有“是否”和“如果”两个意思，从句的时态也不同。** 两个意思都来自"if 带的是一件还没确定的事"：放在 ask、know 后面，是在问这件事是不是真的，就是“是否”；放在主句前后当条件，就是“如果”。时态上的区别见第四部分“主将从现：从句用现在时说将来”。

## parts/16-conj-interj.md:118
原文：**中考易错点：** 看到"虽然""因为"，先确定这句话里只放一个连词。填空题前半句已经有 although 或 because，后半句的空里就不能再填 but 或 so，因为前半句已经是从句，后半句必须是它要挂的主句。
改后：**中考易错点：** 看到“虽然”“因为”，先确定这句话里只放一个连词。填空题前半句已经有 although 或 because，后半句的空里就不能再填 but 或 so，因为前半句已经是从句，后半句必须是它要挂的主句。

## parts/16-conj-interj.md:120
原文：用法依据：[剑桥语法: Conjunctions](https://dictionary.cambridge.org/zhs/%E8%AF%AD%E6%B3%95/%E8%8B%B1%E5%BC%8F%E8%AF%AD%E6%B3%95/conjunctions)、[Conjunctions: contrasting](https://dictionary.cambridge.org/zhs/%E8%AF%AD%E6%B3%95/%E8%8B%B1%E5%BC%8F%E8%AF%AD%E6%B3%95/conjunctions-contrasting)；[剑桥英汉词典: if](https://dictionary.cambridge.org/zhs/%E8%AF%8D%E5%85%B8/%E8%8B%B1%E8%AF%AD/if)；[牛津学习词典: although](https://www.oxfordlearnersdictionaries.com/definition/english/although)、[if](https://www.oxfordlearnersdictionaries.com/definition/english/if_1)。
改后：用法依据：[剑桥语法：Conjunctions](https://dictionary.cambridge.org/zhs/%E8%AF%AD%E6%B3%95/%E8%8B%B1%E5%BC%8F%E8%AF%AD%E6%B3%95/conjunctions)、[Conjunctions: contrasting](https://dictionary.cambridge.org/zhs/%E8%AF%AD%E6%B3%95/%E8%8B%B1%E5%BC%8F%E8%AF%AD%E6%B3%95/conjunctions-contrasting)；[剑桥英汉词典：if](https://dictionary.cambridge.org/zhs/%E8%AF%8D%E5%85%B8/%E8%8B%B1%E8%AF%AD/if)；[牛津学习词典：although](https://www.oxfordlearnersdictionaries.com/definition/english/although)、[if](https://www.oxfordlearnersdictionaries.com/definition/english/if_1)。

## parts/16-conj-interj.md:125
原文：**感叹词是"插进话里的一声"。** 它的英文名 interjection 拆开看：inter- 是"在……之间"，ject 是"扔"，-ion 变成名词，合起来是"扔到中间的东西"。说话时突然插进来一声"哇""哎哟"，正是这个意思。
改后：**感叹词是“插进话里的一声”。** 它的英文名 interjection 拆开看：inter- 是“在……之间”，ject 是“扔”，-ion 变成名词，合起来是“扔到中间的东西”。说话时突然插进来一声“哇”“哎哟”，正是这个意思。

## parts/16-conj-interj.md:127
原文：剑桥语法说，大多数感叹词只是声音，不是真正的词；常放在一句话的开头或结尾，口语里比书面语多见。既然是声音，它们就没有能拆的部分，意思只能从"这一声是在什么情况下发出来的"去理解。下表的"来历"取自 etymonline，"用法"取自词典义项。
改后：剑桥语法说，大多数感叹词只是声音，不是真正的词；常放在一句话的开头或结尾，口语里比书面语多见。既然是声音，它们就没有能拆的部分，意思只能从“这一声是在什么情况下发出来的”去理解。下表的“来历”取自 etymonline，“用法”取自词典义项。

## parts/16-conj-interj.md:131
原文：| **oh** | 很多语言里都有的一声，用来表达各种情绪 | 听到新情况时的反应；表示惊讶、害怕、高兴 | "The apples are ripe." "**Oh**, are they?" "苹果熟了。""哦，是吗？" |
改后：| **oh** | 很多语言里都有的一声，用来表达各种情绪 | 听到新情况时的反应；表示惊讶、害怕、高兴 | "The apples are ripe." "**Oh**, are they?" “苹果熟了。”“哦，是吗？” |

## parts/16-conj-interj.md:137
原文：**中考易错点：** 感叹词只是一声，感叹句是一整句话。上表 wow 那一行里，Wow 是感叹词，What a big apple! 是感叹句。what 和 how 引导的感叹句见第三部分"感叹句：what 和 how"。
改后：**中考易错点：** 感叹词只是一声，感叹句是一整句话。上表 wow 那一行里，Wow 是感叹词，What a big apple! 是感叹句。what 和 how 引导的感叹句见第三部分“感叹句：what 和 how”。

## parts/16-conj-interj.md:140
原文：用法依据：[剑桥英汉词典: oh](https://dictionary.cambridge.org/zhs/%E8%AF%8D%E5%85%B8/%E8%8B%B1%E8%AF%AD/oh)、[wow](https://dictionary.cambridge.org/zhs/%E8%AF%8D%E5%85%B8/%E8%8B%B1%E8%AF%AD/wow)、[oops](https://dictionary.cambridge.org/zhs/%E8%AF%8D%E5%85%B8/%E8%8B%B1%E8%AF%AD/oops)、[ouch](https://dictionary.cambridge.org/zhs/%E8%AF%8D%E5%85%B8/%E8%8B%B1%E8%AF%AD/ouch)、[hey](https://dictionary.cambridge.org/zhs/%E8%AF%8D%E5%85%B8/%E8%8B%B1%E8%AF%AD/hey)；[牛津学习词典: oh](https://www.oxfordlearnersdictionaries.com/definition/english/oh)、[oops](https://www.oxfordlearnersdictionaries.com/definition/english/oops)、[hey](https://www.oxfordlearnersdictionaries.com/definition/english/hey)；[剑桥语法: Interjections](https://dictionary.cambridge.org/zhs/%E8%AF%AD%E6%B3%95/%E8%8B%B1%E5%BC%8F%E8%AF%AD%E6%B3%95/interjections)。
改后：用法依据：[剑桥英汉词典：oh](https://dictionary.cambridge.org/zhs/%E8%AF%8D%E5%85%B8/%E8%8B%B1%E8%AF%AD/oh)、[wow](https://dictionary.cambridge.org/zhs/%E8%AF%8D%E5%85%B8/%E8%8B%B1%E8%AF%AD/wow)、[oops](https://dictionary.cambridge.org/zhs/%E8%AF%8D%E5%85%B8/%E8%8B%B1%E8%AF%AD/oops)、[ouch](https://dictionary.cambridge.org/zhs/%E8%AF%8D%E5%85%B8/%E8%8B%B1%E8%AF%AD/ouch)、[hey](https://dictionary.cambridge.org/zhs/%E8%AF%8D%E5%85%B8/%E8%8B%B1%E8%AF%AD/hey)；[牛津学习词典：oh](https://www.oxfordlearnersdictionaries.com/definition/english/oh)、[oops](https://www.oxfordlearnersdictionaries.com/definition/english/oops)、[hey](https://www.oxfordlearnersdictionaries.com/definition/english/hey)；[剑桥语法：Interjections](https://dictionary.cambridge.org/zhs/%E8%AF%AD%E6%B3%95/%E8%8B%B1%E5%BC%8F%E8%AF%AD%E6%B3%95/interjections)。

## parts/20-etymology.md:11
原文：| 前缀 | 词的开头 | 改变意思 | **un**eaten 没被吃掉的：un- 本身就是表示"不"的词头，eaten 是"被吃掉的"，合起来就是"没被吃掉的" |
改后：| 前缀 | 词的开头 | 改变意思 | **un**eaten 没被吃掉的：un- 本身就是表示“不”的词头，eaten 是“被吃掉的”，合起来就是“没被吃掉的” |

## parts/20-etymology.md:12
原文：| 词根 | 词的中间 | 核心意思 | ex**port** 出口货物：ex- 是"向外"，port 是"搬运"，合起来是"运出去" |
改后：| 词根 | 词的中间 | 核心意思 | ex**port** 出口货物：ex- 是“向外”，port 是“搬运”，合起来是“运出去” |

## parts/20-etymology.md:13
原文：| 后缀 | 词的末尾 | 决定词性，也带一点意思 | eat**er** 吃东西的人：-er 本义是"和某件事打交道的人"，eat + -er 就是"跟'吃'打交道的人" |
改后：| 后缀 | 词的末尾 | 决定词性，也带一点意思 | eat**er** 吃东西的人：-er 本义是“和某件事打交道的人”，eat + -er 就是“跟'吃'打交道的人” |

## parts/20-etymology.md:15
原文：**后缀为什么能决定词性？** 因为很多后缀本来就是一个有词性的词。-ful 就是形容词 full（满的），所以 help + -ful 还是形容词；-less 本来是一个独立的词，意思是"脱离、没有"，和 loose（松开的）同一个来源；-ly 本来的意思是"外形、样子"，和 like（像）是同一个词。整个词的词性跟着最后这一块走。
改后：**后缀为什么能决定词性？** 因为很多后缀本来就是一个有词性的词。-ful 就是形容词 full（满的），所以 help + -ful 还是形容词；-less 本来是一个独立的词，意思是“脱离、没有”，和 loose（松开的）同一个来源；-ly 本来的意思是“外形、样子”，和 like（像）是同一个词。整个词的词性跟着最后这一块走。

## parts/20-etymology.md:28
原文：1. 认识的部分：care。它最早的意思是"操心、挂念"，后来引申出"留心照看，免得出事"。
改后：1. 认识的部分：care。它最早的意思是“操心、挂念”，后来引申出“留心照看，免得出事”。

## parts/20-etymology.md:30
原文：3. 连起本义：-less 是"没有"，careless 就是"没有操心"。它最早的意思是"无忧无虑"，16 世纪起主要指"做事不留心"。对自己来说是"不操心"，对手上的事就是"不留心"，所以两个意思都是从"没有 care"来的。"无忧无虑"这个老意思现在很少用，剑桥词典把它标为文学用语。-ly 是"……的样子"，carelessly 就是"以不留心的样子"。
改后：3. 连起本义：-less 是“没有”，careless 就是“没有操心”。它最早的意思是“无忧无虑”，16 世纪起主要指“做事不留心”。对自己来说是“不操心”，对手上的事就是“不留心”，所以两个意思都是从“没有 care”来的。“无忧无虑”这个老意思现在很少用，剑桥词典把它标为文学用语。-ly 是“……的样子”，carelessly 就是“以不留心的样子”。

## parts/20-etymology.md:35
原文：本义依据：[etymonline: -less](https://www.etymonline.com/word/-less)、[-ly](https://www.etymonline.com/word/-ly)、[-er](https://www.etymonline.com/word/-er)、[-ful](https://www.etymonline.com/word/-ful)、[un-](https://www.etymonline.com/word/un-)、[export](https://www.etymonline.com/word/export)、[care](https://www.etymonline.com/word/care)、[careless](https://www.etymonline.com/word/careless)。用法依据：[剑桥英汉词典: careless](https://dictionary.cambridge.org/zhs/%E8%AF%8D%E5%85%B8/%E8%8B%B1%E8%AF%AD/careless)、[carelessly](https://dictionary.cambridge.org/zhs/%E8%AF%8D%E5%85%B8/%E8%8B%B1%E8%AF%AD/carelessly)、[uneaten](https://dictionary.cambridge.org/zhs/%E8%AF%8D%E5%85%B8/%E8%8B%B1%E8%AF%AD/uneaten)、[eater](https://dictionary.cambridge.org/zhs/%E8%AF%8D%E5%85%B8/%E8%8B%B1%E8%AF%AD/eater)；[Oxford Learner's: careless](https://www.oxfordlearnersdictionaries.com/definition/english/careless_1)、[carelessly](https://www.oxfordlearnersdictionaries.com/definition/english/carelessly_1)。
改后：本义依据：[etymonline: -less](https://www.etymonline.com/word/-less)、[-ly](https://www.etymonline.com/word/-ly)、[-er](https://www.etymonline.com/word/-er)、[-ful](https://www.etymonline.com/word/-ful)、[un-](https://www.etymonline.com/word/un-)、[export](https://www.etymonline.com/word/export)、[care](https://www.etymonline.com/word/care)、[careless](https://www.etymonline.com/word/careless)。用法依据：[剑桥英汉词典：careless](https://dictionary.cambridge.org/zhs/%E8%AF%8D%E5%85%B8/%E8%8B%B1%E8%AF%AD/careless)、[carelessly](https://dictionary.cambridge.org/zhs/%E8%AF%8D%E5%85%B8/%E8%8B%B1%E8%AF%AD/carelessly)、[uneaten](https://dictionary.cambridge.org/zhs/%E8%AF%8D%E5%85%B8/%E8%8B%B1%E8%AF%AD/uneaten)、[eater](https://dictionary.cambridge.org/zhs/%E8%AF%8D%E5%85%B8/%E8%8B%B1%E8%AF%AD/eater)；[Oxford Learner's: careless](https://www.oxfordlearnersdictionaries.com/definition/english/careless_1)、[carelessly](https://www.oxfordlearnersdictionaries.com/definition/english/carelessly_1)。

## parts/20-etymology.md:37
原文：### 否定前缀：把意思变成"不"
改后：### 否定前缀：把意思变成“不”

## parts/20-etymology.md:43
原文：| **un-** | 不 | 它本身就是否定词头，加在词前直接表示"不……"。它是英语里用得最多的前缀，早在古英语里就组成了一千多个词 | un + happy = **unhappy** 不开心的<br/>un + eaten = **uneaten** 没被吃掉的：an uneaten apple 一个没吃的苹果 |
改后：| **un-** | 不 | 它本身就是否定词头，加在词前直接表示“不……”。它是英语里用得最多的前缀，早在古英语里就组成了一千多个词 | un + happy = **unhappy** 不开心的<br/>un + eaten = **uneaten** 没被吃掉的：an uneaten apple 一个没吃的苹果 |

## parts/20-etymology.md:44
原文：| **un-**（另一个） | 反着，对着 | 这是另一个 un-，和表示"不"的 un- 来源不同，本义是"对着、反着"。加在动词前，就是把这个动作反着做一遍 | lock 锁上 → **unlock** 反着做，开锁<br/>pack 打包 → **unpack** 反着做，打开包拿出东西：unpack the apples 把苹果从箱子里拿出来 |
改后：| **un-**（另一个） | 反着，对着 | 这是另一个 un-，和表示“不”的 un- 来源不同，本义是“对着、反着”。加在动词前，就是把这个动作反着做一遍 | lock 锁上 → **unlock** 反着做，开锁<br/>pack 打包 → **unpack** 反着做，打开包拿出东西：unpack the apples 把苹果从箱子里拿出来 |

## parts/20-etymology.md:45
原文：| **in-** | 不 | 和 un- 出自同一个表示"不"的老词根。英语的习惯是：从拉丁语来的词用 in-，英语本土的词用 un-。happy 是本土词，所以是 unhappy；correct、possible、legal、regular 都来自拉丁语，所以用 in- | in + correct = **incorrect** 不正确的 |
改后：| **in-** | 不 | 和 un- 出自同一个表示“不”的老词根。英语的习惯是：从拉丁语来的词用 in-，英语本土的词用 un-。happy 是本土词，所以是 unhappy；correct、possible、legal、regular 都来自拉丁语，所以用 in- | in + correct = **incorrect** 不正确的 |

## parts/20-etymology.md:46
原文：| **im-**，在 b、m、p 前 | 不 | 还是同一个 in-，n 被后面的 p 同化成了 m | im + possible = **impossible** 不可能的<br/>im + polite = **impolite** 不礼貌的：polite 本义是"打磨过的"，impolite 最早是"没打磨过的、粗糙的"，后来专指举止粗鲁、不礼貌 |
改后：| **im-**，在 b、m、p 前 | 不 | 还是同一个 in-，n 被后面的 p 同化成了 m | im + possible = **impossible** 不可能的<br/>im + polite = **impolite** 不礼貌的：polite 本义是“打磨过的”，impolite 最早是“没打磨过的、粗糙的”，后来专指举止粗鲁、不礼貌 |

## parts/20-etymology.md:48
原文：| **ir-**，在 r 前 | 不 | n 被 r 同化 | ir + regular = **irregular** 不规则的：regular 是"有规则的" |
改后：| **ir-**，在 r 前 | 不 | n 被 r 同化 | ir + regular = **irregular** 不规则的：regular 是“有规则的” |

## parts/20-etymology.md:49
原文：| **dis-** | 分开，朝不同方向 | 两样东西分开 → 走向相反 → "不"。所以 dis- 有三层意思：分开、相反、不 | dis + like = **dislike** 不喜欢：这个词出现在 16 世纪，取代了更早的 mislike，成了 like 的反义词。I dislike sour apples. 我不喜欢酸苹果。<br/>dis + agree = **disagree** 不同意：agree 本义是"合心意"，意见合得来才是"同意"，反过来就是"意见不合" |
改后：| **dis-** | 分开，朝不同方向 | 两样东西分开 → 走向相反 → “不”。所以 dis- 有三层意思：分开、相反、不 | dis + like = **dislike** 不喜欢：这个词出现在 16 世纪，取代了更早的 mislike，成了 like 的反义词。I dislike sour apples. 我不喜欢酸苹果。<br/>dis + agree = **disagree** 不同意：agree 本义是“合心意”，意见合得来才是“同意”，反过来就是“意见不合” |

## parts/20-etymology.md:50
原文：| **mis-** | 偏离，走岔 | 走偏了 → 做错了 → "错、坏" | mis + understand = **misunderstand** 理解偏了，误解 |
改后：| **mis-** | 偏离，走岔 | 走偏了 → 做错了 → “错、坏” | mis + understand = **misunderstand** 理解偏了，误解 |

## parts/20-etymology.md:52
原文：**两个 un- 会撞车。** unlocked 可以是 un-（不）+ locked（锁着的），意思是"没锁的"；也可以是 unlock（开锁）的过去分词，意思是"被打开了锁"。
改后：**两个 un- 会撞车。** unlocked 可以是 un-（不）+ locked（锁着的），意思是“没锁的”；也可以是 unlock（开锁）的过去分词，意思是“被打开了锁”。

## parts/20-etymology.md:58
原文：**为什么 in- 会变成 im-、il-、ir-？** 这叫"同化"：n 被后面的辅音拉过去，变得和它相近，读起来更顺口。试着读 inpossible，嘴唇要从 n 急转到 p；把 n 换成 m，双唇一直闭合，就顺多了。
改后：**为什么 in- 会变成 im-、il-、ir-？** 这叫“同化”：n 被后面的辅音拉过去，变得和它相近，读起来更顺口。试着读 inpossible，嘴唇要从 n 急转到 p；把 n 换成 m，双唇一直闭合，就顺多了。

## parts/20-etymology.md:62
原文：本义依据：[etymonline: un-](https://www.etymonline.com/word/un-)、[in-](https://www.etymonline.com/word/in-)、[dis-](https://www.etymonline.com/word/dis-)、[mis-](https://www.etymonline.com/word/mis-)、[unlock](https://www.etymonline.com/word/unlock)、[unpack](https://www.etymonline.com/word/unpack)、[incorrect](https://www.etymonline.com/word/incorrect)、[impossible](https://www.etymonline.com/word/impossible)、[impolite](https://www.etymonline.com/word/impolite)、[illegal](https://www.etymonline.com/word/illegal)、[irregular](https://www.etymonline.com/word/irregular)、[dislike](https://www.etymonline.com/word/dislike)、[disagree](https://www.etymonline.com/word/disagree)、[misunderstand](https://www.etymonline.com/word/misunderstand)。用法依据：[剑桥英汉词典: unlock](https://dictionary.cambridge.org/zhs/%E8%AF%8D%E5%85%B8/%E8%8B%B1%E8%AF%AD/unlock)、[unpack](https://dictionary.cambridge.org/zhs/%E8%AF%8D%E5%85%B8/%E8%8B%B1%E8%AF%AD/unpack)、[dislike](https://dictionary.cambridge.org/zhs/%E8%AF%8D%E5%85%B8/%E8%8B%B1%E8%AF%AD/dislike)；[Oxford Learner's: unlock](https://www.oxfordlearnersdictionaries.com/definition/english/unlock_1)、[unpack](https://www.oxfordlearnersdictionaries.com/definition/english/unpack_1)、[impossible](https://www.oxfordlearnersdictionaries.com/definition/english/impossible_1)、[dislike](https://www.oxfordlearnersdictionaries.com/definition/english/dislike_1)、[disagree](https://www.oxfordlearnersdictionaries.com/definition/english/disagree_1)、[misunderstand](https://www.oxfordlearnersdictionaries.com/definition/english/misunderstand_1)。
改后：本义依据：[etymonline: un-](https://www.etymonline.com/word/un-)、[in-](https://www.etymonline.com/word/in-)、[dis-](https://www.etymonline.com/word/dis-)、[mis-](https://www.etymonline.com/word/mis-)、[unlock](https://www.etymonline.com/word/unlock)、[unpack](https://www.etymonline.com/word/unpack)、[incorrect](https://www.etymonline.com/word/incorrect)、[impossible](https://www.etymonline.com/word/impossible)、[impolite](https://www.etymonline.com/word/impolite)、[illegal](https://www.etymonline.com/word/illegal)、[irregular](https://www.etymonline.com/word/irregular)、[dislike](https://www.etymonline.com/word/dislike)、[disagree](https://www.etymonline.com/word/disagree)、[misunderstand](https://www.etymonline.com/word/misunderstand)。用法依据：[剑桥英汉词典：unlock](https://dictionary.cambridge.org/zhs/%E8%AF%8D%E5%85%B8/%E8%8B%B1%E8%AF%AD/unlock)、[unpack](https://dictionary.cambridge.org/zhs/%E8%AF%8D%E5%85%B8/%E8%8B%B1%E8%AF%AD/unpack)、[dislike](https://dictionary.cambridge.org/zhs/%E8%AF%8D%E5%85%B8/%E8%8B%B1%E8%AF%AD/dislike)；[Oxford Learner's: unlock](https://www.oxfordlearnersdictionaries.com/definition/english/unlock_1)、[unpack](https://www.oxfordlearnersdictionaries.com/definition/english/unpack_1)、[impossible](https://www.oxfordlearnersdictionaries.com/definition/english/impossible_1)、[dislike](https://www.oxfordlearnersdictionaries.com/definition/english/dislike_1)、[disagree](https://www.oxfordlearnersdictionaries.com/definition/english/disagree_1)、[misunderstand](https://www.oxfordlearnersdictionaries.com/definition/english/misunderstand_1)。

## parts/20-etymology.md:66
原文：**这一组前缀说明动作的方向、位置、时间先后或程度。** 它们本来大多就是表示方向的小词，意思很具体，加到动词上，动作就有了方向。en- 是例外，它的本义是"放进去、使成为"，所以常把名词或形容词变成动词。
改后：**这一组前缀说明动作的方向、位置、时间先后或程度。** 它们本来大多就是表示方向的小词，意思很具体，加到动词上，动作就有了方向。en- 是例外，它的本义是“放进去、使成为”，所以常把名词或形容词变成动词。

## parts/20-etymology.md:70
原文：| **re-** | 向后，回到原处 | 回到原处 → 回到原来的状态 → 从头再做一遍 → "再、又" | re + port（搬运）= **report**：把东西带回来 → 把消息带回来 → 报告<br/>re + write = **rewrite**：16 世纪最早是"写回去"，也就是回信；18 世纪起才是"再写一遍"，重写。一个词里就能看到"向后"怎么变成"再"<br/>re + tell = **retell** 再讲一遍，复述 |
改后：| **re-** | 向后，回到原处 | 回到原处 → 回到原来的状态 → 从头再做一遍 → “再、又” | re + port（搬运）= **report**：把东西带回来 → 把消息带回来 → 报告<br/>re + write = **rewrite**：16 世纪最早是“写回去”，也就是回信；18 世纪起才是“再写一遍”，重写。一个词里就能看到“向后”怎么变成“再”<br/>re + tell = **retell** 再讲一遍，复述 |

## parts/20-etymology.md:71
原文：| **pre-** | 在前面，时间上或位置上都行 | 时间上在前面 → "预先、事先" | pre + view（看）= **preview** 事先看 → 预览，预告<br/>pre + dict（说）= **predict** 事情发生之前说出来 → 预言，预测 |
改后：| **pre-** | 在前面，时间上或位置上都行 | 时间上在前面 → “预先、事先” | pre + view（看）= **preview** 事先看 → 预览，预告<br/>pre + dict（说）= **predict** 事情发生之前说出来 → 预言，预测 |

## parts/20-etymology.md:72
原文：| **en-**，在 b、p 前写成 **em-** | 放进去；使成为 | 把东西放进去 → 使它变成某个样子。所以加在形容词、名词前，就变成"使……"的动词 | en + large = **enlarge** 使变大，放大<br/>en + courage = **encourage**：courage 最早指"心"，心里的情绪和胆气 → 把胆气放进去 → 给人打气，鼓励<br/>en + joy = **enjoy**：使快乐 → 最早是"高兴"，后来才是"从……中得到快乐"，享受 |
改后：| **en-**，在 b、p 前写成 **em-** | 放进去；使成为 | 把东西放进去 → 使它变成某个样子。所以加在形容词、名词前，就变成“使……”的动词 | en + large = **enlarge** 使变大，放大<br/>en + courage = **encourage**：courage 最早指“心”，心里的情绪和胆气 → 把胆气放进去 → 给人打气，鼓励<br/>en + joy = **enjoy**：使快乐 → 最早是“高兴”，后来才是“从……中得到快乐”，享受 |

## parts/20-etymology.md:73
原文：| **de-** | 向下，从……离开 | 从上往下 | de + pend（挂）= **depend**：从上面挂下来 → 挂着的东西靠上面撑着 → 依靠；也引申为"随……而定"<br/>de + scribe（写）= **describe**：写下来，照着描下来 → 描述 |
改后：| **de-** | 向下，从……离开 | 从上往下 | de + pend（挂）= **depend**：从上面挂下来 → 挂着的东西靠上面撑着 → 依靠；也引申为“随……而定”<br/>de + scribe（写）= **describe**：写下来，照着描下来 → 描述 |

## parts/20-etymology.md:78
原文：| **sub-** | 在下面 | 位置在下面 | sub + way（路）= **subway**：1825 年最早指"地下通道"，1892 年起指城市地下铁路 → 地铁 |
改后：| **sub-** | 在下面 | 位置在下面 | sub + way（路）= **subway**：1825 年最早指“地下通道”，1892 年起指城市地下铁路 → 地铁 |

## parts/20-etymology.md:84
原文：- **depend on：** depend 本义是"从上面挂下来"。挂着的东西靠什么撑着，英语用 on，比如 Hang your coat on that hook. 把外套挂在那个钩子上。所以"靠……"是 depend on，"取决于……"也是 depend on：挂在什么上面，就随什么而动。
改后：- **depend on：** depend 本义是“从上面挂下来”。挂着的东西靠什么撑着，英语用 on，比如 Hang your coat on that hook. 把外套挂在那个钩子上。所以“靠……”是 depend on，“取决于……”也是 depend on：挂在什么上面，就随什么而动。

## parts/20-etymology.md:86
原文：- **encourage sb to do：** encourage 是"给人打气"，打气是为了让人去做一件事，所以后面接这件要去做的事。
改后：- **encourage sb to do：** encourage 是“给人打气”，打气是为了让人去做一件事，所以后面接这件要去做的事。

## parts/20-etymology.md:88
原文：- **enjoy yourself：** enjoy 本义是"使快乐"。"使自己快乐"就是 enjoy yourself，玩得开心。
改后：- **enjoy yourself：** enjoy 本义是“使快乐”。“使自己快乐”就是 enjoy yourself，玩得开心。

## parts/20-etymology.md:97
原文：**中考易错点：** 看起来像同一个前缀，意思不一定一样。understand 里的 under 很可能不是"在下面"，而是"在……之间"；enjoy 倒是可以拆成 en- + joy。拿不准的词见本部分最后一节"词源法的局限"。
改后：**中考易错点：** 看起来像同一个前缀，意思不一定一样。understand 里的 under 很可能不是“在下面”，而是“在……之间”；enjoy 倒是可以拆成 en- + joy。拿不准的词见本部分最后一节“词源法的局限”。

## parts/20-etymology.md:99
原文：本义依据：[etymonline: re-](https://www.etymonline.com/word/re-)、[pre-](https://www.etymonline.com/word/pre-)、[en-](https://www.etymonline.com/word/en-)、[em-](https://www.etymonline.com/word/em-)、[de-](https://www.etymonline.com/word/de-)、[ex-](https://www.etymonline.com/word/ex-)、[inter-](https://www.etymonline.com/word/inter-)、[over-](https://www.etymonline.com/word/over-)、[under](https://www.etymonline.com/word/under)、[sub-](https://www.etymonline.com/word/sub-)、[tele-](https://www.etymonline.com/word/tele-)、[co-](https://www.etymonline.com/word/co-)、[com-](https://www.etymonline.com/word/com-)、[con-](https://www.etymonline.com/word/con-)、[report](https://www.etymonline.com/word/report)、[rewrite](https://www.etymonline.com/word/rewrite)、[retell](https://www.etymonline.com/word/retell)、[preview](https://www.etymonline.com/word/preview)、[predict](https://www.etymonline.com/word/predict)、[enlarge](https://www.etymonline.com/word/enlarge)、[encourage](https://www.etymonline.com/word/encourage)、[enjoy](https://www.etymonline.com/word/enjoy)、[depend](https://www.etymonline.com/word/depend)、[describe](https://www.etymonline.com/word/describe)、[exit](https://www.etymonline.com/word/exit)、[export](https://www.etymonline.com/word/export)、[express](https://www.etymonline.com/word/express)、[international](https://www.etymonline.com/word/international)、[overeat](https://www.etymonline.com/word/overeat)、[underground](https://www.etymonline.com/word/underground)、[underline](https://www.etymonline.com/word/underline)、[subway](https://www.etymonline.com/word/subway)、[telephone](https://www.etymonline.com/word/telephone)、[television](https://www.etymonline.com/word/television)、[cooperate](https://www.etymonline.com/word/cooperate)。用法依据：[剑桥英汉词典: rewrite](https://dictionary.cambridge.org/zhs/%E8%AF%8D%E5%85%B8/%E8%8B%B1%E8%AF%AD/rewrite)、[retell](https://dictionary.cambridge.org/zhs/%E8%AF%8D%E5%85%B8/%E8%8B%B1%E8%AF%AD/retell)、[overeat](https://dictionary.cambridge.org/zhs/%E8%AF%8D%E5%85%B8/%E8%8B%B1%E8%AF%AD/overeat)、[report](https://dictionary.cambridge.org/zhs/%E8%AF%8D%E5%85%B8/%E8%8B%B1%E8%AF%AD/report)、[predict](https://dictionary.cambridge.org/zhs/%E8%AF%8D%E5%85%B8/%E8%8B%B1%E8%AF%AD/predict)、[encourage](https://dictionary.cambridge.org/zhs/%E8%AF%8D%E5%85%B8/%E8%8B%B1%E8%AF%AD/encourage)、[enjoy](https://dictionary.cambridge.org/zhs/%E8%AF%8D%E5%85%B8/%E8%8B%B1%E8%AF%AD/enjoy)、[depend](https://dictionary.cambridge.org/zhs/%E8%AF%8D%E5%85%B8/%E8%8B%B1%E8%AF%AD/depend)、[describe](https://dictionary.cambridge.org/zhs/%E8%AF%8D%E5%85%B8/%E8%8B%B1%E8%AF%AD/describe)、[export](https://dictionary.cambridge.org/zhs/%E8%AF%8D%E5%85%B8/%E8%8B%B1%E8%AF%AD/export)、[express](https://dictionary.cambridge.org/zhs/%E8%AF%8D%E5%85%B8/%E8%8B%B1%E8%AF%AD/express)；[Oxford Learner's: rewrite](https://www.oxfordlearnersdictionaries.com/definition/english/rewrite_1)、[retell](https://www.oxfordlearnersdictionaries.com/definition/english/retell_1)、[report](https://www.oxfordlearnersdictionaries.com/definition/english/report_1)、[preview](https://www.oxfordlearnersdictionaries.com/definition/english/preview_1)、[predict](https://www.oxfordlearnersdictionaries.com/definition/english/predict_1)、[enlarge](https://www.oxfordlearnersdictionaries.com/definition/english/enlarge_1)、[encourage](https://www.oxfordlearnersdictionaries.com/definition/english/encourage_1)、[enjoy](https://www.oxfordlearnersdictionaries.com/definition/english/enjoy_1)、[depend on](https://www.oxfordlearnersdictionaries.com/definition/english/depend-on_1)、[on](https://www.oxfordlearnersdictionaries.com/definition/english/on_1)、[describe](https://www.oxfordlearnersdictionaries.com/definition/english/describe_1)、[exit](https://www.oxfordlearnersdictionaries.com/definition/english/exit_1)、[export](https://www.oxfordlearnersdictionaries.com/definition/english/export_1)、[express](https://www.oxfordlearnersdictionaries.com/definition/english/express_1)、[international](https://www.oxfordlearnersdictionaries.com/definition/english/international_1)、[overeat](https://www.oxfordlearnersdictionaries.com/definition/english/overeat_1)、[underline](https://www.oxfordlearnersdictionaries.com/definition/english/underline_1)、[cooperate](https://www.oxfordlearnersdictionaries.com/definition/english/cooperate_1)。
改后：本义依据：[etymonline: re-](https://www.etymonline.com/word/re-)、[pre-](https://www.etymonline.com/word/pre-)、[en-](https://www.etymonline.com/word/en-)、[em-](https://www.etymonline.com/word/em-)、[de-](https://www.etymonline.com/word/de-)、[ex-](https://www.etymonline.com/word/ex-)、[inter-](https://www.etymonline.com/word/inter-)、[over-](https://www.etymonline.com/word/over-)、[under](https://www.etymonline.com/word/under)、[sub-](https://www.etymonline.com/word/sub-)、[tele-](https://www.etymonline.com/word/tele-)、[co-](https://www.etymonline.com/word/co-)、[com-](https://www.etymonline.com/word/com-)、[con-](https://www.etymonline.com/word/con-)、[report](https://www.etymonline.com/word/report)、[rewrite](https://www.etymonline.com/word/rewrite)、[retell](https://www.etymonline.com/word/retell)、[preview](https://www.etymonline.com/word/preview)、[predict](https://www.etymonline.com/word/predict)、[enlarge](https://www.etymonline.com/word/enlarge)、[encourage](https://www.etymonline.com/word/encourage)、[enjoy](https://www.etymonline.com/word/enjoy)、[depend](https://www.etymonline.com/word/depend)、[describe](https://www.etymonline.com/word/describe)、[exit](https://www.etymonline.com/word/exit)、[export](https://www.etymonline.com/word/export)、[express](https://www.etymonline.com/word/express)、[international](https://www.etymonline.com/word/international)、[overeat](https://www.etymonline.com/word/overeat)、[underground](https://www.etymonline.com/word/underground)、[underline](https://www.etymonline.com/word/underline)、[subway](https://www.etymonline.com/word/subway)、[telephone](https://www.etymonline.com/word/telephone)、[television](https://www.etymonline.com/word/television)、[cooperate](https://www.etymonline.com/word/cooperate)。用法依据：[剑桥英汉词典：rewrite](https://dictionary.cambridge.org/zhs/%E8%AF%8D%E5%85%B8/%E8%8B%B1%E8%AF%AD/rewrite)、[retell](https://dictionary.cambridge.org/zhs/%E8%AF%8D%E5%85%B8/%E8%8B%B1%E8%AF%AD/retell)、[overeat](https://dictionary.cambridge.org/zhs/%E8%AF%8D%E5%85%B8/%E8%8B%B1%E8%AF%AD/overeat)、[report](https://dictionary.cambridge.org/zhs/%E8%AF%8D%E5%85%B8/%E8%8B%B1%E8%AF%AD/report)、[predict](https://dictionary.cambridge.org/zhs/%E8%AF%8D%E5%85%B8/%E8%8B%B1%E8%AF%AD/predict)、[encourage](https://dictionary.cambridge.org/zhs/%E8%AF%8D%E5%85%B8/%E8%8B%B1%E8%AF%AD/encourage)、[enjoy](https://dictionary.cambridge.org/zhs/%E8%AF%8D%E5%85%B8/%E8%8B%B1%E8%AF%AD/enjoy)、[depend](https://dictionary.cambridge.org/zhs/%E8%AF%8D%E5%85%B8/%E8%8B%B1%E8%AF%AD/depend)、[describe](https://dictionary.cambridge.org/zhs/%E8%AF%8D%E5%85%B8/%E8%8B%B1%E8%AF%AD/describe)、[export](https://dictionary.cambridge.org/zhs/%E8%AF%8D%E5%85%B8/%E8%8B%B1%E8%AF%AD/export)、[express](https://dictionary.cambridge.org/zhs/%E8%AF%8D%E5%85%B8/%E8%8B%B1%E8%AF%AD/express)；[Oxford Learner's: rewrite](https://www.oxfordlearnersdictionaries.com/definition/english/rewrite_1)、[retell](https://www.oxfordlearnersdictionaries.com/definition/english/retell_1)、[report](https://www.oxfordlearnersdictionaries.com/definition/english/report_1)、[preview](https://www.oxfordlearnersdictionaries.com/definition/english/preview_1)、[predict](https://www.oxfordlearnersdictionaries.com/definition/english/predict_1)、[enlarge](https://www.oxfordlearnersdictionaries.com/definition/english/enlarge_1)、[encourage](https://www.oxfordlearnersdictionaries.com/definition/english/encourage_1)、[enjoy](https://www.oxfordlearnersdictionaries.com/definition/english/enjoy_1)、[depend on](https://www.oxfordlearnersdictionaries.com/definition/english/depend-on_1)、[on](https://www.oxfordlearnersdictionaries.com/definition/english/on_1)、[describe](https://www.oxfordlearnersdictionaries.com/definition/english/describe_1)、[exit](https://www.oxfordlearnersdictionaries.com/definition/english/exit_1)、[export](https://www.oxfordlearnersdictionaries.com/definition/english/export_1)、[express](https://www.oxfordlearnersdictionaries.com/definition/english/express_1)、[international](https://www.oxfordlearnersdictionaries.com/definition/english/international_1)、[overeat](https://www.oxfordlearnersdictionaries.com/definition/english/overeat_1)、[underline](https://www.oxfordlearnersdictionaries.com/definition/english/underline_1)、[cooperate](https://www.oxfordlearnersdictionaries.com/definition/english/cooperate_1)。

## parts/20-etymology.md:103
原文：**后缀加在词尾，最主要的作用是改变词性。** 后缀本来就带着自己的意思和词性，接到哪个词后面，就把这个意思和词性带给整个词。下表按"加上后缀以后变成什么词性"分组。
改后：**后缀加在词尾，最主要的作用是改变词性。** 后缀本来就带着自己的意思和词性，接到哪个词后面，就把这个意思和词性带给整个词。下表按“加上后缀以后变成什么词性”分组。

## parts/20-etymology.md:107
原文：| **名词** | **-er** | "和某件事打交道的人" → 做这件事的人 | eat → **eater** 吃东西的人<br/>teach → **teacher** 教的人，老师 |
改后：| **名词** | **-er** | “和某件事打交道的人” → 做这件事的人 | eat → **eater** 吃东西的人<br/>teach → **teacher** 教的人，老师 |

## parts/20-etymology.md:109
原文：| | **-ist** | "做某事、造某物的人" | art → **artist** 艺术家<br/>science → **scientist** 科学家：1834 年仿照 artist 造的词 |
改后：| | **-ist** | “做某事、造某物的人” | art → **artist** 艺术家<br/>science → **scientist** 科学家：1834 年仿照 artist 造的词 |

## parts/20-etymology.md:110
原文：| | **-ian** | "属于……的" → 属于某一行的人 | music → **musician** 精通音乐的人，音乐家 |
改后：| | **-ian** | “属于……的” → 属于某一行的人 | music → **musician** 精通音乐的人，音乐家 |

## parts/20-etymology.md:111
原文：| | **-ant** | 本来是"正在做……"的词尾 → 正在做这件事的人 | assist 本义"站在旁边" → **assistant** 站在旁边帮忙的人，助手 |
改后：| | **-ant** | 本来是“正在做……”的词尾 → 正在做这件事的人 | assist 本义“站在旁边” → **assistant** 站在旁边帮忙的人，助手 |

## parts/20-etymology.md:112
原文：| | **-tion**、**-sion** | 其实都是 -ion，把动词变成表示"动作、状态"的名词。t 或 s 是前面词干带来的 | act → **action** 做这件事，行动<br/>invent → **invention**：invent 本义是"碰上、找到"，invention 最早就是"发现"，后来才是"发明"<br/>decide → **decision**：decide 本义是"切断"，一刀切下去就是"做了决定"；变成名词时词干里的 d 换成了 s，再加 -ion，所以是 -sion |
改后：| | **-tion**、**-sion** | 其实都是 -ion，把动词变成表示“动作、状态”的名词。t 或 s 是前面词干带来的 | act → **action** 做这件事，行动<br/>invent → **invention**：invent 本义是“碰上、找到”，invention 最早就是“发现”，后来才是“发明”<br/>decide → **decision**：decide 本义是“切断”，一刀切下去就是“做了决定”；变成名词时词干里的 d 换成了 s，再加 -ion，所以是 -sion |

## parts/20-etymology.md:114
原文：| | **-ness** | 加在形容词后，表示"……的状态、性质" | happy → **happiness**：happy 最早是"运气好的"，happiness 最早是"好运"，后来才是"幸福"<br/>kind → **kindness** 善良 |
改后：| | **-ness** | 加在形容词后，表示“……的状态、性质” | happy → **happiness**：happy 最早是“运气好的”，happiness 最早是“好运”，后来才是“幸福”<br/>kind → **kindness** 善良 |

## parts/20-etymology.md:115
原文：| | **-ity** | "……的性质或状态" | active → **activity** 活跃的状态 → 各种活动<br/>possible → **possibility** 可能性 |
改后：| | **-ity** | “……的性质或状态” | active → **activity** 活跃的状态 → 各种活动<br/>possible → **possibility** 可能性 |

## parts/20-etymology.md:116
原文：| | **-ance**、**-ence** | 从表示"正在……"的词尾 -ant、-ent 变来，表示状态、性质。所以 -ant 的词配 -ance，-ent 的词配 -ence | important → **importance** 重要性<br/>different → **difference** 差别 |
改后：| | **-ance**、**-ence** | 从表示“正在……”的词尾 -ant、-ent 变来，表示状态、性质。所以 -ant 的词配 -ance，-ent 的词配 -ence | important → **importance** 重要性<br/>different → **difference** 差别 |

## parts/20-etymology.md:118
原文：| | **-dom** | 本来是一个独立的名词，意思是"判决、法令" → 管辖的范围 → 状态 | free → **freedom** 自由 |
改后：| | **-dom** | 本来是一个独立的名词，意思是“判决、法令” → 管辖的范围 → 状态 | free → **freedom** 自由 |

## parts/20-etymology.md:119
原文：| | **-hood** | 本义"样子、品质" → 身份、状态 → 处于这种状态的时期 | child → **childhood** 当孩子的状态 → 童年 |
改后：| | **-hood** | 本义“样子、品质” → 身份、状态 → 处于这种状态的时期 | child → **childhood** 当孩子的状态 → 童年 |

## parts/20-etymology.md:121
原文：| | **-less** | 本来是一个独立的词，意思是"脱离、没有" | care → **careless** 不留心的，粗心的<br/>home → **homeless** 没有家的，无家可归的 |
改后：| | **-less** | 本来是一个独立的词，意思是“脱离、没有” | care → **careless** 不留心的，粗心的<br/>home → **homeless** 没有家的，无家可归的 |

## parts/20-etymology.md:122
原文：| | **-able**、**-ible** | "能……的，能被……的，值得……的" | comfort → **comfortable**：comfort 本义是"使坚强" → 安慰；comfortable 最早是"给人安慰的"，18 世纪起才指身体上"舒服的"<br/>enjoy → **enjoyable** 能被享受的 → 令人愉快的<br/>-ible 是同一个后缀：**possible** 能做到的，可能的 |
改后：| | **-able**、**-ible** | “能……的，能被……的，值得……的” | comfort → **comfortable**：comfort 本义是“使坚强” → 安慰；comfortable 最早是“给人安慰的”，18 世纪起才指身体上“舒服的”<br/>enjoy → **enjoyable** 能被享受的 → 令人愉快的<br/>-ible 是同一个后缀：**possible** 能做到的，可能的 |

## parts/20-etymology.md:123
原文：| | **-ous** | "有……的，充满……的" | danger → **dangerous**：danger 最早是"主人掌控别人、能伤害别人的力量"。落在别人的掌控之下，就有受伤害的可能，所以 danger 变成了"危险"，dangerous 就是"充满危险的"<br/>fame → **famous**：fame 本义是"人们的传说"，被很多人传说的就是有名的 |
改后：| | **-ous** | “有……的，充满……的” | danger → **dangerous**：danger 最早是“主人掌控别人、能伤害别人的力量”。落在别人的掌控之下，就有受伤害的可能，所以 danger 变成了“危险”，dangerous 就是“充满危险的”<br/>fame → **famous**：fame 本义是“人们的传说”，被很多人传说的就是有名的 |

## parts/20-etymology.md:124
原文：| | **-ious** | 就是 -ous，前面的 i 是词干自带的 | **delicious**：和 delight（高兴）同一个来源，让感官高兴的 → 美味的<br/>**serious**：本义"有分量的" → 严肃的<br/>**various**：和 vary（变化）同一个来源，本义"变化多样的" → 各种各样的 |
改后：| | **-ious** | 就是 -ous，前面的 i 是词干自带的 | **delicious**：和 delight（高兴）同一个来源，让感官高兴的 → 美味的<br/>**serious**：本义“有分量的” → 严肃的<br/>**various**：和 vary（变化）同一个来源，本义“变化多样的” → 各种各样的 |

## parts/20-etymology.md:125
原文：| | **-al** | "属于……的，和……有关的" | nation → **national** 国家的<br/>nature → **natural** 自然的 |
改后：| | **-al** | “属于……的，和……有关的” | nation → **national** 国家的<br/>nature → **natural** 自然的 |

## parts/20-etymology.md:126
原文：| | **-ive** | "倾向于……的，做……的" | act → **active** 爱做事的 → 积极的，活跃的<br/>attract → **attractive** 能把人拉过来的 → 有吸引力的 |
改后：| | **-ive** | “倾向于……的，做……的” | act → **active** 爱做事的 → 积极的，活跃的<br/>attract → **attractive** 能把人拉过来的 → 有吸引力的 |

## parts/20-etymology.md:127
原文：| | **-y** | "充满……的，带着……的" | sun → **sunny** 充满阳光的，晴朗的<br/>health → **healthy** 健康的 |
改后：| | **-y** | “充满……的，带着……的” | sun → **sunny** 充满阳光的，晴朗的<br/>health → **healthy** 健康的 |

## parts/20-etymology.md:128
原文：| | **-ly** | 本义"外形、样子" → 加在名词后，是"有……样子的" | friend → **friendly** 有朋友样子的，友好的<br/>love → **lovely** 可爱的 |
改后：| | **-ly** | 本义“外形、样子” → 加在名词后，是“有……样子的” | friend → **friendly** 有朋友样子的，友好的<br/>love → **lovely** 可爱的 |

## parts/20-etymology.md:129
原文：| | **-ant**、**-ent** | 本来是"正在……的"词尾 → 有……性质的 | please → **pleasant** 正在让人高兴的 → 令人愉快的<br/>differ → **different**：differ 本义是"搬开、分开"，各自搬开就不一样了 → 不同的 |
改后：| | **-ant**、**-ent** | 本来是“正在……的”词尾 → 有……性质的 | please → **pleasant** 正在让人高兴的 → 令人愉快的<br/>differ → **different**：differ 本义是“搬开、分开”，各自搬开就不一样了 → 不同的 |

## parts/20-etymology.md:130
原文：| | **-en**（形容词） | "用……做的" | wood → **wooden** 木头做的<br/>gold → **golden** 金子做的，金色的 |
改后：| | **-en**（形容词） | “用……做的” | wood → **wooden** 木头做的<br/>gold → **golden** 金子做的，金色的 |

## parts/20-etymology.md:131
原文：| **动词** | **-en**（动词） | 这是另一个 -en，把形容词变成动词："使变得……" | wide → **widen** 使变宽，加宽 |
改后：| **动词** | **-en**（动词） | 这是另一个 -en，把形容词变成动词：“使变得……” | wide → **widen** 使变宽，加宽 |

## parts/20-etymology.md:132
原文：| | **-ize**，英式也写 **-ise** | "做……这件事，使成为……" | real → **realize**：最早是"使变成真的"，所以有"实现"的意思；18 世纪起指"认清一件事的真实情况"，也就是"意识到"<br/>**organize**：organ 本义"工具、器官"，最早是"使有器官"，后来扩展到"把各部分安排好" → 组织 |
改后：| | **-ize**，英式也写 **-ise** | “做……这件事，使成为……” | real → **realize**：最早是“使变成真的”，所以有“实现”的意思；18 世纪起指“认清一件事的真实情况”，也就是“意识到”<br/>**organize**：organ 本义“工具、器官”，最早是“使有器官”，后来扩展到“把各部分安排好” → 组织 |

## parts/20-etymology.md:133
原文：| **副词** | **-ly** | 同一个 -ly，加在形容词后是"以……的样子" | quick → **quickly** 以快的样子，快地<br/>careful → **carefully** 小心地 |
改后：| **副词** | **-ly** | 同一个 -ly，加在形容词后是“以……的样子” | quick → **quickly** 以快的样子，快地<br/>careful → **carefully** 小心地 |

## parts/20-etymology.md:134
原文：| | **-ward**、**-wards** | 本义"转向……的方向" | back → **backwards** 转向后面，向后。结尾的 -s 是英语给副词加的一个老词尾 |
改后：| | **-ward**、**-wards** | 本义“转向……的方向” | back → **backwards** 转向后面，向后。结尾的 -s 是英语给副词加的一个老词尾 |

## parts/20-etymology.md:145
原文：- **-er 其实是两个后缀。** 表示"做这件事的人"的 -er 和表示比较级的 -er 来源不同，只是长得一样。加在动词后是"人"：eater 吃东西的人。加在形容词后是比较级：sweet → sweeter 更甜的。
改后：- **-er 其实是两个后缀。** 表示“做这件事的人”的 -er 和表示比较级的 -er 来源不同，只是长得一样。加在动词后是“人”：eater 吃东西的人。加在形容词后是比较级：sweet → sweeter 更甜的。

## parts/20-etymology.md:146
原文：- **-ly 是同一个后缀的两种用法。** 它的本义是"样子"。名词 + "样子"，说的是这个东西像什么样，是形容词：friendly 有朋友样子的。形容词 + "样子"，说的是动作以什么样子进行，是副词：quickly 以快的样子。因为 friendly 本身已经以 -ly 结尾，现代英语很少把它当副词用。详见第一部分"副词"下的"-ly 构词：形容词变副词"。
改后：- **-ly 是同一个后缀的两种用法。** 它的本义是“样子”。名词 + “样子”，说的是这个东西像什么样，是形容词：friendly 有朋友样子的。形容词 + “样子”，说的是动作以什么样子进行，是副词：quickly 以快的样子。因为 friendly 本身已经以 -ly 结尾，现代英语很少把它当副词用。详见第一部分“副词”下的“-ly 构词：形容词变副词”。

## parts/20-etymology.md:150
原文：本义依据：[etymonline: -er](https://www.etymonline.com/word/-er)、[-or](https://www.etymonline.com/word/-or)、[actor](https://www.etymonline.com/word/actor)、[visitor](https://www.etymonline.com/word/visitor)、[teacher](https://www.etymonline.com/word/teacher)、[-ist](https://www.etymonline.com/word/-ist)、[artist](https://www.etymonline.com/word/artist)、[scientist](https://www.etymonline.com/word/scientist)、[-ian](https://www.etymonline.com/word/-ian)、[-an](https://www.etymonline.com/word/-an)、[musician](https://www.etymonline.com/word/musician)、[-ant](https://www.etymonline.com/word/-ant)、[assistant](https://www.etymonline.com/word/assistant)、[-tion](https://www.etymonline.com/word/-tion)、[-ion](https://www.etymonline.com/word/-ion)、[action](https://www.etymonline.com/word/action)、[invention](https://www.etymonline.com/word/invention)、[decision](https://www.etymonline.com/word/decision)、[-ment](https://www.etymonline.com/word/-ment)、[movement](https://www.etymonline.com/word/movement)、[agreement](https://www.etymonline.com/word/agreement)、[-ness](https://www.etymonline.com/word/-ness)、[happiness](https://www.etymonline.com/word/happiness)、[kindness](https://www.etymonline.com/word/kindness)、[-ity](https://www.etymonline.com/word/-ity)、[activity](https://www.etymonline.com/word/activity)、[-ance](https://www.etymonline.com/word/-ance)、[-ence](https://www.etymonline.com/word/-ence)、[importance](https://www.etymonline.com/word/importance)、[difference](https://www.etymonline.com/word/difference)、[-ship](https://www.etymonline.com/word/-ship)、[friendship](https://www.etymonline.com/word/friendship)、[-dom](https://www.etymonline.com/word/-dom)、[freedom](https://www.etymonline.com/word/freedom)、[-hood](https://www.etymonline.com/word/-hood)、[childhood](https://www.etymonline.com/word/childhood)、[-ful](https://www.etymonline.com/word/-ful)、[helpful](https://www.etymonline.com/word/helpful)、[-less](https://www.etymonline.com/word/-less)、[homeless](https://www.etymonline.com/word/homeless)、[-able](https://www.etymonline.com/word/-able)、[-ible](https://www.etymonline.com/word/-ible)、[comfort](https://www.etymonline.com/word/comfort)、[comfortable](https://www.etymonline.com/word/comfortable)、[enjoyable](https://www.etymonline.com/word/enjoyable)、[possible](https://www.etymonline.com/word/possible)、[-ous](https://www.etymonline.com/word/-ous)、[danger](https://www.etymonline.com/word/danger)、[dangerous](https://www.etymonline.com/word/dangerous)、[fame](https://www.etymonline.com/word/fame)、[famous](https://www.etymonline.com/word/famous)、[delicious](https://www.etymonline.com/word/delicious)、[delight](https://www.etymonline.com/word/delight)、[serious](https://www.etymonline.com/word/serious)、[various](https://www.etymonline.com/word/various)、[-al](https://www.etymonline.com/word/-al)、[national](https://www.etymonline.com/word/national)、[natural](https://www.etymonline.com/word/natural)、[-ive](https://www.etymonline.com/word/-ive)、[active](https://www.etymonline.com/word/active)、[attractive](https://www.etymonline.com/word/attractive)、[-y](https://www.etymonline.com/word/-y)、[sunny](https://www.etymonline.com/word/sunny)、[healthy](https://www.etymonline.com/word/healthy)、[-ly](https://www.etymonline.com/word/-ly)、[friendly](https://www.etymonline.com/word/friendly)、[lovely](https://www.etymonline.com/word/lovely)、[quickly](https://www.etymonline.com/word/quickly)、[-ent](https://www.etymonline.com/word/-ent)、[pleasant](https://www.etymonline.com/word/pleasant)、[different](https://www.etymonline.com/word/different)、[-en](https://www.etymonline.com/word/-en)、[wooden](https://www.etymonline.com/word/wooden)、[golden](https://www.etymonline.com/word/golden)、[widen](https://www.etymonline.com/word/widen)、[-ize](https://www.etymonline.com/word/-ize)、[realize](https://www.etymonline.com/word/realize)、[organize](https://www.etymonline.com/word/organize)、[-ward](https://www.etymonline.com/word/-ward)、[backwards](https://www.etymonline.com/word/backwards)。用法依据：[剑桥英汉词典: eater](https://dictionary.cambridge.org/zhs/%E8%AF%8D%E5%85%B8/%E8%8B%B1%E8%AF%AD/eater)、[visitor](https://dictionary.cambridge.org/zhs/%E8%AF%8D%E5%85%B8/%E8%8B%B1%E8%AF%AD/visitor)、[enjoyable](https://dictionary.cambridge.org/zhs/%E8%AF%8D%E5%85%B8/%E8%8B%B1%E8%AF%AD/enjoyable)、[delicious](https://dictionary.cambridge.org/zhs/%E8%AF%8D%E5%85%B8/%E8%8B%B1%E8%AF%AD/delicious)、[friendly](https://dictionary.cambridge.org/zhs/%E8%AF%8D%E5%85%B8/%E8%8B%B1%E8%AF%AD/friendly)、[realize](https://dictionary.cambridge.org/zhs/%E8%AF%8D%E5%85%B8/%E8%8B%B1%E8%AF%AD/realize)、[careless](https://dictionary.cambridge.org/zhs/%E8%AF%8D%E5%85%B8/%E8%8B%B1%E8%AF%AD/careless)；[Oxford Learner's: eater](https://www.oxfordlearnersdictionaries.com/definition/english/eater_1)、[visitor](https://www.oxfordlearnersdictionaries.com/definition/english/visitor_1)、[assistant](https://www.oxfordlearnersdictionaries.com/definition/english/assistant_1)、[enjoyable](https://www.oxfordlearnersdictionaries.com/definition/english/enjoyable_1)、[delicious](https://www.oxfordlearnersdictionaries.com/definition/english/delicious_1)、[healthy](https://www.oxfordlearnersdictionaries.com/definition/english/healthy_1)、[friendly](https://www.oxfordlearnersdictionaries.com/definition/english/friendly_1)、[lovely](https://www.oxfordlearnersdictionaries.com/definition/english/lovely_1)、[wooden](https://www.oxfordlearnersdictionaries.com/definition/english/wooden_1)、[golden](https://www.oxfordlearnersdictionaries.com/definition/english/golden_1)、[widen](https://www.oxfordlearnersdictionaries.com/definition/english/widen_1)、[realize](https://www.oxfordlearnersdictionaries.com/definition/english/realize_1)、[backwards](https://www.oxfordlearnersdictionaries.com/definition/english/backwards_1)。
改后：本义依据：[etymonline: -er](https://www.etymonline.com/word/-er)、[-or](https://www.etymonline.com/word/-or)、[actor](https://www.etymonline.com/word/actor)、[visitor](https://www.etymonline.com/word/visitor)、[teacher](https://www.etymonline.com/word/teacher)、[-ist](https://www.etymonline.com/word/-ist)、[artist](https://www.etymonline.com/word/artist)、[scientist](https://www.etymonline.com/word/scientist)、[-ian](https://www.etymonline.com/word/-ian)、[-an](https://www.etymonline.com/word/-an)、[musician](https://www.etymonline.com/word/musician)、[-ant](https://www.etymonline.com/word/-ant)、[assistant](https://www.etymonline.com/word/assistant)、[-tion](https://www.etymonline.com/word/-tion)、[-ion](https://www.etymonline.com/word/-ion)、[action](https://www.etymonline.com/word/action)、[invention](https://www.etymonline.com/word/invention)、[decision](https://www.etymonline.com/word/decision)、[-ment](https://www.etymonline.com/word/-ment)、[movement](https://www.etymonline.com/word/movement)、[agreement](https://www.etymonline.com/word/agreement)、[-ness](https://www.etymonline.com/word/-ness)、[happiness](https://www.etymonline.com/word/happiness)、[kindness](https://www.etymonline.com/word/kindness)、[-ity](https://www.etymonline.com/word/-ity)、[activity](https://www.etymonline.com/word/activity)、[-ance](https://www.etymonline.com/word/-ance)、[-ence](https://www.etymonline.com/word/-ence)、[importance](https://www.etymonline.com/word/importance)、[difference](https://www.etymonline.com/word/difference)、[-ship](https://www.etymonline.com/word/-ship)、[friendship](https://www.etymonline.com/word/friendship)、[-dom](https://www.etymonline.com/word/-dom)、[freedom](https://www.etymonline.com/word/freedom)、[-hood](https://www.etymonline.com/word/-hood)、[childhood](https://www.etymonline.com/word/childhood)、[-ful](https://www.etymonline.com/word/-ful)、[helpful](https://www.etymonline.com/word/helpful)、[-less](https://www.etymonline.com/word/-less)、[homeless](https://www.etymonline.com/word/homeless)、[-able](https://www.etymonline.com/word/-able)、[-ible](https://www.etymonline.com/word/-ible)、[comfort](https://www.etymonline.com/word/comfort)、[comfortable](https://www.etymonline.com/word/comfortable)、[enjoyable](https://www.etymonline.com/word/enjoyable)、[possible](https://www.etymonline.com/word/possible)、[-ous](https://www.etymonline.com/word/-ous)、[danger](https://www.etymonline.com/word/danger)、[dangerous](https://www.etymonline.com/word/dangerous)、[fame](https://www.etymonline.com/word/fame)、[famous](https://www.etymonline.com/word/famous)、[delicious](https://www.etymonline.com/word/delicious)、[delight](https://www.etymonline.com/word/delight)、[serious](https://www.etymonline.com/word/serious)、[various](https://www.etymonline.com/word/various)、[-al](https://www.etymonline.com/word/-al)、[national](https://www.etymonline.com/word/national)、[natural](https://www.etymonline.com/word/natural)、[-ive](https://www.etymonline.com/word/-ive)、[active](https://www.etymonline.com/word/active)、[attractive](https://www.etymonline.com/word/attractive)、[-y](https://www.etymonline.com/word/-y)、[sunny](https://www.etymonline.com/word/sunny)、[healthy](https://www.etymonline.com/word/healthy)、[-ly](https://www.etymonline.com/word/-ly)、[friendly](https://www.etymonline.com/word/friendly)、[lovely](https://www.etymonline.com/word/lovely)、[quickly](https://www.etymonline.com/word/quickly)、[-ent](https://www.etymonline.com/word/-ent)、[pleasant](https://www.etymonline.com/word/pleasant)、[different](https://www.etymonline.com/word/different)、[-en](https://www.etymonline.com/word/-en)、[wooden](https://www.etymonline.com/word/wooden)、[golden](https://www.etymonline.com/word/golden)、[widen](https://www.etymonline.com/word/widen)、[-ize](https://www.etymonline.com/word/-ize)、[realize](https://www.etymonline.com/word/realize)、[organize](https://www.etymonline.com/word/organize)、[-ward](https://www.etymonline.com/word/-ward)、[backwards](https://www.etymonline.com/word/backwards)。用法依据：[剑桥英汉词典：eater](https://dictionary.cambridge.org/zhs/%E8%AF%8D%E5%85%B8/%E8%8B%B1%E8%AF%AD/eater)、[visitor](https://dictionary.cambridge.org/zhs/%E8%AF%8D%E5%85%B8/%E8%8B%B1%E8%AF%AD/visitor)、[enjoyable](https://dictionary.cambridge.org/zhs/%E8%AF%8D%E5%85%B8/%E8%8B%B1%E8%AF%AD/enjoyable)、[delicious](https://dictionary.cambridge.org/zhs/%E8%AF%8D%E5%85%B8/%E8%8B%B1%E8%AF%AD/delicious)、[friendly](https://dictionary.cambridge.org/zhs/%E8%AF%8D%E5%85%B8/%E8%8B%B1%E8%AF%AD/friendly)、[realize](https://dictionary.cambridge.org/zhs/%E8%AF%8D%E5%85%B8/%E8%8B%B1%E8%AF%AD/realize)、[careless](https://dictionary.cambridge.org/zhs/%E8%AF%8D%E5%85%B8/%E8%8B%B1%E8%AF%AD/careless)；[Oxford Learner's: eater](https://www.oxfordlearnersdictionaries.com/definition/english/eater_1)、[visitor](https://www.oxfordlearnersdictionaries.com/definition/english/visitor_1)、[assistant](https://www.oxfordlearnersdictionaries.com/definition/english/assistant_1)、[enjoyable](https://www.oxfordlearnersdictionaries.com/definition/english/enjoyable_1)、[delicious](https://www.oxfordlearnersdictionaries.com/definition/english/delicious_1)、[healthy](https://www.oxfordlearnersdictionaries.com/definition/english/healthy_1)、[friendly](https://www.oxfordlearnersdictionaries.com/definition/english/friendly_1)、[lovely](https://www.oxfordlearnersdictionaries.com/definition/english/lovely_1)、[wooden](https://www.oxfordlearnersdictionaries.com/definition/english/wooden_1)、[golden](https://www.oxfordlearnersdictionaries.com/definition/english/golden_1)、[widen](https://www.oxfordlearnersdictionaries.com/definition/english/widen_1)、[realize](https://www.oxfordlearnersdictionaries.com/definition/english/realize_1)、[backwards](https://www.oxfordlearnersdictionaries.com/definition/english/backwards_1)。

## parts/20-etymology.md:159
原文：| **port** | 搬运 | export 运出去，出口；report 带回来 → 报告；transport 运过去（trans- 是"越过"）→ 运输；important 带进来 → 有分量，重要的（见最后一节） |
改后：| **port** | 搬运 | export 运出去，出口；report 带回来 → 报告；transport 运过去（trans- 是“越过”）→ 运输；important 带进来 → 有分量，重要的（见最后一节） |

## parts/20-etymology.md:161
原文：| **vis**、**vid** | 看见 | visit 去看 → 拜访；visitor 来看的人；television 看见远处 → 电视；video 本来就是"我看见" → 视频 |
改后：| **vis**、**vid** | 看见 | visit 去看 → 拜访；visitor 来看的人；television 看见远处 → 电视；video 本来就是“我看见” → 视频 |

## parts/20-etymology.md:168
原文：| **ven**、**vent** | 来 | invent 来到跟前碰上（in- 是"在……上"）→ 找到 → 发明；prevent 抢在前面来 → 挡住，阻止；event 出来的事 → 发生的事，事件 |
改后：| **ven**、**vent** | 来 | invent 来到跟前碰上（in- 是“在……上”）→ 找到 → 发明；prevent 抢在前面来 → 挡住，阻止；event 出来的事 → 发生的事，事件 |

## parts/20-etymology.md:181
原文：- **prevent sb from doing：** prevent 本义是"抢在前面来"，挡在别人前面，别人就过不去。from 是"离开"，挡住某人，让他离开要做的那件事。
改后：- **prevent sb from doing：** prevent 本义是“抢在前面来”，挡在别人前面，别人就过不去。from 是“离开”，挡住某人，让他离开要做的那件事。

## parts/20-etymology.md:183
原文：- **be different from：** different 本义是"各自搬开"，搬开了就是和原来的位置分开了，所以用表示"离开"的 from。different from 英美都用；英式英语也常说 different to，北美英语也常说 different than，那是另外的说话习惯，不从 from 的本义来。
改后：- **be different from：** different 本义是“各自搬开”，搬开了就是和原来的位置分开了，所以用表示“离开”的 from。different from 英美都用；英式英语也常说 different to，北美英语也常说 different than，那是另外的说话习惯，不从 from 的本义来。

## parts/20-etymology.md:192
原文：**中考易错点：** 同一个词根，前缀不同，意思就不同。accept 是"拿到自己这边"，所以是"接受"；except 是"拿出去"，所以是"除了"。只差一个前缀，拼写和读音都接近，想一想"拿进来还是拿出去"就不会写混。
改后：**中考易错点：** 同一个词根，前缀不同，意思就不同。accept 是“拿到自己这边”，所以是“接受”；except 是“拿出去”，所以是“除了”。只差一个前缀，拼写和读音都接近，想一想“拿进来还是拿出去”就不会写混。

## parts/20-etymology.md:194
原文：本义依据：[etymonline: act](https://www.etymonline.com/word/act)、[actor](https://www.etymonline.com/word/actor)、[activity](https://www.etymonline.com/word/activity)、[export](https://www.etymonline.com/word/export)、[report](https://www.etymonline.com/word/report)、[transport](https://www.etymonline.com/word/transport)、[important](https://www.etymonline.com/word/important)、[respect](https://www.etymonline.com/word/respect)、[expect](https://www.etymonline.com/word/expect)、[visit](https://www.etymonline.com/word/visit)、[television](https://www.etymonline.com/word/television)、[video](https://www.etymonline.com/word/video)、[dictionary](https://www.etymonline.com/word/dictionary)、[predict](https://www.etymonline.com/word/predict)、[describe](https://www.etymonline.com/word/describe)、[inform](https://www.etymonline.com/word/inform)、[information](https://www.etymonline.com/word/information)、[uniform](https://www.etymonline.com/word/uniform)、[press](https://www.etymonline.com/word/press)、[express](https://www.etymonline.com/word/express)、[attract](https://www.etymonline.com/word/attract)、[introduce](https://www.etymonline.com/word/introduce)、[produce](https://www.etymonline.com/word/produce)、[product](https://www.etymonline.com/word/product)、[invent](https://www.etymonline.com/word/invent)、[invention](https://www.etymonline.com/word/invention)、[prevent](https://www.etymonline.com/word/prevent)、[event](https://www.etymonline.com/word/event)、[move](https://www.etymonline.com/word/move)、[motion](https://www.etymonline.com/word/motion)、[photograph](https://www.etymonline.com/word/photograph)、[geography](https://www.etymonline.com/word/geography)、[paragraph](https://www.etymonline.com/word/paragraph)、[telephone](https://www.etymonline.com/word/telephone)、[phone](https://www.etymonline.com/word/phone)、[bicycle](https://www.etymonline.com/word/bicycle)、[recycle](https://www.etymonline.com/word/recycle)、[memory](https://www.etymonline.com/word/memory)、[remember](https://www.etymonline.com/word/remember)、[nation](https://www.etymonline.com/word/nation)、[nature](https://www.etymonline.com/word/nature)、[accept](https://www.etymonline.com/word/accept)、[except](https://www.etymonline.com/word/except)、[finish](https://www.etymonline.com/word/finish)、[final](https://www.etymonline.com/word/final)、[sign](https://www.etymonline.com/word/sign)、[signal](https://www.etymonline.com/word/signal)、[design](https://www.etymonline.com/word/design)、[different](https://www.etymonline.com/word/different)。用法依据：[剑桥英汉词典: attract](https://dictionary.cambridge.org/zhs/%E8%AF%8D%E5%85%B8/%E8%8B%B1%E8%AF%AD/attract)、[visitor](https://dictionary.cambridge.org/zhs/%E8%AF%8D%E5%85%B8/%E8%8B%B1%E8%AF%AD/visitor)、[describe](https://dictionary.cambridge.org/zhs/%E8%AF%8D%E5%85%B8/%E8%8B%B1%E8%AF%AD/describe)、[produce](https://dictionary.cambridge.org/zhs/%E8%AF%8D%E5%85%B8/%E8%8B%B1%E8%AF%AD/produce)、[recycle](https://dictionary.cambridge.org/zhs/%E8%AF%8D%E5%85%B8/%E8%8B%B1%E8%AF%AD/recycle)、[prevent](https://dictionary.cambridge.org/zhs/%E8%AF%8D%E5%85%B8/%E8%8B%B1%E8%AF%AD/prevent)、[different](https://dictionary.cambridge.org/zhs/%E8%AF%8D%E5%85%B8/%E8%8B%B1%E8%AF%AD/different)、[accept](https://dictionary.cambridge.org/zhs/%E8%AF%8D%E5%85%B8/%E8%8B%B1%E8%AF%AD/accept)、[except](https://dictionary.cambridge.org/zhs/%E8%AF%8D%E5%85%B8/%E8%8B%B1%E8%AF%AD/except)；[Oxford Learner's: attract](https://www.oxfordlearnersdictionaries.com/definition/english/attract_1)、[respect](https://www.oxfordlearnersdictionaries.com/definition/english/respect_1)、[expect](https://www.oxfordlearnersdictionaries.com/definition/english/expect_1)、[produce](https://www.oxfordlearnersdictionaries.com/definition/english/produce_1)、[invent](https://www.oxfordlearnersdictionaries.com/definition/english/invent_1)、[prevent](https://www.oxfordlearnersdictionaries.com/definition/english/prevent_1)、[different](https://www.oxfordlearnersdictionaries.com/definition/english/different_1)、[recycle](https://www.oxfordlearnersdictionaries.com/definition/english/recycle_1)、[accept](https://www.oxfordlearnersdictionaries.com/definition/english/accept_1)、[except](https://www.oxfordlearnersdictionaries.com/definition/english/except_1)。
改后：本义依据：[etymonline: act](https://www.etymonline.com/word/act)、[actor](https://www.etymonline.com/word/actor)、[activity](https://www.etymonline.com/word/activity)、[export](https://www.etymonline.com/word/export)、[report](https://www.etymonline.com/word/report)、[transport](https://www.etymonline.com/word/transport)、[important](https://www.etymonline.com/word/important)、[respect](https://www.etymonline.com/word/respect)、[expect](https://www.etymonline.com/word/expect)、[visit](https://www.etymonline.com/word/visit)、[television](https://www.etymonline.com/word/television)、[video](https://www.etymonline.com/word/video)、[dictionary](https://www.etymonline.com/word/dictionary)、[predict](https://www.etymonline.com/word/predict)、[describe](https://www.etymonline.com/word/describe)、[inform](https://www.etymonline.com/word/inform)、[information](https://www.etymonline.com/word/information)、[uniform](https://www.etymonline.com/word/uniform)、[press](https://www.etymonline.com/word/press)、[express](https://www.etymonline.com/word/express)、[attract](https://www.etymonline.com/word/attract)、[introduce](https://www.etymonline.com/word/introduce)、[produce](https://www.etymonline.com/word/produce)、[product](https://www.etymonline.com/word/product)、[invent](https://www.etymonline.com/word/invent)、[invention](https://www.etymonline.com/word/invention)、[prevent](https://www.etymonline.com/word/prevent)、[event](https://www.etymonline.com/word/event)、[move](https://www.etymonline.com/word/move)、[motion](https://www.etymonline.com/word/motion)、[photograph](https://www.etymonline.com/word/photograph)、[geography](https://www.etymonline.com/word/geography)、[paragraph](https://www.etymonline.com/word/paragraph)、[telephone](https://www.etymonline.com/word/telephone)、[phone](https://www.etymonline.com/word/phone)、[bicycle](https://www.etymonline.com/word/bicycle)、[recycle](https://www.etymonline.com/word/recycle)、[memory](https://www.etymonline.com/word/memory)、[remember](https://www.etymonline.com/word/remember)、[nation](https://www.etymonline.com/word/nation)、[nature](https://www.etymonline.com/word/nature)、[accept](https://www.etymonline.com/word/accept)、[except](https://www.etymonline.com/word/except)、[finish](https://www.etymonline.com/word/finish)、[final](https://www.etymonline.com/word/final)、[sign](https://www.etymonline.com/word/sign)、[signal](https://www.etymonline.com/word/signal)、[design](https://www.etymonline.com/word/design)、[different](https://www.etymonline.com/word/different)。用法依据：[剑桥英汉词典：attract](https://dictionary.cambridge.org/zhs/%E8%AF%8D%E5%85%B8/%E8%8B%B1%E8%AF%AD/attract)、[visitor](https://dictionary.cambridge.org/zhs/%E8%AF%8D%E5%85%B8/%E8%8B%B1%E8%AF%AD/visitor)、[describe](https://dictionary.cambridge.org/zhs/%E8%AF%8D%E5%85%B8/%E8%8B%B1%E8%AF%AD/describe)、[produce](https://dictionary.cambridge.org/zhs/%E8%AF%8D%E5%85%B8/%E8%8B%B1%E8%AF%AD/produce)、[recycle](https://dictionary.cambridge.org/zhs/%E8%AF%8D%E5%85%B8/%E8%8B%B1%E8%AF%AD/recycle)、[prevent](https://dictionary.cambridge.org/zhs/%E8%AF%8D%E5%85%B8/%E8%8B%B1%E8%AF%AD/prevent)、[different](https://dictionary.cambridge.org/zhs/%E8%AF%8D%E5%85%B8/%E8%8B%B1%E8%AF%AD/different)、[accept](https://dictionary.cambridge.org/zhs/%E8%AF%8D%E5%85%B8/%E8%8B%B1%E8%AF%AD/accept)、[except](https://dictionary.cambridge.org/zhs/%E8%AF%8D%E5%85%B8/%E8%8B%B1%E8%AF%AD/except)；[Oxford Learner's: attract](https://www.oxfordlearnersdictionaries.com/definition/english/attract_1)、[respect](https://www.oxfordlearnersdictionaries.com/definition/english/respect_1)、[expect](https://www.oxfordlearnersdictionaries.com/definition/english/expect_1)、[produce](https://www.oxfordlearnersdictionaries.com/definition/english/produce_1)、[invent](https://www.oxfordlearnersdictionaries.com/definition/english/invent_1)、[prevent](https://www.oxfordlearnersdictionaries.com/definition/english/prevent_1)、[different](https://www.oxfordlearnersdictionaries.com/definition/english/different_1)、[recycle](https://www.oxfordlearnersdictionaries.com/definition/english/recycle_1)、[accept](https://www.oxfordlearnersdictionaries.com/definition/english/accept_1)、[except](https://www.oxfordlearnersdictionaries.com/definition/english/except_1)。

## parts/20-etymology.md:200
原文：| 词性 | act 一家：本义"推动、做" | 苹果例句 |
改后：| 词性 | act 一家：本义“推动、做” | 苹果例句 |

## parts/20-etymology.md:212
原文：| **eater** | 名词 | eat + -er | 跟"吃"打交道的人 → 吃东西的人 |
改后：| **eater** | 名词 | eat + -er | 跟“吃”打交道的人 → 吃东西的人 |

## parts/20-etymology.md:216
原文：**中考易错点：** 词形变化题常给一个词根，要你根据空格位置换词性。空格前是冠词和形容词，说明这里缺一个被描述的"东西"，要名词（a fun activity）；be 动词后面是在说主语"怎么样"，常要形容词（is active）；修饰动词的是在说动作"怎么做"，要副词（actively helped）。
改后：**中考易错点：** 词形变化题常给一个词根，要你根据空格位置换词性。空格前是冠词和形容词，说明这里缺一个被描述的“东西”，要名词（a fun activity）；be 动词后面是在说主语“怎么样”，常要形容词（is active）；修饰动词的是在说动作“怎么做”，要副词（actively helped）。

## parts/20-etymology.md:218
原文：本义依据：[etymonline: act](https://www.etymonline.com/word/act)、[action](https://www.etymonline.com/word/action)、[actor](https://www.etymonline.com/word/actor)、[active](https://www.etymonline.com/word/active)、[activity](https://www.etymonline.com/word/activity)、[overeat](https://www.etymonline.com/word/overeat)、[eat](https://www.etymonline.com/word/eat)。用法依据：[剑桥英汉词典: activity](https://dictionary.cambridge.org/zhs/%E8%AF%8D%E5%85%B8/%E8%8B%B1%E8%AF%AD/activity)、[active](https://dictionary.cambridge.org/zhs/%E8%AF%8D%E5%85%B8/%E8%8B%B1%E8%AF%AD/active)、[actively](https://dictionary.cambridge.org/zhs/%E8%AF%8D%E5%85%B8/%E8%8B%B1%E8%AF%AD/actively)、[eater](https://dictionary.cambridge.org/zhs/%E8%AF%8D%E5%85%B8/%E8%8B%B1%E8%AF%AD/eater)、[uneaten](https://dictionary.cambridge.org/zhs/%E8%AF%8D%E5%85%B8/%E8%8B%B1%E8%AF%AD/uneaten)、[overeat](https://dictionary.cambridge.org/zhs/%E8%AF%8D%E5%85%B8/%E8%8B%B1%E8%AF%AD/overeat)；[Oxford Learner's: act](https://www.oxfordlearnersdictionaries.com/definition/english/act_1)、[action](https://www.oxfordlearnersdictionaries.com/definition/english/action_1)、[activity](https://www.oxfordlearnersdictionaries.com/definition/english/activity_1)、[active](https://www.oxfordlearnersdictionaries.com/definition/english/active_1)、[actively](https://www.oxfordlearnersdictionaries.com/definition/english/actively_1)、[eater](https://www.oxfordlearnersdictionaries.com/definition/english/eater_1)、[uneaten](https://www.oxfordlearnersdictionaries.com/definition/english/uneaten_1)、[overeat](https://www.oxfordlearnersdictionaries.com/definition/english/overeat_1)。
改后：本义依据：[etymonline: act](https://www.etymonline.com/word/act)、[action](https://www.etymonline.com/word/action)、[actor](https://www.etymonline.com/word/actor)、[active](https://www.etymonline.com/word/active)、[activity](https://www.etymonline.com/word/activity)、[overeat](https://www.etymonline.com/word/overeat)、[eat](https://www.etymonline.com/word/eat)。用法依据：[剑桥英汉词典：activity](https://dictionary.cambridge.org/zhs/%E8%AF%8D%E5%85%B8/%E8%8B%B1%E8%AF%AD/activity)、[active](https://dictionary.cambridge.org/zhs/%E8%AF%8D%E5%85%B8/%E8%8B%B1%E8%AF%AD/active)、[actively](https://dictionary.cambridge.org/zhs/%E8%AF%8D%E5%85%B8/%E8%8B%B1%E8%AF%AD/actively)、[eater](https://dictionary.cambridge.org/zhs/%E8%AF%8D%E5%85%B8/%E8%8B%B1%E8%AF%AD/eater)、[uneaten](https://dictionary.cambridge.org/zhs/%E8%AF%8D%E5%85%B8/%E8%8B%B1%E8%AF%AD/uneaten)、[overeat](https://dictionary.cambridge.org/zhs/%E8%AF%8D%E5%85%B8/%E8%8B%B1%E8%AF%AD/overeat)；[Oxford Learner's: act](https://www.oxfordlearnersdictionaries.com/definition/english/act_1)、[action](https://www.oxfordlearnersdictionaries.com/definition/english/action_1)、[activity](https://www.oxfordlearnersdictionaries.com/definition/english/activity_1)、[active](https://www.oxfordlearnersdictionaries.com/definition/english/active_1)、[actively](https://www.oxfordlearnersdictionaries.com/definition/english/actively_1)、[eater](https://www.oxfordlearnersdictionaries.com/definition/english/eater_1)、[uneaten](https://www.oxfordlearnersdictionaries.com/definition/english/uneaten_1)、[overeat](https://www.oxfordlearnersdictionaries.com/definition/english/overeat_1)。

## parts/20-etymology.md:222
原文：**拆词要按真实的来源拆，不能看着像就拆。** 有的词长得像"否定前缀 + 词"，其实前缀是另一个意思；有的词拆开以后，一半的来源至今没人说得清。下面几个词最容易拆错。
改后：**拆词要按真实的来源拆，不能看着像就拆。** 有的词长得像“否定前缀 + 词”，其实前缀是另一个意思；有的词拆开以后，一半的来源至今没人说得清。下面几个词最容易拆错。

## parts/20-etymology.md:226
原文：| **important** 重要的 | im-（不）+ port | im- 在这里是"进入"，port 是"搬运"，-ant 是形容词后缀。合起来是"带进来"，带进来的东西会带来后果，所以是"有分量的、重要的"。推导方法见表下 |
改后：| **important** 重要的 | im-（不）+ port | im- 在这里是“进入”，port 是“搬运”，-ant 是形容词后缀。合起来是“带进来”，带进来的东西会带来后果，所以是“有分量的、重要的”。推导方法见表下 |

## parts/20-etymology.md:227
原文：| **include** 包括 | in-（不）+ clude | in- 是"进入"，clude 是"关上"。合起来是"关在里面"，关在里面的东西就是整体的一部分，所以是"包括" |
改后：| **include** 包括 | in-（不）+ clude | in- 是“进入”，clude 是“关上”。合起来是“关在里面”，关在里面的东西就是整体的一部分，所以是“包括” |

## parts/20-etymology.md:228
原文：| **improve** 改进 | im-（不）+ prove（证明） | 和"不"无关，也和 prove 无关。im- 来自表示"使"的 en-，后半本义是"利益"。合起来是"使有利"，最早是"用来获利"，17 世纪起才是"使变好"。写成 -prove 是后来受 prove 这类词的拼写影响 |
改后：| **improve** 改进 | im-（不）+ prove（证明） | 和“不”无关，也和 prove 无关。im- 来自表示“使”的 en-，后半本义是“利益”。合起来是“使有利”，最早是“用来获利”，17 世纪起才是“使变好”。写成 -prove 是后来受 prove 这类词的拼写影响 |

## parts/20-etymology.md:229
原文：| **understand** 理解 | under（在下面）+ stand（站） | 很可能是"站在中间"。这里的 under 大概不是"在下面"，而是另一个意思"在……之间"，和 inter- 同一个来源。站到事情中间去，就把它看明白了。etymonline 说的是"很可能"，也有学者认为这只是 under 的另一个义项 |
改后：| **understand** 理解 | under（在下面）+ stand（站） | 很可能是“站在中间”。这里的 under 大概不是“在下面”，而是另一个意思“在……之间”，和 inter- 同一个来源。站到事情中间去，就把它看明白了。etymonline 说的是“很可能”，也有学者认为这只是 under 的另一个义项 |

## parts/20-etymology.md:230
原文：| **invite** 邀请 | in-（不）+ vite | in- 是"朝向"，不是"不"。后半部分来源不明，所以整个词的意思推不出来。invite 的用法只能从英语本身来看，见表下 |
改后：| **invite** 邀请 | in-（不）+ vite | in- 是“朝向”，不是“不”。后半部分来源不明，所以整个词的意思推不出来。invite 的用法只能从英语本身来看，见表下 |

## parts/20-etymology.md:231
原文：| **carpet** 地毯 | car 汽车 + pet 宠物 | 和 car、pet 都没有关系，是一整块。它很可能来自"扯、拔"：用扯碎的布料做成的粗布 → 桌布、床罩 → 15 世纪起也指铺在地上的地毯，18 世纪起这成了主要意思 |
改后：| **carpet** 地毯 | car 汽车 + pet 宠物 | 和 car、pet 都没有关系，是一整块。它很可能来自“扯、拔”：用扯碎的布料做成的粗布 → 桌布、床罩 → 15 世纪起也指铺在地上的地毯，18 世纪起这成了主要意思 |

## parts/20-etymology.md:235
原文：1. **拆词：** im- 在这里是"进入"，和介词 in 同一个来源；port 是"搬运"；-ant 是形容词后缀。
改后：1. **拆词：** im- 在这里是“进入”，和介词 in 同一个来源；port 是“搬运”；-ant 是形容词后缀。

## parts/20-etymology.md:236
原文：2. **本义：** 合起来是"带进来"。
改后：2. **本义：** 合起来是“带进来”。

## parts/20-etymology.md:237
原文：3. **推导：** 带进来的东西会带来后果，所以引申为"有分量的、重要的"。
改后：3. **推导：** 带进来的东西会带来后果，所以引申为“有分量的、重要的”。

## parts/20-etymology.md:238
原文：4. **辨析：** 表示"进入"的 in- 和表示"不"的 in- 是两个不同的前缀，碰到 p、b、m 都会写成 im-，所以只看拼写分不出来。
改后：4. **辨析：** 表示“进入”的 in- 和表示“不”的 in- 是两个不同的前缀，碰到 p、b、m 都会写成 im-，所以只看拼写分不出来。

## parts/20-etymology.md:239
原文：5. **判断方法：** 去掉前缀，看剩下的是不是一个现成的形容词、意思是否正好相反。impossible 去掉 im- 是 possible（可能的），正好相反，所以这里的 im- 是"不"；important 去掉 im- 剩下 portant，不是一个词，所以这里的 im- 不是"不"。
改后：5. **判断方法：** 去掉前缀，看剩下的是不是一个现成的形容词、意思是否正好相反。impossible 去掉 im- 是 possible（可能的），正好相反，所以这里的 im- 是“不”；important 去掉 im- 剩下 portant，不是一个词，所以这里的 im- 不是“不”。

## parts/20-etymology.md:241
原文：**invite 怎么学：** 既然拆不出来，就看英语里怎么用它。invite 是请人来参加一件事，所以后面先接"请谁"，再说"请去哪儿、做什么"：去某个场合用 to，为了吃一顿饭可以用 for，请人去做一件事用 to do。
改后：**invite 怎么学：** 既然拆不出来，就看英语里怎么用它。invite 是请人来参加一件事，所以后面先接“请谁”，再说“请去哪儿、做什么”：去某个场合用 to，为了吃一顿饭可以用 for，请人去做一件事用 to do。

## parts/20-etymology.md:247
原文：**re- 有时也看不出来。** 在一些很早就进入英语的词里，re- 的意思已经淡得看不出来了，比如 remain（留下）、receive（收到）。这些词不要硬拆成"再……"。
改后：**re- 有时也看不出来。** 在一些很早就进入英语的词里，re- 的意思已经淡得看不出来了，比如 remain（留下）、receive（收到）。这些词不要硬拆成“再……”。

## parts/20-etymology.md:254
原文：**遇到拿不准的词怎么办：** 先查学习词典确认词义，再到 etymonline 查这个词是怎么构成的。etymonline 说得清来源的，按本义推；说"来源不明"的，就按词典里的用法和例句学，不要自己编一个拆法。
改后：**遇到拿不准的词怎么办：** 先查学习词典确认词义，再到 etymonline 查这个词是怎么构成的。etymonline 说得清来源的，按本义推；说“来源不明”的，就按词典里的用法和例句学，不要自己编一个拆法。

## parts/20-etymology.md:256
原文：**中考易错点：** 不要看到 im-、in- 就当成"不"。important、improve、invite、include 都是肯定意思的常用词，用上面的第 5 步一查就知道。
改后：**中考易错点：** 不要看到 im-、in- 就当成“不”。important、improve、invite、include 都是肯定意思的常用词，用上面的第 5 步一查就知道。

## parts/20-etymology.md:258
原文：本义依据：[etymonline: important](https://www.etymonline.com/word/important)、[in-](https://www.etymonline.com/word/in-)、[include](https://www.etymonline.com/word/include)、[improve](https://www.etymonline.com/word/improve)、[understand](https://www.etymonline.com/word/understand)、[invite](https://www.etymonline.com/word/invite)、[carpet](https://www.etymonline.com/word/carpet)、[possible](https://www.etymonline.com/word/possible)、[impossible](https://www.etymonline.com/word/impossible)、[re-](https://www.etymonline.com/word/re-)。用法依据：[剑桥英汉词典: important](https://dictionary.cambridge.org/zhs/%E8%AF%8D%E5%85%B8/%E8%8B%B1%E8%AF%AD/important)、[include](https://dictionary.cambridge.org/zhs/%E8%AF%8D%E5%85%B8/%E8%8B%B1%E8%AF%AD/include)、[improve](https://dictionary.cambridge.org/zhs/%E8%AF%8D%E5%85%B8/%E8%8B%B1%E8%AF%AD/improve)、[understand](https://dictionary.cambridge.org/zhs/%E8%AF%8D%E5%85%B8/%E8%8B%B1%E8%AF%AD/understand)、[invite](https://dictionary.cambridge.org/zhs/%E8%AF%8D%E5%85%B8/%E8%8B%B1%E8%AF%AD/invite)；[Oxford Learner's: important](https://www.oxfordlearnersdictionaries.com/definition/english/important_1)、[include](https://www.oxfordlearnersdictionaries.com/definition/english/include_1)、[improve](https://www.oxfordlearnersdictionaries.com/definition/english/improve_1)、[understand](https://www.oxfordlearnersdictionaries.com/definition/english/understand_1)、[invite](https://www.oxfordlearnersdictionaries.com/definition/english/invite_1)。
改后：本义依据：[etymonline: important](https://www.etymonline.com/word/important)、[in-](https://www.etymonline.com/word/in-)、[include](https://www.etymonline.com/word/include)、[improve](https://www.etymonline.com/word/improve)、[understand](https://www.etymonline.com/word/understand)、[invite](https://www.etymonline.com/word/invite)、[carpet](https://www.etymonline.com/word/carpet)、[possible](https://www.etymonline.com/word/possible)、[impossible](https://www.etymonline.com/word/impossible)、[re-](https://www.etymonline.com/word/re-)。用法依据：[剑桥英汉词典：important](https://dictionary.cambridge.org/zhs/%E8%AF%8D%E5%85%B8/%E8%8B%B1%E8%AF%AD/important)、[include](https://dictionary.cambridge.org/zhs/%E8%AF%8D%E5%85%B8/%E8%8B%B1%E8%AF%AD/include)、[improve](https://dictionary.cambridge.org/zhs/%E8%AF%8D%E5%85%B8/%E8%8B%B1%E8%AF%AD/improve)、[understand](https://dictionary.cambridge.org/zhs/%E8%AF%8D%E5%85%B8/%E8%8B%B1%E8%AF%AD/understand)、[invite](https://dictionary.cambridge.org/zhs/%E8%AF%8D%E5%85%B8/%E8%8B%B1%E8%AF%AD/invite)；[Oxford Learner's: important](https://www.oxfordlearnersdictionaries.com/definition/english/important_1)、[include](https://www.oxfordlearnersdictionaries.com/definition/english/include_1)、[improve](https://www.oxfordlearnersdictionaries.com/definition/english/improve_1)、[understand](https://www.oxfordlearnersdictionaries.com/definition/english/understand_1)、[invite](https://www.oxfordlearnersdictionaries.com/definition/english/invite_1)。

## parts/30-simple-sentence.md:3
原文：简单句只有一套主谓结构。剑桥语法把简单句定义为"只有一个主句"的句子。这一部分讲句子由哪些成分组成、谓语动词怎样决定句子的形状、英语怎样用语序区分陈述和提问，以及几个常考的句型。
改后：简单句只有一套主谓结构。剑桥语法把简单句定义为“只有一个主句”的句子。这一部分讲句子由哪些成分组成、谓语动词怎样决定句子的形状、英语怎样用语序区分陈述和提问，以及几个常考的句型。

## parts/30-simple-sentence.md:9
原文：**句子成分说的是一个词或词组在句子里担任什么角色。** 词性回答"这个词是什么"，成分回答"它在这句话里做什么"。同一个 apple，在 The apple is sweet（这个苹果很甜）里是主语，在 I ate the apple（我吃了那个苹果）里是宾语。
改后：**句子成分说的是一个词或词组在句子里担任什么角色。** 词性回答“这个词是什么”，成分回答“它在这句话里做什么”。同一个 apple，在 The apple is sweet（这个苹果很甜）里是主语，在 I ate the apple（我吃了那个苹果）里是宾语。

## parts/30-simple-sentence.md:15
原文：| 主语 subject | sub- 是"在下面"，-ject 是"扔、放"，合起来是"放在下面的东西"。逻辑学借来指"作为基础、被下判断的那一项" | 句子谈论的对象，谓语说的话都是关于它的 | **Tom** eats an apple every day. 汤姆每天吃一个苹果。<br/>**Picking apples** is fun. 摘苹果很有意思。 |
改后：| 主语 subject | sub- 是“在下面”，-ject 是“扔、放”，合起来是“放在下面的东西”。逻辑学借来指“作为基础、被下判断的那一项” | 句子谈论的对象，谓语说的话都是关于它的 | **Tom** eats an apple every day. 汤姆每天吃一个苹果。<br/>**Picking apples** is fun. 摘苹果很有意思。 |

## parts/30-simple-sentence.md:16
原文：| 谓语 predicate | pre- 是"在前、当众"，dic 是"说"，合起来是"说出来的话"。逻辑学里指"关于主语说的那部分" | 说主语做什么、是什么样，核心是动词 | Tom **has eaten** the apple. 汤姆已经把苹果吃了。 |
改后：| 谓语 predicate | pre- 是“在前、当众”，dic 是“说”，合起来是“说出来的话”。逻辑学里指“关于主语说的那部分” | 说主语做什么、是什么样，核心是动词 | Tom **has eaten** the apple. 汤姆已经把苹果吃了。 |

## parts/30-simple-sentence.md:17
原文：| 宾语 object | ob- 是"在前面、朝着"，-ject 是"扔"，合起来是"扔到面前的东西"。语法里指"动词的动作施加到的那一项" | 动作落到的人或物 | I washed **the apple**. 我洗了苹果。<br/>Mom gave **me** **an apple**. 妈妈给了我一个苹果。 |
改后：| 宾语 object | ob- 是“在前面、朝着”，-ject 是“扔”，合起来是“扔到面前的东西”。语法里指“动词的动作施加到的那一项” | 动作落到的人或物 | I washed **the apple**. 我洗了苹果。<br/>Mom gave **me** **an apple**. 妈妈给了我一个苹果。 |

## parts/30-simple-sentence.md:18
原文：| 表语（主语补足语） | 见下面"补语"一行。剑桥语法把表语叫作 subject complement，也就是"补足主语的成分" | 跟在系动词后面，补足主语是什么样 | The apple tastes **sweet**. 这个苹果尝起来很甜。<br/>The apples are **in the basket**. 苹果在篮子里。 |
改后：| 表语（主语补足语） | 见下面“补语”一行。剑桥语法把表语叫作 subject complement，也就是“补足主语的成分” | 跟在系动词后面，补足主语是什么样 | The apple tastes **sweet**. 这个苹果尝起来很甜。<br/>The apples are **in the basket**. 苹果在篮子里。 |

## parts/30-simple-sentence.md:19
原文：| 定语 | 这个成分没有现成的英文名称可拆。剑桥语法把放在名词后面的定语叫 postmodifier（后置修饰语），说它"告诉我们关于这个名词的更多信息" | 给名词加上特征，说明是哪一个、什么样的 | I picked a **red** apple. 我摘了一个红苹果。<br/>The apple **on the table** is mine. 桌上的那个苹果是我的。 |
改后：| 定语 | 这个成分没有现成的英文名称可拆。剑桥语法把放在名词后面的定语叫 postmodifier（后置修饰语），说它“告诉我们关于这个名词的更多信息” | 给名词加上特征，说明是哪一个、什么样的 | I picked a **red** apple. 我摘了一个红苹果。<br/>The apple **on the table** is mine. 桌上的那个苹果是我的。 |

## parts/30-simple-sentence.md:20
原文：| 状语 adjunct | ad- 是"向、往"，junct 是"连接"。合起来是"接上去的东西"，etymonline 的释义是"加上去、但不是必需部分的东西" | 给动作补充时间、地点、方式等信息，去掉后句子仍然完整 | I **quickly** ate the apple **in the garden**. 我在花园里很快把苹果吃了。 |
改后：| 状语 adjunct | ad- 是“向、往”，junct 是“连接”。合起来是“接上去的东西”，etymonline 的释义是“加上去、但不是必需部分的东西” | 给动作补充时间、地点、方式等信息，去掉后句子仍然完整 | I **quickly** ate the apple **in the garden**. 我在花园里很快把苹果吃了。 |

## parts/30-simple-sentence.md:21
原文：| 补语 complement | com- 在这里加强语气，ple 是"填满"。合起来是"把缺的地方填满的东西" | 没有它句子意思就不完整。本导览只讲宾语补足语：补足宾语的状态或动作 | The apple made me **happy**. 这个苹果让我很开心。 |
改后：| 补语 complement | com- 在这里加强语气，ple 是“填满”。合起来是“把缺的地方填满的东西” | 没有它句子意思就不完整。本导览只讲宾语补足语：补足宾语的状态或动作 | The apple made me **happy**. 这个苹果让我很开心。 |

## parts/30-simple-sentence.md:23
原文：**主干和枝叶，从 complement 和 adjunct 的本义就能分出来。** complement 是"填满缺口的"，缺了句子就不完整；adjunct 是"另外接上去的"，去掉句子照样成立。所以主语、谓语、宾语、表语、补语是主干，状语是枝叶。I **quickly** ate the apple **in the garden** 去掉状语，剩下 I ate the apple（我吃了苹果），仍是完整的句子。
改后：**主干和枝叶，从 complement 和 adjunct 的本义就能分出来。** complement 是“填满缺口的”，缺了句子就不完整；adjunct 是“另外接上去的”，去掉句子照样成立。所以主语、谓语、宾语、表语、补语是主干，状语是枝叶。I **quickly** ate the apple **in the garden** 去掉状语，剩下 I ate the apple（我吃了苹果），仍是完整的句子。

## parts/30-simple-sentence.md:25
原文：同样是介词短语，也可能是补语。I put the apple **in the basket**. 我把苹果放进了篮子里。只说 I put the apple 不完整，因为"放"一定要说放到哪里。剑桥语法用的正是这类例子：He put the cake in the oven（他把蛋糕放进烤箱），不说 He put the cake。所以 in the basket 在这里是填缺口的 complement，不是可去掉的 adjunct。
改后：同样是介词短语，也可能是补语。I put the apple **in the basket**. 我把苹果放进了篮子里。只说 I put the apple 不完整，因为“放”一定要说放到哪里。剑桥语法用的正是这类例子：He put the cake in the oven（他把蛋糕放进烤箱），不说 He put the cake。所以 in the basket 在这里是填缺口的 complement，不是可去掉的 adjunct。

## parts/30-simple-sentence.md:27
原文：**中考易错点：** 同一个介词短语，可能是定语，也可能是状语。看它说明的是名词还是动作：The apple **on the table** is mine 里，on the table 说明"哪个苹果"，是定语；I ate an apple **in the garden**（我在花园里吃了一个苹果）里，in the garden 说明"在哪儿吃"，是状语。剑桥语法举的例子是 They've closed that restaurant on Market Street（他们把市场街上那家餐馆关了），on Market Street 说的是哪家餐馆，属于名词短语的一部分。
改后：**中考易错点：** 同一个介词短语，可能是定语，也可能是状语。看它说明的是名词还是动作：The apple **on the table** is mine 里，on the table 说明“哪个苹果”，是定语；I ate an apple **in the garden**（我在花园里吃了一个苹果）里，in the garden 说明“在哪儿吃”，是状语。剑桥语法举的例子是 They've closed that restaurant on Market Street（他们把市场街上那家餐馆关了），on Market Street 说的是哪家餐馆，属于名词短语的一部分。

## parts/30-simple-sentence.md:29
原文：用法依据：[剑桥语法: Subjects](https://dictionary.cambridge.org/zhs/%E8%AF%AD%E6%B3%95/%E8%8B%B1%E5%BC%8F%E8%AF%AD%E6%B3%95/subjects)、[Objects](https://dictionary.cambridge.org/zhs/%E8%AF%AD%E6%B3%95/%E8%8B%B1%E5%BC%8F%E8%AF%AD%E6%B3%95/objects)、[Complements](https://dictionary.cambridge.org/zhs/%E8%AF%AD%E6%B3%95/%E8%8B%B1%E5%BC%8F%E8%AF%AD%E6%B3%95/complements)、[Subject complements](https://dictionary.cambridge.org/zhs/%E8%AF%AD%E6%B3%95/%E8%8B%B1%E5%BC%8F%E8%AF%AD%E6%B3%95/subject-complements)、[Adjuncts](https://dictionary.cambridge.org/zhs/%E8%AF%AD%E6%B3%95/%E8%8B%B1%E5%BC%8F%E8%AF%AD%E6%B3%95/adjuncts)。
改后：用法依据：[剑桥语法：Subjects](https://dictionary.cambridge.org/zhs/%E8%AF%AD%E6%B3%95/%E8%8B%B1%E5%BC%8F%E8%AF%AD%E6%B3%95/subjects)、[Objects](https://dictionary.cambridge.org/zhs/%E8%AF%AD%E6%B3%95/%E8%8B%B1%E5%BC%8F%E8%AF%AD%E6%B3%95/objects)、[Complements](https://dictionary.cambridge.org/zhs/%E8%AF%AD%E6%B3%95/%E8%8B%B1%E5%BC%8F%E8%AF%AD%E6%B3%95/complements)、[Subject complements](https://dictionary.cambridge.org/zhs/%E8%AF%AD%E6%B3%95/%E8%8B%B1%E5%BC%8F%E8%AF%AD%E6%B3%95/subject-complements)、[Adjuncts](https://dictionary.cambridge.org/zhs/%E8%AF%AD%E6%B3%95/%E8%8B%B1%E5%BC%8F%E8%AF%AD%E6%B3%95/adjuncts)。

## parts/30-simple-sentence.md:35
原文：**决定句型的是谓语动词：动词的意思需要几个"参与者"，句子就是什么形状。** "掉下来"只需要一个掉下来的东西；"吃"需要一个吃的人和一个被吃的东西；"给"需要给的人、接受的人和给出去的东西。
改后：**决定句型的是谓语动词：动词的意思需要几个“参与者”，句子就是什么形状。** “掉下来”只需要一个掉下来的东西；“吃”需要一个吃的人和一个被吃的东西；“给”需要给的人、接受的人和给出去的东西。

## parts/30-simple-sentence.md:37
原文：语法术语把这一点说得很直白。transitive（及物）的本义是"越过去，传到另一个人身上"：动作从主语越过去，落到宾语上。intransitive 前面加了表示"不"的 in-，就是"不越过去"：动作停在主语身上。连接主语和表语的系动词，英语叫 copula，本义是"绳子、纽带"，所以它的作用是"把主语和说明主语的成分拴在一起"，剑桥和牛津都把这类动词叫 linking verb（连接动词）。
改后：语法术语把这一点说得很直白。transitive（及物）的本义是“越过去，传到另一个人身上”：动作从主语越过去，落到宾语上。intransitive 前面加了表示“不”的 in-，就是“不越过去”：动作停在主语身上。连接主语和表语的系动词，英语叫 copula，本义是“绳子、纽带”，所以它的作用是“把主语和说明主语的成分拴在一起”，剑桥和牛津都把这类动词叫 linking verb（连接动词）。

## parts/30-simple-sentence.md:41
原文：| 主 + 谓 | fall 是"从高处落到低处"，只涉及掉下来的那个东西，动作不越到别的东西上。牛津把这个义项标为不及物 | The apple **fell**. 苹果掉下来了。 |
改后：| 主 + 谓 | fall 是“从高处落到低处”，只涉及掉下来的那个东西，动作不越到别的东西上。牛津把这个义项标为不及物 | The apple **fell**. 苹果掉下来了。 |

## parts/30-simple-sentence.md:44
原文：| 主 + 谓 + 间宾 + 直宾 | give 是"把东西交到某人手里"，天然有两个对象：交给谁，交出什么 | Mom **gave** me an apple. 妈妈给了我一个苹果。 |
改后：| 主 + 谓 + 间宾 + 直宾 | give 是“把东西交到某人手里”，天然有两个对象：交给谁，交出什么 | Mom **gave** me an apple. 妈妈给了我一个苹果。 |

## parts/30-simple-sentence.md:45
原文：| 主 + 谓 + 宾 + 宾补 | make 的一个义项是"使……成为、使……变得"：先有一个被改变的对象，再说它变成了什么样 | The apple **made** me happy. 这个苹果让我很开心。 |
改后：| 主 + 谓 + 宾 + 宾补 | make 的一个义项是“使……成为、使……变得”：先有一个被改变的对象，再说它变成了什么样 | The apple **made** me happy. 这个苹果让我很开心。 |

## parts/30-simple-sentence.md:50
原文：2. "给"要问两件事：给了什么？an apple。给了谁？me。两个对象，所以是双宾语。
改后：2. “给”要问两件事：给了什么？an apple。给了谁？me。两个对象，所以是双宾语。

## parts/30-simple-sentence.md:54
原文：- **双宾语：** Mom gave **me an apple**. me 和 an apple 是两样东西，苹果不是"我"。
改后：- **双宾语：** Mom gave **me an apple**. me 和 an apple 是两样东西，苹果不是“我”。

## parts/30-simple-sentence.md:59
原文：**这个检验只适用于形容词或名词作宾补。** make 还有一个义项是"迫使某人做某事"，这时后面跟的是动作。比如 Mom made me **wash** the apple（妈妈让我洗苹果），洗苹果的是 me，所以 wash the apple 是宾补。
改后：**这个检验只适用于形容词或名词作宾补。** make 还有一个义项是“迫使某人做某事”，这时后面跟的是动作。比如 Mom made me **wash** the apple（妈妈让我洗苹果），洗苹果的是 me，所以 wash the apple 是宾补。

## parts/30-simple-sentence.md:61
原文：**中考易错点：** 系动词不只有 be。taste、smell、sound、look 都有一个义项被牛津标成 linking verb，后面跟形容词。拿 taste 推一遍：taste 最早的意思是"摸、尝"，后来又有了"东西本身带有某种味道"的意思（etymonline 记录这个用法从 16 世纪开始出现）。The apple tastes sweet 说的不是苹果去尝什么，而是"苹果带有甜的味道"，sweet 描述的是苹果本身，所以用形容词，不用副词 sweetly。剑桥语法也举了同样的句型：That rice tastes quite sweet. 那米饭吃起来挺甜。系动词的更多用法见第一部分"系动词"。
改后：**中考易错点：** 系动词不只有 be。taste、smell、sound、look 都有一个义项被牛津标成 linking verb，后面跟形容词。拿 taste 推一遍：taste 最早的意思是“摸、尝”，后来又有了“东西本身带有某种味道”的意思（etymonline 记录这个用法从 16 世纪开始出现）。The apple tastes sweet 说的不是苹果去尝什么，而是“苹果带有甜的味道”，sweet 描述的是苹果本身，所以用形容词，不用副词 sweetly。剑桥语法也举了同样的句型：That rice tastes quite sweet. 那米饭吃起来挺甜。系动词的更多用法见第一部分“系动词”。

## parts/30-simple-sentence.md:63
原文：用法依据：[剑桥语法: Objects](https://dictionary.cambridge.org/zhs/%E8%AF%AD%E6%B3%95/%E8%8B%B1%E5%BC%8F%E8%AF%AD%E6%B3%95/objects)、[Complements](https://dictionary.cambridge.org/zhs/%E8%AF%AD%E6%B3%95/%E8%8B%B1%E5%BC%8F%E8%AF%AD%E6%B3%95/complements)、[Subject complements](https://dictionary.cambridge.org/zhs/%E8%AF%AD%E6%B3%95/%E8%8B%B1%E5%BC%8F%E8%AF%AD%E6%B3%95/subject-complements)；[剑桥词典: give](https://dictionary.cambridge.org/zhs/%E8%AF%8D%E5%85%B8/%E8%8B%B1%E8%AF%AD/give)、[make](https://dictionary.cambridge.org/zhs/%E8%AF%8D%E5%85%B8/%E8%8B%B1%E8%AF%AD/make)、[fall](https://dictionary.cambridge.org/zhs/%E8%AF%8D%E5%85%B8/%E8%8B%B1%E8%AF%AD/fall)；[Oxford Learner's: give](https://www.oxfordlearnersdictionaries.com/definition/english/give_1)、[make](https://www.oxfordlearnersdictionaries.com/definition/english/make_1)、[fall](https://www.oxfordlearnersdictionaries.com/definition/english/fall_1)、[taste](https://www.oxfordlearnersdictionaries.com/definition/english/taste_2)、[smell](https://www.oxfordlearnersdictionaries.com/definition/english/smell_1)、[sound](https://www.oxfordlearnersdictionaries.com/definition/english/sound_2)、[look](https://www.oxfordlearnersdictionaries.com/definition/english/look_1)。
改后：用法依据：[剑桥语法：Objects](https://dictionary.cambridge.org/zhs/%E8%AF%AD%E6%B3%95/%E8%8B%B1%E5%BC%8F%E8%AF%AD%E6%B3%95/objects)、[Complements](https://dictionary.cambridge.org/zhs/%E8%AF%AD%E6%B3%95/%E8%8B%B1%E5%BC%8F%E8%AF%AD%E6%B3%95/complements)、[Subject complements](https://dictionary.cambridge.org/zhs/%E8%AF%AD%E6%B3%95/%E8%8B%B1%E5%BC%8F%E8%AF%AD%E6%B3%95/subject-complements)；[剑桥词典：give](https://dictionary.cambridge.org/zhs/%E8%AF%8D%E5%85%B8/%E8%8B%B1%E8%AF%AD/give)、[make](https://dictionary.cambridge.org/zhs/%E8%AF%8D%E5%85%B8/%E8%8B%B1%E8%AF%AD/make)、[fall](https://dictionary.cambridge.org/zhs/%E8%AF%8D%E5%85%B8/%E8%8B%B1%E8%AF%AD/fall)；[Oxford Learner's: give](https://www.oxfordlearnersdictionaries.com/definition/english/give_1)、[make](https://www.oxfordlearnersdictionaries.com/definition/english/make_1)、[fall](https://www.oxfordlearnersdictionaries.com/definition/english/fall_1)、[taste](https://www.oxfordlearnersdictionaries.com/definition/english/taste_2)、[smell](https://www.oxfordlearnersdictionaries.com/definition/english/smell_1)、[sound](https://www.oxfordlearnersdictionaries.com/definition/english/sound_2)、[look](https://www.oxfordlearnersdictionaries.com/definition/english/look_1)。

## parts/30-simple-sentence.md:69
原文：**按用途，句子分成四类：陈述句、疑问句、祈使句、感叹句。** 英语主要靠语序区分它们。剑桥语法给出的四种结构是：陈述句"主语 + 动词"，疑问句"助动词 + 主语 + 动词"，祈使句"动词开头"，感叹句"what 或 how 开头，后面仍是主语 + 动词"。
改后：**按用途，句子分成四类：陈述句、疑问句、祈使句、感叹句。** 英语主要靠语序区分它们。剑桥语法给出的四种结构是：陈述句“主语 + 动词”，疑问句“助动词 + 主语 + 动词”，祈使句“动词开头”，感叹句"what 或 how 开头，后面仍是主语 + 动词"。

## parts/30-simple-sentence.md:86
原文：| 选择疑问句 | or 的意思是"引出另一种可能"，所以用它把两个选项摆出来让对方挑 | Do you want a red apple **or** a green one? 你要红苹果还是青苹果？ |
改后：| 选择疑问句 | or 的意思是“引出另一种可能”，所以用它把两个选项摆出来让对方挑 | Do you want a red apple **or** a green one? 你要红苹果还是青苹果？ |

## parts/30-simple-sentence.md:89
原文：**句子里没有助动词时，为什么要加 do？** do 的本义是"做、执行"，etymonline 的释义是"用任何方式把事情做成"，也就是说，什么动作都可以用 do 来概括。所以当句子里只有 eat、like 这样的实义动词、没有能挪到前面的助动词时，英语就请 do 出来，替这个动作承担"提问""否定"和时态的标记，实义动词回到原形。牛津给 do 作助动词的第一个义项就是"用在实义动词前构成否定句和疑问句"，比如 Does she speak French?（她会说法语吗？）。do 能代替任何动词，这一点在答话里看得更清楚：'I love peaches.' 'So do I.'（"我喜欢桃子。""我也是。"）这里的 do 代替了 love。
改后：**句子里没有助动词时，为什么要加 do？** do 的本义是“做、执行”，etymonline 的释义是“用任何方式把事情做成”，也就是说，什么动作都可以用 do 来概括。所以当句子里只有 eat、like 这样的实义动词、没有能挪到前面的助动词时，英语就请 do 出来，替这个动作承担“提问”“否定”和时态的标记，实义动词回到原形。牛津给 do 作助动词的第一个义项就是“用在实义动词前构成否定句和疑问句”，比如 Does she speak French?（她会说法语吗？）。do 能代替任何动词，这一点在答话里看得更清楚：'I love peaches.' 'So do I.'（“我喜欢桃子。”“我也是。”）这里的 do 代替了 love。

## parts/30-simple-sentence.md:103
原文：**祈使句是对着听话的人直接说的，所以通常不写主语，用动词原形开头。** 剑桥语法的解释是：说话人明白，这个动作的主语就是听话的人。祈使句的英文名称 imperative 本义就是"下命令"。
改后：**祈使句是对着听话的人直接说的，所以通常不写主语，用动词原形开头。** 剑桥语法的解释是：说话人明白，这个动作的主语就是听话的人。祈使句的英文名称 imperative 本义就是“下命令”。

## parts/30-simple-sentence.md:107
原文：| 肯定 | 主语就是"你"，不用说出来 | **Pick** the red apples first. 先摘红苹果。 |
改后：| 肯定 | 主语就是“你”，不用说出来 | **Pick** the red apples first. 先摘红苹果。 |

## parts/30-simple-sentence.md:109
原文：| 客气的请求 | 剑桥语法提醒，祈使句很直接，一般要加 please、just 让语气缓和。牛津对 please 的释义是"客气地请求或让别人做事" | **Please pass** me an apple. 请递给我一个苹果。 |
改后：| 客气的请求 | 剑桥语法提醒，祈使句很直接，一般要加 please、just 让语气缓和。牛津对 please 的释义是“客气地请求或让别人做事” | **Please pass** me an apple. 请递给我一个苹果。 |

## parts/30-simple-sentence.md:110
原文：| let's 提建议，包括自己 | let 的本义是"放开、允许"，let's 是 let us 的缩写，字面意思是"让我们"。说"让我们去做"，就是提议大家一起做，自己也在里面 | **Let's pick** apples this weekend. 我们这个周末去摘苹果吧。 |
改后：| let's 提建议，包括自己 | let 的本义是“放开、允许”，let's 是 let us 的缩写，字面意思是“让我们”。说“让我们去做”，就是提议大家一起做，自己也在里面 | **Let's pick** apples this weekend. 我们这个周末去摘苹果吧。 |

## parts/30-simple-sentence.md:113
原文：**中考易错点：** let's 的否定是 Let's not + 动词原形，因为要否定的是"去做"这件事，不是"让"：Let's not pick the apples today. 我们今天先别摘苹果了。牛津和剑桥都给了 Let's not 的例句。
改后：**中考易错点：** let's 的否定是 Let's not + 动词原形，因为要否定的是“去做”这件事，不是“让”：Let's not pick the apples today. 我们今天先别摘苹果了。牛津和剑桥都给了 Let's not 的例句。

## parts/30-simple-sentence.md:117
原文：**what 本来问"什么东西"，how 本来问"怎样、多么"。感叹句借用这两个疑问词，不是为了提问，而是强调说话人的感情。** etymonline 记录，what 的感叹用法在最早的英语里就有了，作用是"强调说话人的情绪反应"。
改后：**what 本来问“什么东西”，how 本来问“怎样、多么”。感叹句借用这两个疑问词，不是为了提问，而是强调说话人的感情。** etymonline 记录，what 的感叹用法在最早的英语里就有了，作用是“强调说话人的情绪反应”。

## parts/30-simple-sentence.md:124
原文：| What + a/an + 形容词 + 可数名词单数 (+ 主语 + 谓语)! | **What a big apple** (it is)! 好大的一个苹果啊！ |
改后：| What + a/an + 形容词 + 可数名词单数（+ 主语 + 谓语）! | **What a big apple** (it is)! 好大的一个苹果啊！ |

## parts/30-simple-sentence.md:125
原文：| What + 形容词 + 可数名词复数 (+ 主语 + 谓语)! | **What sweet apples** (they are)! 多甜的苹果啊！ |
改后：| What + 形容词 + 可数名词复数（+ 主语 + 谓语）! | **What sweet apples** (they are)! 多甜的苹果啊！ |

## parts/30-simple-sentence.md:126
原文：| What + 形容词 + 不可数名词 (+ 主语 + 谓语)! | **What bad weather** for picking apples! 摘苹果碰上这种天气，真糟糕！ |
改后：| What + 形容词 + 不可数名词（+ 主语 + 谓语）! | **What bad weather** for picking apples! 摘苹果碰上这种天气，真糟糕！ |

## parts/30-simple-sentence.md:127
原文：| How + 形容词 (+ 主语 + 谓语)! | **How sweet** the apple is! 这个苹果真甜啊！<br/>**How sweet!** 真甜！ |
改后：| How + 形容词（+ 主语 + 谓语）! | **How sweet** the apple is! 这个苹果真甜啊！<br/>**How sweet!** 真甜！ |

## parts/30-simple-sentence.md:128
原文：| How + 副词 + 主语 + 谓语! | **How fast** he ate the apple! 他吃苹果吃得真快！ |
改后：| How + 副词 + 主语 + 谓语！ | **How fast** he ate the apple! 他吃苹果吃得真快！ |

## parts/30-simple-sentence.md:130
原文：**判断方法：** 把 what 或 how 后面的部分拿出来看。a big apple 的中心词是名词 apple，是"东西"，用 what；sweet 是形容词，说的是"多么甜"，用 how。
改后：**判断方法：** 把 what 或 how 后面的部分拿出来看。a big apple 的中心词是名词 apple，是“东西”，用 what；sweet 是形容词，说的是“多么甜”，用 how。

## parts/30-simple-sentence.md:134
原文：- 复数名词和不可数名词前面没有 a：What sweet apples!、What bad weather!，不说 What a bad weather!。a 本来就是"一"的意思，是 an 在辅音前脱掉了 n 的形式。说"一个苹果"可以，"一个天气"说不通，牛津也把 weather 标为不可数名词。冠词的详细讲解见第一部分"冠词"。
改后：- 复数名词和不可数名词前面没有 a：What sweet apples!、What bad weather!，不说 What a bad weather!。a 本来就是“一”的意思，是 an 在辅音前脱掉了 n 的形式。说“一个苹果”可以，“一个天气”说不通，牛津也把 weather 标为不可数名词。冠词的详细讲解见第一部分“冠词”。

## parts/30-simple-sentence.md:135
原文：- 感叹句后面的"主语 + 谓语"用陈述语序：How sweet the apple is!，不写成疑问句的 How sweet is the apple?（这个苹果有多甜？）。感叹句不是在提问，所以不挪动动词。
改后：- 感叹句后面的“主语 + 谓语”用陈述语序：How sweet the apple is!，不写成疑问句的 How sweet is the apple?（这个苹果有多甜？）。感叹句不是在提问，所以不挪动动词。

## parts/30-simple-sentence.md:137
原文：用法依据：[剑桥语法: Sentences](https://dictionary.cambridge.org/zhs/%E8%AF%AD%E6%B3%95/%E8%8B%B1%E5%BC%8F%E8%AF%AD%E6%B3%95/sentence-types)、[Questions](https://dictionary.cambridge.org/zhs/%E8%AF%AD%E6%B3%95/%E8%8B%B1%E5%BC%8F%E8%AF%AD%E6%B3%95/questions)、[yes-no questions](https://dictionary.cambridge.org/zhs/%E8%AF%AD%E6%B3%95/%E8%8B%B1%E5%BC%8F%E8%AF%AD%E6%B3%95/yes-no-questions)、[wh- questions](https://dictionary.cambridge.org/zhs/%E8%AF%AD%E6%B3%95/%E8%8B%B1%E5%BC%8F%E8%AF%AD%E6%B3%95/wh-questions)、[Imperative clauses](https://dictionary.cambridge.org/zhs/%E8%AF%AD%E6%B3%95/%E8%8B%B1%E5%BC%8F%E8%AF%AD%E6%B3%95/imperative-clauses)、[Exclamations](https://dictionary.cambridge.org/zhs/%E8%AF%AD%E6%B3%95/%E8%8B%B1%E5%BC%8F%E8%AF%AD%E6%B3%95/exclamations)；[剑桥词典: do](https://dictionary.cambridge.org/zhs/%E8%AF%8D%E5%85%B8/%E8%8B%B1%E8%AF%AD/do)、[what](https://dictionary.cambridge.org/zhs/%E8%AF%8D%E5%85%B8/%E8%8B%B1%E8%AF%AD/what)、[how](https://dictionary.cambridge.org/zhs/%E8%AF%8D%E5%85%B8/%E8%8B%B1%E8%AF%AD/how)、[let](https://dictionary.cambridge.org/zhs/%E8%AF%8D%E5%85%B8/%E8%8B%B1%E8%AF%AD/let)；[Oxford Learner's: do (auxiliary)](https://www.oxfordlearnersdictionaries.com/definition/english/do_2)、[or](https://www.oxfordlearnersdictionaries.com/definition/english/or)、[who](https://www.oxfordlearnersdictionaries.com/definition/english/who)、[please](https://www.oxfordlearnersdictionaries.com/definition/english/please_1)、[let](https://www.oxfordlearnersdictionaries.com/definition/english/let_1)、[let's](https://www.oxfordlearnersdictionaries.com/definition/english/let-s)、[what](https://www.oxfordlearnersdictionaries.com/definition/english/what)、[how](https://www.oxfordlearnersdictionaries.com/definition/english/how)、[weather](https://www.oxfordlearnersdictionaries.com/definition/english/weather_1)。
改后：用法依据：[剑桥语法：Sentences](https://dictionary.cambridge.org/zhs/%E8%AF%AD%E6%B3%95/%E8%8B%B1%E5%BC%8F%E8%AF%AD%E6%B3%95/sentence-types)、[Questions](https://dictionary.cambridge.org/zhs/%E8%AF%AD%E6%B3%95/%E8%8B%B1%E5%BC%8F%E8%AF%AD%E6%B3%95/questions)、[yes-no questions](https://dictionary.cambridge.org/zhs/%E8%AF%AD%E6%B3%95/%E8%8B%B1%E5%BC%8F%E8%AF%AD%E6%B3%95/yes-no-questions)、[wh- questions](https://dictionary.cambridge.org/zhs/%E8%AF%AD%E6%B3%95/%E8%8B%B1%E5%BC%8F%E8%AF%AD%E6%B3%95/wh-questions)、[Imperative clauses](https://dictionary.cambridge.org/zhs/%E8%AF%AD%E6%B3%95/%E8%8B%B1%E5%BC%8F%E8%AF%AD%E6%B3%95/imperative-clauses)、[Exclamations](https://dictionary.cambridge.org/zhs/%E8%AF%AD%E6%B3%95/%E8%8B%B1%E5%BC%8F%E8%AF%AD%E6%B3%95/exclamations)；[剑桥词典：do](https://dictionary.cambridge.org/zhs/%E8%AF%8D%E5%85%B8/%E8%8B%B1%E8%AF%AD/do)、[what](https://dictionary.cambridge.org/zhs/%E8%AF%8D%E5%85%B8/%E8%8B%B1%E8%AF%AD/what)、[how](https://dictionary.cambridge.org/zhs/%E8%AF%8D%E5%85%B8/%E8%8B%B1%E8%AF%AD/how)、[let](https://dictionary.cambridge.org/zhs/%E8%AF%8D%E5%85%B8/%E8%8B%B1%E8%AF%AD/let)；[Oxford Learner's: do (auxiliary)](https://www.oxfordlearnersdictionaries.com/definition/english/do_2)、[or](https://www.oxfordlearnersdictionaries.com/definition/english/or)、[who](https://www.oxfordlearnersdictionaries.com/definition/english/who)、[please](https://www.oxfordlearnersdictionaries.com/definition/english/please_1)、[let](https://www.oxfordlearnersdictionaries.com/definition/english/let_1)、[let's](https://www.oxfordlearnersdictionaries.com/definition/english/let-s)、[what](https://www.oxfordlearnersdictionaries.com/definition/english/what)、[how](https://www.oxfordlearnersdictionaries.com/definition/english/how)、[weather](https://www.oxfordlearnersdictionaries.com/definition/english/weather_1)。

## parts/30-simple-sentence.md:145
原文：**简短问句的构成：陈述句里的 be、助动词或情态动词，加上代词作主语。** 这和一般疑问句的道理一样：英语提问靠挪动助动词，简短问句就是一个只剩"助动词 + 主语"的最短的问句。
改后：**简短问句的构成：陈述句里的 be、助动词或情态动词，加上代词作主语。** 这和一般疑问句的道理一样：英语提问靠挪动助动词，简短问句就是一个只剩“助动词 + 主语”的最短的问句。

## parts/30-simple-sentence.md:160
原文：| I am | 牛津给 aren't 列了一个义项："用在问句里，表示 am not"，例句是 Aren't I clever?（我是不是很聪明？）。这是英语的实际说法，剑桥语法也写明 I am 的否定简短问句用 aren't I | I'm late for apple picking again, **aren't I**? 我摘苹果又迟到了，是吧？ |
改后：| I am | 牛津给 aren't 列了一个义项：“用在问句里，表示 am not”，例句是 Aren't I clever?（我是不是很聪明？）。这是英语的实际说法，剑桥语法也写明 I am 的否定简短问句用 aren't I | I'm late for apple picking again, **aren't I**? 我摘苹果又迟到了，是吧？ |

## parts/30-simple-sentence.md:161
原文：| 句中有 never | never 由表示"不"的成分和 ever（任何时候）合成，本义是"任何时候都不"，牛津的释义是 not at any time。它本身就是否定，所以前半句已经是否定句，后面用肯定 | The apples here are **never** cheap, **are they**? 这里的苹果从来不便宜，是吧？ |
改后：| 句中有 never | never 由表示“不”的成分和 ever（任何时候）合成，本义是“任何时候都不”，牛津的释义是 not at any time。它本身就是否定，所以前半句已经是否定句，后面用肯定 | The apples here are **never** cheap, **are they**? 这里的苹果从来不便宜，是吧？ |

## parts/30-simple-sentence.md:163
原文：| 祈使句 | 牛津给情态动词 will 列的义项里有"用来请别人做事"：Will you send this letter for me, please?（你能帮我寄这封信吗？）。祈使句后面加 will you，就是把命令变成"你愿意这样做吗"的请求，所以肯定、否定祈使句后面都用 will you。剑桥语法说这样能让祈使句不那么生硬 | Pass me an apple, **will you**? 递给我一个苹果，好吗？<br/>Don't eat the green apples, **will you**? 别吃那些青苹果，好吗？ |
改后：| 祈使句 | 牛津给情态动词 will 列的义项里有“用来请别人做事”：Will you send this letter for me, please?（你能帮我寄这封信吗？）。祈使句后面加 will you，就是把命令变成“你愿意这样做吗”的请求，所以肯定、否定祈使句后面都用 will you。剑桥语法说这样能让祈使句不那么生硬 | Pass me an apple, **will you**? 递给我一个苹果，好吗？<br/>Don't eat the green apples, **will you**? 别吃那些青苹果，好吗？ |

## parts/30-simple-sentence.md:164
原文：| Let's 开头 | shall 的本义是"我欠着、我应当"。牛津的释义是：和 I、we 一起用在问句里，提出建议、征求意见，例句正是 Let's look at it again, shall we?（我们再看一遍，好吗？）。let's 的提议包括说话人自己，所以用 shall we 问"我们要不要这样做" | Let's pick apples this afternoon, **shall we**? 我们今天下午去摘苹果，好吗？ |
改后：| Let's 开头 | shall 的本义是“我欠着、我应当”。牛津的释义是：和 I、we 一起用在问句里，提出建议、征求意见，例句正是 Let's look at it again, shall we?（我们再看一遍，好吗？）。let's 的提议包括说话人自己，所以用 shall we 问“我们要不要这样做” | Let's pick apples this afternoon, **shall we**? 我们今天下午去摘苹果，好吗？ |

## parts/30-simple-sentence.md:166
原文：**怎么回答：yes 和 no 跟着事实走，不跟着对方的说法走。** 牛津对 yes 有一个义项是"用来反驳别人刚说的否定的话"，例句是 'I've never met her before.' 'Yes, you have.'（"我以前从没见过她。""不，你见过。"）；对 no 的例句是 'It's not very good, is it?' 'No, you're right, it isn't.'（"这不太好，是吧？""对，你说得对，是不太好。"）。可见英语里 yes 表示"肯定的那件事是真的"，no 表示"不是那样"，和对方怎么问无关。
改后：**怎么回答：yes 和 no 跟着事实走，不跟着对方的说法走。** 牛津对 yes 有一个义项是“用来反驳别人刚说的否定的话”，例句是 'I've never met her before.' 'Yes, you have.'（“我以前从没见过她。”“不，你见过。”）；对 no 的例句是 'It's not very good, is it?' 'No, you're right, it isn't.'（“这不太好，是吧？”“对，你说得对，是不太好。”）。可见英语里 yes 表示“肯定的那件事是真的”，no 表示“不是那样”，和对方怎么问无关。

## parts/30-simple-sentence.md:176
原文：**中考易错点：** 回答否定的反意疑问句时，中文说"对"，英文却用 No。只看事实：不喜欢就是 No, I don't。
改后：**中考易错点：** 回答否定的反意疑问句时，中文说“对”，英文却用 No。只看事实：不喜欢就是 No, I don't。

## parts/30-simple-sentence.md:178
原文：用法依据：[剑桥语法: Tags](https://dictionary.cambridge.org/zhs/%E8%AF%AD%E6%B3%95/%E8%8B%B1%E5%BC%8F%E8%AF%AD%E6%B3%95/question-tags)、[Imperative clauses](https://dictionary.cambridge.org/zhs/%E8%AF%AD%E6%B3%95/%E8%8B%B1%E5%BC%8F%E8%AF%AD%E6%B3%95/imperative-clauses)；[Oxford Learner's: question tag](https://www.oxfordlearnersdictionaries.com/definition/english/question-tag)、[aren't](https://www.oxfordlearnersdictionaries.com/definition/english/aren-t)、[never](https://www.oxfordlearnersdictionaries.com/definition/english/never_1)、[used to](https://www.oxfordlearnersdictionaries.com/definition/english/used-to)、[will (modal)](https://www.oxfordlearnersdictionaries.com/definition/english/will_3)、[shall](https://www.oxfordlearnersdictionaries.com/definition/english/shall)、[yes](https://www.oxfordlearnersdictionaries.com/definition/english/yes_1)、[no](https://www.oxfordlearnersdictionaries.com/definition/english/no_1)、[do (auxiliary)](https://www.oxfordlearnersdictionaries.com/definition/english/do_2)。
改后：用法依据：[剑桥语法：Tags](https://dictionary.cambridge.org/zhs/%E8%AF%AD%E6%B3%95/%E8%8B%B1%E5%BC%8F%E8%AF%AD%E6%B3%95/question-tags)、[Imperative clauses](https://dictionary.cambridge.org/zhs/%E8%AF%AD%E6%B3%95/%E8%8B%B1%E5%BC%8F%E8%AF%AD%E6%B3%95/imperative-clauses)；[Oxford Learner's: question tag](https://www.oxfordlearnersdictionaries.com/definition/english/question-tag)、[aren't](https://www.oxfordlearnersdictionaries.com/definition/english/aren-t)、[never](https://www.oxfordlearnersdictionaries.com/definition/english/never_1)、[used to](https://www.oxfordlearnersdictionaries.com/definition/english/used-to)、[will (modal)](https://www.oxfordlearnersdictionaries.com/definition/english/will_3)、[shall](https://www.oxfordlearnersdictionaries.com/definition/english/shall)、[yes](https://www.oxfordlearnersdictionaries.com/definition/english/yes_1)、[no](https://www.oxfordlearnersdictionaries.com/definition/english/no_1)、[do (auxiliary)](https://www.oxfordlearnersdictionaries.com/definition/english/do_2)。

## parts/30-simple-sentence.md:184
原文：**英语的谓语动词要跟主语在人称和单复数上对上号。** 剑桥语法的说法是：主语的人称和单复数决定动词的人称和单复数。主语是第三人称单数，一般现在时的动词加 -s，be 用 is；主语是复数，动词用原形，be 用 are。这条规则本身没有词源可推，是英语在动词上标出"谁在做"的办法。
改后：**英语的谓语动词要跟主语在人称和单复数上对上号。** 剑桥语法的说法是：主语的人称和单复数决定动词的人称和单复数。主语是第三人称单数，一般现在时的动词加 -s，be 用 is；主语是复数，动词用原形，be 用 are。这条规则本身没有词源可推，是英语在动词上标出“谁在做”的办法。

## parts/30-simple-sentence.md:186
原文：判断单复数的关键，是看主语这个词本身的意思是"一个"还是"几个"。下表每一行都从主语的本义或词典义项推出来：
改后：判断单复数的关键，是看主语这个词本身的意思是“一个”还是“几个”。下表每一行都从主语的本义或词典义项推出来：

## parts/30-simple-sentence.md:192
原文：| every + 名词 | every 由 ever 和 each 合成，etymonline 的释义是"群体中的每一个，一个一个地看"。它看的是群体里一个一个的成员，所以后面接单数名词、单数动词 | 单数 | Every apple in the basket **is** red. 篮子里的每个苹果都是红的。 |
改后：| every + 名词 | every 由 ever 和 each 合成，etymonline 的释义是“群体中的每一个，一个一个地看”。它看的是群体里一个一个的成员，所以后面接单数名词、单数动词 | 单数 | Every apple in the basket **is** red. 篮子里的每个苹果都是红的。 |

## parts/30-simple-sentence.md:193
原文：| each of + 复数名词 | each 的字面意思是"个个一样"，牛津的释义是"群体中的每一个，分开来看"。句子的主语是 each，一个一个地看，所以动词一般用单数 | 通常用单数 | Each of the apples **is** fresh. 每个苹果都很新鲜。 |
改后：| each of + 复数名词 | each 的字面意思是“个个一样”，牛津的释义是“群体中的每一个，分开来看”。句子的主语是 each，一个一个地看，所以动词一般用单数 | 通常用单数 | Each of the apples **is** fresh. 每个苹果都很新鲜。 |

## parts/30-simple-sentence.md:194
原文：| 复数主语后面跟 each | 这时主语是 they，each 只是补充说明"每人"，所以动词跟着 they 用复数。牛津的例句是 They each have their own email address（他们每人都有自己的邮箱） | 复数 | They each **have** an apple. 他们每人有一个苹果。 |
改后：| 复数主语后面跟 each | 这时主语是 they，each 只是补充说明“每人”，所以动词跟着 they 用复数。牛津的例句是 They each have their own email address（他们每人都有自己的邮箱） | 复数 | They each **have** an apple. 他们每人有一个苹果。 |

## parts/30-simple-sentence.md:195
原文：| everyone、everybody、everything | everyone 就是 every + one，字面是"每一个人"，仍是一个一个地看 | 单数 | Everyone **likes** apples. 人人都喜欢苹果。<br/>Everything at the market **looks** fresh. 市场上的东西看起来都很新鲜。 |
改后：| everyone、everybody、everything | everyone 就是 every + one，字面是“每一个人”，仍是一个一个地看 | 单数 | Everyone **likes** apples. 人人都喜欢苹果。<br/>Everything at the market **looks** fresh. 市场上的东西看起来都很新鲜。 |

## parts/30-simple-sentence.md:196
原文：| news | news 本来是 new 的复数，意思是"新的事情"。从 16 世纪起，英语就把它当成单数用了，牛津标为不可数名词。结尾的 -s 是历史留下的，现在不表示复数 | 单数 | The news **is** good: apples are cheap this week. 好消息：这周苹果便宜。 |
改后：| news | news 本来是 new 的复数，意思是“新的事情”。从 16 世纪起，英语就把它当成单数用了，牛津标为不可数名词。结尾的 -s 是历史留下的，现在不表示复数 | 单数 | The news **is** good: apples are cheap this week. 好消息：这周苹果便宜。 |

## parts/30-simple-sentence.md:198
原文：| people | people 的意思是"人们、男人女人和孩子"，说的本来就是很多人，牛津标为复数 | 复数 | People **are** picking apples on the farm. 人们正在农场摘苹果。 |
改后：| people | people 的意思是“人们、男人女人和孩子”，说的本来就是很多人，牛津标为复数 | 复数 | People **are** picking apples on the farm. 人们正在农场摘苹果。 |

## parts/30-simple-sentence.md:199
原文：| police | police 本来指"对一个社会的管理"，后来指维持秩序的力量，现在牛津和剑桥都把它解释为"这个机构里的人"，牛津标为复数 | 复数 | The police **are** looking for the apple thief. 警察正在找偷苹果的人。 |
改后：| police | police 本来指“对一个社会的管理”，后来指维持秩序的力量，现在牛津和剑桥都把它解释为“这个机构里的人”，牛津标为复数 | 复数 | The police **are** looking for the apple thief. 警察正在找偷苹果的人。 |

## parts/30-simple-sentence.md:200
原文：| a number of + 复数名词 | number 本义是"总数、数量"。a number of 在牛津的解释里等于 some（一些），剑桥解释为"几个、好几个"。它只是修饰后面的名词，真正的主语是 students | 复数 | A number of students **are** picking apples. 一些学生正在摘苹果。 |
改后：| a number of + 复数名词 | number 本义是“总数、数量”。a number of 在牛津的解释里等于 some（一些），剑桥解释为“几个、好几个”。它只是修饰后面的名词，真正的主语是 students | 复数 | A number of students **are** picking apples. 一些学生正在摘苹果。 |

## parts/30-simple-sentence.md:201
原文：| the number of + 复数名词 | 这里 number 用的是本义"数量"，主语就是"那个数量"，只有一个 | 单数 | The number of apple trees **has** doubled. 苹果树的数量翻了一番。 |
改后：| the number of + 复数名词 | 这里 number 用的是本义“数量”，主语就是“那个数量”，只有一个 | 单数 | The number of apple trees **has** doubled. 苹果树的数量翻了一番。 |

## parts/30-simple-sentence.md:202
原文：| both、both … and … | both 的意思是"两个都、这两个" | 复数 | Both apples **are** sweet. 两个苹果都很甜。 |
改后：| both、both … and … | both 的意思是“两个都、这两个” | 复数 | Both apples **are** sweet. 两个苹果都很甜。 |

## parts/30-simple-sentence.md:203
原文：| neither of + 复数名词 | neither 由"不"和"两个中的哪一个"合成，本义是"两个中哪一个都不"。它一次看一个，所以正式用单数；牛津和剑桥都说，口语里常用复数 | 正式用单数，口语里常用复数 | Neither of the apples **is** ripe. 两个苹果都没熟。 |
改后：| neither of + 复数名词 | neither 由“不”和“两个中的哪一个”合成，本义是“两个中哪一个都不”。它一次看一个，所以正式用单数；牛津和剑桥都说，口语里常用复数 | 正式用单数，口语里常用复数 | Neither of the apples **is** ripe. 两个苹果都没熟。 |

## parts/30-simple-sentence.md:204
原文：| neither … nor …、either … or … 连接两个单数名词 | nor 是"而且不"。牛津的说明是：连接两个单数名词时，单数、复数动词都可以，复数更口语 | 单数、复数都可以，复数更口语 | Neither Tom nor Lily **likes** green apples. 汤姆和莉莉都不喜欢青苹果。 |
改后：| neither … nor …、either … or … 连接两个单数名词 | nor 是“而且不”。牛津的说明是：连接两个单数名词时，单数、复数动词都可以，复数更口语 | 单数、复数都可以，复数更口语 | Neither Tom nor Lily **likes** green apples. 汤姆和莉莉都不喜欢青苹果。 |

## parts/30-simple-sentence.md:205
原文：| team、audience 这类集体名词 | 剑桥语法说，这类词看成一个整体用单数，看成一个个成员用复数；牛津给 team 标的是"可接单数或复数动词" | 两种都可以 | Our team **is** small. 我们队人不多。<br/>The team **are** all picking apples. 队员们都在摘苹果。 |
改后：| team、audience 这类集体名词 | 剑桥语法说，这类词看成一个整体用单数，看成一个个成员用复数；牛津给 team 标的是“可接单数或复数动词” | 两种都可以 | Our team **is** small. 我们队人不多。<br/>The team **are** all picking apples. 队员们都在摘苹果。 |

## parts/30-simple-sentence.md:207
原文：**中考易错点：** 找准真正的主语。Each of the apples is fresh 里，离动词最近的是 apples，但主语是 each，所以用 is。people 本身的意思就是"很多人"，不说 people is。each 和 every 的区别见第一部分"不定代词：each 与 every"。
改后：**中考易错点：** 找准真正的主语。Each of the apples is fresh 里，离动词最近的是 apples，但主语是 each，所以用 is。people 本身的意思就是“很多人”，不说 people is。each 和 every 的区别见第一部分“不定代词：each 与 every”。

## parts/30-simple-sentence.md:209
原文：用法依据：[剑桥语法: Subject–verb agreement](https://dictionary.cambridge.org/zhs/%E8%AF%AD%E6%B3%95/%E8%8B%B1%E5%BC%8F%E8%AF%AD%E6%B3%95/subject-verb-agreement)、[Nouns: singular and plural](https://dictionary.cambridge.org/zhs/%E8%AF%AD%E6%B3%95/%E8%8B%B1%E5%BC%8F%E8%AF%AD%E6%B3%95/nouns-singular-and-plural)、[Everyone, everybody, everything](https://dictionary.cambridge.org/zhs/%E8%AF%AD%E6%B3%95/%E8%8B%B1%E5%BC%8F%E8%AF%AD%E6%B3%95/everyone-everybody-everything-everywhere)、[Neither](https://dictionary.cambridge.org/zhs/%E8%AF%AD%E6%B3%95/%E8%8B%B1%E5%BC%8F%E8%AF%AD%E6%B3%95/neither-nor)、[Both](https://dictionary.cambridge.org/zhs/%E8%AF%AD%E6%B3%95/%E8%8B%B1%E5%BC%8F%E8%AF%AD%E6%B3%95/both)；[剑桥词典: each](https://dictionary.cambridge.org/zhs/%E8%AF%8D%E5%85%B8/%E8%8B%B1%E8%AF%AD/each)、[every](https://dictionary.cambridge.org/zhs/%E8%AF%8D%E5%85%B8/%E8%8B%B1%E8%AF%AD/every)、[people](https://dictionary.cambridge.org/zhs/%E8%AF%8D%E5%85%B8/%E8%8B%B1%E8%AF%AD/people)、[police](https://dictionary.cambridge.org/zhs/%E8%AF%8D%E5%85%B8/%E8%8B%B1%E8%AF%AD/police)、[news](https://dictionary.cambridge.org/zhs/%E8%AF%8D%E5%85%B8/%E8%8B%B1%E8%AF%AD/news)、[number](https://dictionary.cambridge.org/zhs/%E8%AF%8D%E5%85%B8/%E8%8B%B1%E8%AF%AD/number)、[neither](https://dictionary.cambridge.org/zhs/%E8%AF%8D%E5%85%B8/%E8%8B%B1%E8%AF%AD/neither)、[both](https://dictionary.cambridge.org/zhs/%E8%AF%8D%E5%85%B8/%E8%8B%B1%E8%AF%AD/both)；[Oxford Learner's: each](https://www.oxfordlearnersdictionaries.com/definition/english/each)、[every](https://www.oxfordlearnersdictionaries.com/definition/english/every)、[number](https://www.oxfordlearnersdictionaries.com/definition/english/number_1)、[neither](https://www.oxfordlearnersdictionaries.com/definition/english/neither_1)、[both](https://www.oxfordlearnersdictionaries.com/definition/english/both)、[news](https://www.oxfordlearnersdictionaries.com/definition/english/news)、[people](https://www.oxfordlearnersdictionaries.com/definition/english/people_1)、[police](https://www.oxfordlearnersdictionaries.com/definition/english/police_1)、[team](https://www.oxfordlearnersdictionaries.com/definition/english/team_1)。
改后：用法依据：[剑桥语法：Subject–verb agreement](https://dictionary.cambridge.org/zhs/%E8%AF%AD%E6%B3%95/%E8%8B%B1%E5%BC%8F%E8%AF%AD%E6%B3%95/subject-verb-agreement)、[Nouns: singular and plural](https://dictionary.cambridge.org/zhs/%E8%AF%AD%E6%B3%95/%E8%8B%B1%E5%BC%8F%E8%AF%AD%E6%B3%95/nouns-singular-and-plural)、[Everyone, everybody, everything](https://dictionary.cambridge.org/zhs/%E8%AF%AD%E6%B3%95/%E8%8B%B1%E5%BC%8F%E8%AF%AD%E6%B3%95/everyone-everybody-everything-everywhere)、[Neither](https://dictionary.cambridge.org/zhs/%E8%AF%AD%E6%B3%95/%E8%8B%B1%E5%BC%8F%E8%AF%AD%E6%B3%95/neither-nor)、[Both](https://dictionary.cambridge.org/zhs/%E8%AF%AD%E6%B3%95/%E8%8B%B1%E5%BC%8F%E8%AF%AD%E6%B3%95/both)；[剑桥词典：each](https://dictionary.cambridge.org/zhs/%E8%AF%8D%E5%85%B8/%E8%8B%B1%E8%AF%AD/each)、[every](https://dictionary.cambridge.org/zhs/%E8%AF%8D%E5%85%B8/%E8%8B%B1%E8%AF%AD/every)、[people](https://dictionary.cambridge.org/zhs/%E8%AF%8D%E5%85%B8/%E8%8B%B1%E8%AF%AD/people)、[police](https://dictionary.cambridge.org/zhs/%E8%AF%8D%E5%85%B8/%E8%8B%B1%E8%AF%AD/police)、[news](https://dictionary.cambridge.org/zhs/%E8%AF%8D%E5%85%B8/%E8%8B%B1%E8%AF%AD/news)、[number](https://dictionary.cambridge.org/zhs/%E8%AF%8D%E5%85%B8/%E8%8B%B1%E8%AF%AD/number)、[neither](https://dictionary.cambridge.org/zhs/%E8%AF%8D%E5%85%B8/%E8%8B%B1%E8%AF%AD/neither)、[both](https://dictionary.cambridge.org/zhs/%E8%AF%8D%E5%85%B8/%E8%8B%B1%E8%AF%AD/both)；[Oxford Learner's: each](https://www.oxfordlearnersdictionaries.com/definition/english/each)、[every](https://www.oxfordlearnersdictionaries.com/definition/english/every)、[number](https://www.oxfordlearnersdictionaries.com/definition/english/number_1)、[neither](https://www.oxfordlearnersdictionaries.com/definition/english/neither_1)、[both](https://www.oxfordlearnersdictionaries.com/definition/english/both)、[news](https://www.oxfordlearnersdictionaries.com/definition/english/news)、[people](https://www.oxfordlearnersdictionaries.com/definition/english/people_1)、[police](https://www.oxfordlearnersdictionaries.com/definition/english/police_1)、[team](https://www.oxfordlearnersdictionaries.com/definition/english/team_1)。

## parts/30-simple-sentence.md:215
原文：**there 的本义是"在那个地方"，和 the 同一个来源。** 所以 there 最早的用法是指着一个地方说话，比如 It's over there（在那边）。
改后：**there 的本义是“在那个地方”，和 the 同一个来源。** 所以 there 最早的用法是指着一个地方说话，比如 It's over there（在那边）。

## parts/30-simple-sentence.md:217
原文：**从"在那个地方"到"有"：** 指着一个地方说"那儿有……"，是告诉对方某样东西存在。英语很早就把 there 放在句首当语法主语用（etymonline 记录这个用法在最早的英语里就有）。这样用的 there 只负责引出"有某样东西"，不再指具体地点。牛津给 there 单独列了一个义项："用来表示某物存在或某事发生"，和"在那个地方"分开列。剑桥词典的释义是"用来引出句子的主语，尤其在 be 前面"。
改后：**从“在那个地方”到“有”：** 指着一个地方说“那儿有……”，是告诉对方某样东西存在。英语很早就把 there 放在句首当语法主语用（etymonline 记录这个用法在最早的英语里就有）。这样用的 there 只负责引出“有某样东西”，不再指具体地点。牛津给 there 单独列了一个义项：“用来表示某物存在或某事发生”，和“在那个地方”分开列。剑桥词典的释义是“用来引出句子的主语，尤其在 be 前面”。

## parts/30-simple-sentence.md:219
原文：所以 There is an apple on the table 里的 there 不是"那里"，地点是由 on the table 说出来的。剑桥语法把这个 there 叫作"假主语"：它只占住主语的位置，真正存在的东西，也就是真正的主语，在 be 后面。**既然"是"的是后面那个东西，be 的单复数就跟着后面的名词走。**
改后：所以 There is an apple on the table 里的 there 不是“那里”，地点是由 on the table 说出来的。剑桥语法把这个 there 叫作“假主语”：它只占住主语的位置，真正存在的东西，也就是真正的主语，在 be 后面。**既然“是”的是后面那个东西，be 的单复数就跟着后面的名词走。**

## parts/30-simple-sentence.md:232
原文：**中考易错点：** 表示"有"的时候不能用 it 开头，也不能漏掉 there。说 There is an apple on the table，不说 It's an apple on the table（这是一个苹果，在桌上），也不说 Is an apple on the table。剑桥语法说明，英语除了祈使句，每个句子都要有主语，there 正是来占这个位置的；it 指的是已经知道的东西，不能用来介绍新出现的东西。
改后：**中考易错点：** 表示“有”的时候不能用 it 开头，也不能漏掉 there。说 There is an apple on the table，不说 It's an apple on the table（这是一个苹果，在桌上），也不说 Is an apple on the table。剑桥语法说明，英语除了祈使句，每个句子都要有主语，there 正是来占这个位置的；it 指的是已经知道的东西，不能用来介绍新出现的东西。

## parts/30-simple-sentence.md:236
原文：用法依据：[剑桥语法: There is, there's and there are](https://dictionary.cambridge.org/zhs/%E8%AF%AD%E6%B3%95/%E8%8B%B1%E5%BC%8F%E8%AF%AD%E6%B3%95/there-is-there-are)、[Dummy subjects](https://dictionary.cambridge.org/zhs/%E8%AF%AD%E6%B3%95/%E8%8B%B1%E5%BC%8F%E8%AF%AD%E6%B3%95/dummy-subjects)；[剑桥词典: there](https://dictionary.cambridge.org/zhs/%E8%AF%8D%E5%85%B8/%E8%8B%B1%E8%AF%AD/there)；[Oxford Learner's: there](https://www.oxfordlearnersdictionaries.com/definition/english/there_1)。
改后：用法依据：[剑桥语法：There is, there's and there are](https://dictionary.cambridge.org/zhs/%E8%AF%AD%E6%B3%95/%E8%8B%B1%E5%BC%8F%E8%AF%AD%E6%B3%95/there-is-there-are)、[Dummy subjects](https://dictionary.cambridge.org/zhs/%E8%AF%AD%E6%B3%95/%E8%8B%B1%E5%BC%8F%E8%AF%AD%E6%B3%95/dummy-subjects)；[剑桥词典：there](https://dictionary.cambridge.org/zhs/%E8%AF%8D%E5%85%B8/%E8%8B%B1%E8%AF%AD/there)；[Oxford Learner's: there](https://www.oxfordlearnersdictionaries.com/definition/english/there_1)。

## parts/30-simple-sentence.md:242
原文：**被动语态把动作的承受者放到主语的位置。** 语法术语本身就说明了这一点：passive 的本义是"承受、经受"，语法里指"表示受到某个动作影响"；和它相对的 active 本义是"做"。所以主动句的主语是做动作的，被动句的主语是承受动作的。
改后：**被动语态把动作的承受者放到主语的位置。** 语法术语本身就说明了这一点：passive 的本义是“承受、经受”，语法里指“表示受到某个动作影响”；和它相对的 active 本义是“做”。所以主动句的主语是做动作的，被动句的主语是承受动作的。

## parts/30-simple-sentence.md:247
原文：**为什么是 be + 过去分词：** 分词的英文 participle 本义是"分享、兼有"，因为它兼有动词和形容词的性质。过去分词 eaten 像形容词一样，描述主语"被吃了"的状态；be 是把主语和描述拴在一起的纽带。所以被动句的骨架和"主 + 系 + 表"相同：The apple was eaten 就是"苹果处于被吃了的状态"。
改后：**为什么是 be + 过去分词：** 分词的英文 participle 本义是“分享、兼有”，因为它兼有动词和形容词的性质。过去分词 eaten 像形容词一样，描述主语“被吃了”的状态；be 是把主语和描述拴在一起的纽带。所以被动句的骨架和“主 + 系 + 表”相同：The apple was eaten 就是“苹果处于被吃了的状态”。

## parts/30-simple-sentence.md:251
原文：**by 引出做动作的人。** 牛津给 by 列了一个义项："通常用在被动动词后面，说明是谁或什么做了、造成了某事"，例句是 He was knocked down by a bus（他被公共汽车撞倒了）。剑桥语法说，不知道是谁做的、谁做的不重要，或者想把重点放在承受者身上时，常用被动，by 短语也可以不说。
改后：**by 引出做动作的人。** 牛津给 by 列了一个义项：“通常用在被动动词后面，说明是谁或什么做了、造成了某事”，例句是 He was knocked down by a bus（他被公共汽车撞倒了）。剑桥语法说，不知道是谁做的、谁做的不重要，或者想把重点放在承受者身上时，常用被动，by 短语也可以不说。

## parts/30-simple-sentence.md:266
原文：| Mom made me wash the apples. 妈妈让我洗苹果。 | I **was made to wash** the apples. 我被叫去洗苹果。 | 牛津在 make 的"迫使某人做某事"这个义项下，主动形式写作 make somebody do something，被动形式写作 be made to do something，例句是 We were made to work very hard（我们被迫拼命干活）。这是英语的实际说法：变成被动后，后面的动作要带 to |
改后：| Mom made me wash the apples. 妈妈让我洗苹果。 | I **was made to wash** the apples. 我被叫去洗苹果。 | 牛津在 make 的“迫使某人做某事”这个义项下，主动形式写作 make somebody do something，被动形式写作 be made to do something，例句是 We were made to work very hard（我们被迫拼命干活）。这是英语的实际说法：变成被动后，后面的动作要带 to |

## parts/30-simple-sentence.md:270
原文：- 不及物动词没有被动。intransitive 本义是"动作不越到别的东西上"，没有承受者，也就没有东西可以放到主语位置上。所以说 The apple fell（苹果掉了），不说 The apple was fallen。剑桥语法的例子是 The parcel arrived（包裹到了），不说 The parcel was arrived。
改后：- 不及物动词没有被动。intransitive 本义是“动作不越到别的东西上”，没有承受者，也就没有东西可以放到主语位置上。所以说 The apple fell（苹果掉了），不说 The apple was fallen。剑桥语法的例子是 The parcel arrived（包裹到了），不说 The parcel was arrived。

## parts/30-simple-sentence.md:272
原文：- 主语是动作的承受者，才用被动。比如 2024 年河南卷第 60 题：钱是"被需要的"，所以填 was needed。
改后：- 主语是动作的承受者，才用被动。比如 2024 年河南卷第 60 题：钱是“被需要的”，所以填 was needed。

## parts/30-simple-sentence.md:274
原文：用法依据：[剑桥语法: Passive voice](https://dictionary.cambridge.org/zhs/%E8%AF%AD%E6%B3%95/%E8%8B%B1%E5%BC%8F%E8%AF%AD%E6%B3%95/passive-voice)、[Passive: forms](https://dictionary.cambridge.org/zhs/%E8%AF%AD%E6%B3%95/%E8%8B%B1%E5%BC%8F%E8%AF%AD%E6%B3%95/passive-forms)、[Passive: uses](https://dictionary.cambridge.org/zhs/%E8%AF%AD%E6%B3%95/%E8%8B%B1%E5%BC%8F%E8%AF%AD%E6%B3%95/passive-uses)；[剑桥词典: make](https://dictionary.cambridge.org/zhs/%E8%AF%8D%E5%85%B8/%E8%8B%B1%E8%AF%AD/make)、[fall](https://dictionary.cambridge.org/zhs/%E8%AF%8D%E5%85%B8/%E8%8B%B1%E8%AF%AD/fall)；[Oxford Learner's: passive](https://www.oxfordlearnersdictionaries.com/definition/english/passive_2)、[by](https://www.oxfordlearnersdictionaries.com/definition/english/by_1)、[make](https://www.oxfordlearnersdictionaries.com/definition/english/make_1)、[give](https://www.oxfordlearnersdictionaries.com/definition/english/give_1)、[fall](https://www.oxfordlearnersdictionaries.com/definition/english/fall_1)。
改后：用法依据：[剑桥语法：Passive voice](https://dictionary.cambridge.org/zhs/%E8%AF%AD%E6%B3%95/%E8%8B%B1%E5%BC%8F%E8%AF%AD%E6%B3%95/passive-voice)、[Passive: forms](https://dictionary.cambridge.org/zhs/%E8%AF%AD%E6%B3%95/%E8%8B%B1%E5%BC%8F%E8%AF%AD%E6%B3%95/passive-forms)、[Passive: uses](https://dictionary.cambridge.org/zhs/%E8%AF%AD%E6%B3%95/%E8%8B%B1%E5%BC%8F%E8%AF%AD%E6%B3%95/passive-uses)；[剑桥词典：make](https://dictionary.cambridge.org/zhs/%E8%AF%8D%E5%85%B8/%E8%8B%B1%E8%AF%AD/make)、[fall](https://dictionary.cambridge.org/zhs/%E8%AF%8D%E5%85%B8/%E8%8B%B1%E8%AF%AD/fall)；[Oxford Learner's: passive](https://www.oxfordlearnersdictionaries.com/definition/english/passive_2)、[by](https://www.oxfordlearnersdictionaries.com/definition/english/by_1)、[make](https://www.oxfordlearnersdictionaries.com/definition/english/make_1)、[give](https://www.oxfordlearnersdictionaries.com/definition/english/give_1)、[fall](https://www.oxfordlearnersdictionaries.com/definition/english/fall_1)。

## parts/40-compound-sentence.md:5
原文：这一部分的连接词几乎都能从本义推出用法。有一个现象贯穿全篇：who、what、which、when、where、whether 共用同一个词根。etymonline 说明，这个词根本来就兼有两个用途，一是提问，二是接着说明前面提到的东西。所以同一个 when，既能问"什么时候"，也能说"在……的时候"；同一个 who，既能问"谁"，也能指"……的那个人"。下面各节都会用到这一点。
改后：这一部分的连接词几乎都能从本义推出用法。有一个现象贯穿全篇：who、what、which、when、where、whether 共用同一个词根。etymonline 说明，这个词根本来就兼有两个用途，一是提问，二是接着说明前面提到的东西。所以同一个 when，既能问“什么时候”，也能说“在……的时候”；同一个 who，既能问“谁”，也能指“……的那个人”。下面各节都会用到这一点。

## parts/40-compound-sentence.md:13
原文：**并列句是用 and、but、or、so 把两个能各自独立成句的句子连在一起。** 剑桥语法的说法是：并列连词连接的是两个"同一类"的分句，所以两句地位相同，拆开以后各是一个完整的句子。复合句不一样：其中一句是从句，剑桥语法说从句"不能单独成句"，要依附在主句上。
改后：**并列句是用 and、but、or、so 把两个能各自独立成句的句子连在一起。** 剑桥语法的说法是：并列连词连接的是两个“同一类”的分句，所以两句地位相同，拆开以后各是一个完整的句子。复合句不一样：其中一句是从句，剑桥语法说从句“不能单独成句”，要依附在主句上。

## parts/40-compound-sentence.md:27
原文：| **and** | "随后、接着" | 一件事接着一件事，所以能连起先后发生的两件事（剑桥：one part happening after the other）；先后相接的两件事，后一件常是前一件的结果，所以 and 也能表示"于是"（剑桥：as a result） | I washed the apples, **and** Tom ate them. 我洗了苹果，汤姆把它们吃了。 |
改后：| **and** | “随后、接着” | 一件事接着一件事，所以能连起先后发生的两件事（剑桥：one part happening after the other）；先后相接的两件事，后一件常是前一件的结果，所以 and 也能表示“于是”（剑桥：as a result） | I washed the apples, **and** Tom ate them. 我洗了苹果，汤姆把它们吃了。 |

## parts/40-compound-sentence.md:28
原文：| **but** | by（在旁边）+ out（外面），"在外面" | 在外面，就是"不算在里面"，所以有"除了"的意思，今天还说 nothing but（除了……什么都没有）；"除了前面说的，还有不一样的情况"，所以引出和前面不同的话，也就是"但是" | I wanted to pick apples, **but** it rained all day. 我想去摘苹果，可是下了一整天雨。 |
改后：| **but** | by（在旁边）+ out（外面），“在外面” | 在外面，就是“不算在里面”，所以有“除了”的意思，今天还说 nothing but（除了……什么都没有）；“除了前面说的，还有不一样的情况”，所以引出和前面不同的话，也就是“但是” | I wanted to pick apples, **but** it rained all day. 我想去摘苹果，可是下了一整天雨。 |

## parts/40-compound-sentence.md:29
原文：| **or** | 在几个可能里选一个（剑桥：connect different possibilities） | 两个可能里，不是这个就是那个；前面是命令或建议时，"不照做，就是另一种结果"，所以 or 又是"否则"（剑桥：if not） | Eat the apple now, **or** it will go bad. 现在就把苹果吃了，不然它会坏掉。 |
改后：| **or** | 在几个可能里选一个（剑桥：connect different possibilities） | 两个可能里，不是这个就是那个；前面是命令或建议时，“不照做，就是另一种结果”，所以 or 又是“否则”（剑桥：if not） | Eat the apple now, **or** it will go bad. 现在就把苹果吃了，不然它会坏掉。 |

## parts/40-compound-sentence.md:30
原文：| **so** | "这样、如此" | "事情就是这样"，所以接着说由此而来的结果，也就是"所以"（剑桥：and for that reason; therefore） | It rained all day, **so** we didn't pick apples. 下了一整天雨，所以我们没去摘苹果。 |
改后：| **so** | “这样、如此” | “事情就是这样”，所以接着说由此而来的结果，也就是“所以”（剑桥：and for that reason; therefore） | It rained all day, **so** we didn't pick apples. 下了一整天雨，所以我们没去摘苹果。 |

## parts/40-compound-sentence.md:34
原文：**中考易错点：** 语篇填空里，空格前后各是一个完整的句子（各有主语和谓语），中间又没有连词，这个空常常要填并列连词。再按上表的本义选：接着说用 and，情况不同用 but，二选一或"否则"用 or，说结果用 so。
改后：**中考易错点：** 语篇填空里，空格前后各是一个完整的句子（各有主语和谓语），中间又没有连词，这个空常常要填并列连词。再按上表的本义选：接着说用 and，情况不同用 but，二选一或“否则”用 or，说结果用 so。

## parts/40-compound-sentence.md:36
原文：本义依据：[etymonline: and](https://www.etymonline.com/word/and)、[but](https://www.etymonline.com/word/but)、[so](https://www.etymonline.com/word/so)。用法依据：[剑桥英汉词典: and](https://dictionary.cambridge.org/zhs/%E8%AF%8D%E5%85%B8/%E8%8B%B1%E8%AF%AD/and)、[but](https://dictionary.cambridge.org/zhs/%E8%AF%8D%E5%85%B8/%E8%8B%B1%E8%AF%AD/but)、[or](https://dictionary.cambridge.org/zhs/%E8%AF%8D%E5%85%B8/%E8%8B%B1%E8%AF%AD/or)、[so](https://dictionary.cambridge.org/zhs/%E8%AF%8D%E5%85%B8/%E8%8B%B1%E8%AF%AD/so)；[剑桥语法: Clauses](https://dictionary.cambridge.org/zhs/%E8%AF%AD%E6%B3%95/%E8%8B%B1%E5%BC%8F%E8%AF%AD%E6%B3%95/clauses)、[Punctuation](https://dictionary.cambridge.org/zhs/%E8%AF%AD%E6%B3%95/%E8%8B%B1%E5%BC%8F%E8%AF%AD%E6%B3%95/punctuation)。
改后：本义依据：[etymonline: and](https://www.etymonline.com/word/and)、[but](https://www.etymonline.com/word/but)、[so](https://www.etymonline.com/word/so)。用法依据：[剑桥英汉词典：and](https://dictionary.cambridge.org/zhs/%E8%AF%8D%E5%85%B8/%E8%8B%B1%E8%AF%AD/and)、[but](https://dictionary.cambridge.org/zhs/%E8%AF%8D%E5%85%B8/%E8%8B%B1%E8%AF%AD/but)、[or](https://dictionary.cambridge.org/zhs/%E8%AF%8D%E5%85%B8/%E8%8B%B1%E8%AF%AD/or)、[so](https://dictionary.cambridge.org/zhs/%E8%AF%8D%E5%85%B8/%E8%8B%B1%E8%AF%AD/so)；[剑桥语法：Clauses](https://dictionary.cambridge.org/zhs/%E8%AF%AD%E6%B3%95/%E8%8B%B1%E5%BC%8F%E8%AF%AD%E6%B3%95/clauses)、[Punctuation](https://dictionary.cambridge.org/zhs/%E8%AF%AD%E6%B3%95/%E8%8B%B1%E5%BC%8F%E8%AF%AD%E6%B3%95/punctuation)。

## parts/40-compound-sentence.md:45
原文：宾语从句要注意三件事：引导词、语序、时态。三件事都能从"这个从句原来是一句什么话"推出来。
改后：宾语从句要注意三件事：引导词、语序、时态。三件事都能从“这个从句原来是一句什么话”推出来。

## parts/40-compound-sentence.md:51
原文：| 陈述句：Apples are sweet. 苹果是甜的。 | that，可以省略 | that 本义是"那"。etymonline 说，它当连词时本来就是这个"那"，指着后面整句话。I think that apples are sweet 就是"我觉得那件事：苹果是甜的"。that 只起指示作用，不添意思，所以剑桥词典说它"常常可以省略" | I think **(that)** apples are sweet. 我觉得苹果是甜的。 |
改后：| 陈述句：Apples are sweet. 苹果是甜的。 | that，可以省略 | that 本义是“那”。etymonline 说，它当连词时本来就是这个“那”，指着后面整句话。I think that apples are sweet 就是“我觉得那件事：苹果是甜的”。that 只起指示作用，不添意思，所以剑桥词典说它“常常可以省略” | I think **(that)** apples are sweet. 我觉得苹果是甜的。 |

## parts/40-compound-sentence.md:52
原文：| 一般疑问句：Is the apple sweet? 这个苹果甜吗？ | whether 或 if，意思是"是否" | whether 本义是"两个里的哪一个"，一般疑问句的答案正好只有两个：甜，或者不甜，所以用 whether。if 的来源不明，推不出来；剑桥词典给 if 列了一个义项，意思就是 whether，用来引出"有两种可能"的从句 | I wonder **if** the apple is sweet. 我想知道这个苹果甜不甜。 |
改后：| 一般疑问句：Is the apple sweet? 这个苹果甜吗？ | whether 或 if，意思是“是否” | whether 本义是“两个里的哪一个”，一般疑问句的答案正好只有两个：甜，或者不甜，所以用 whether。if 的来源不明，推不出来；剑桥词典给 if 列了一个义项，意思就是 whether，用来引出“有两种可能”的从句 | I wonder **if** the apple is sweet. 我想知道这个苹果甜不甜。 |

## parts/40-compound-sentence.md:55
原文：wonder 的意思是"自己问自己、想知道"（剑桥），想知道的内容本来就是一个问题，所以 wonder 表示"想知道"时，后面接 if、whether 或疑问词。剑桥词典里 wonder 后面接 that 是另一个义项"感到非常惊奇"，属于正式用语，初中用不到。
改后：wonder 的意思是“自己问自己、想知道”（剑桥），想知道的内容本来就是一个问题，所以 wonder 表示“想知道”时，后面接 if、whether 或疑问词。剑桥词典里 wonder 后面接 that 是另一个义项“感到非常惊奇”，属于正式用语，初中用不到。

## parts/40-compound-sentence.md:72
原文：本义依据：[etymonline: that](https://www.etymonline.com/word/that)、[whether](https://www.etymonline.com/word/whether)、[if](https://www.etymonline.com/word/if)。用法依据：[剑桥英汉词典: that](https://dictionary.cambridge.org/zhs/%E8%AF%8D%E5%85%B8/%E8%8B%B1%E8%AF%AD/that)、[if](https://dictionary.cambridge.org/zhs/%E8%AF%8D%E5%85%B8/%E8%8B%B1%E8%AF%AD/if)、[whether](https://dictionary.cambridge.org/zhs/%E8%AF%8D%E5%85%B8/%E8%8B%B1%E8%AF%AD/whether)、[wonder](https://dictionary.cambridge.org/zhs/%E8%AF%8D%E5%85%B8/%E8%8B%B1%E8%AF%AD/wonder)；[剑桥语法: That-clauses](https://dictionary.cambridge.org/zhs/%E8%AF%AD%E6%B3%95/%E8%8B%B1%E5%BC%8F%E8%AF%AD%E6%B3%95/that-clauses)、[Reported speech: indirect speech](https://dictionary.cambridge.org/zhs/%E8%AF%AD%E6%B3%95/%E8%8B%B1%E5%BC%8F%E8%AF%AD%E6%B3%95/reported-speech-indirect-speech)。
改后：本义依据：[etymonline: that](https://www.etymonline.com/word/that)、[whether](https://www.etymonline.com/word/whether)、[if](https://www.etymonline.com/word/if)。用法依据：[剑桥英汉词典：that](https://dictionary.cambridge.org/zhs/%E8%AF%8D%E5%85%B8/%E8%8B%B1%E8%AF%AD/that)、[if](https://dictionary.cambridge.org/zhs/%E8%AF%8D%E5%85%B8/%E8%8B%B1%E8%AF%AD/if)、[whether](https://dictionary.cambridge.org/zhs/%E8%AF%8D%E5%85%B8/%E8%8B%B1%E8%AF%AD/whether)、[wonder](https://dictionary.cambridge.org/zhs/%E8%AF%8D%E5%85%B8/%E8%8B%B1%E8%AF%AD/wonder)；[剑桥语法：That-clauses](https://dictionary.cambridge.org/zhs/%E8%AF%AD%E6%B3%95/%E8%8B%B1%E5%BC%8F%E8%AF%AD%E6%B3%95/that-clauses)、[Reported speech: indirect speech](https://dictionary.cambridge.org/zhs/%E8%AF%AD%E6%B3%95/%E8%8B%B1%E5%BC%8F%E8%AF%AD%E6%B3%95/reported-speech-indirect-speech)。

## parts/40-compound-sentence.md:80
原文：| 主语从句 | 主语的位置，常用 what 引导 | what 本来是问"什么东西"的词；剑桥词典给它列了一个义项 the thing(s) that，也就是"……的东西"。一个词里既有"东西"，又起连接作用 | **What I want** is a sweet apple. 我想要的是一个甜苹果。 |
改后：| 主语从句 | 主语的位置，常用 what 引导 | what 本来是问“什么东西”的词；剑桥词典给它列了一个义项 the thing(s) that，也就是“……的东西”。一个词里既有“东西”，又起连接作用 | **What I want** is a sweet apple. 我想要的是一个甜苹果。 |

## parts/40-compound-sentence.md:83
原文：**中考易错点：** what 自己就含着"东西"，在从句里要当一个成分；that 只是"那"，指着后面整句话，不当成分。What I want 里，what 是 want 的宾语，也就是"我想要的那个东西"，所以不能换成 that。
改后：**中考易错点：** what 自己就含着“东西”，在从句里要当一个成分；that 只是“那”，指着后面整句话，不当成分。What I want 里，what 是 want 的宾语，也就是“我想要的那个东西”，所以不能换成 that。

## parts/40-compound-sentence.md:85
原文：本义依据：[etymonline: what](https://www.etymonline.com/word/what)、[that](https://www.etymonline.com/word/that)。用法依据：[剑桥英汉词典: what](https://dictionary.cambridge.org/zhs/%E8%AF%8D%E5%85%B8/%E8%8B%B1%E8%AF%AD/what)、[that](https://dictionary.cambridge.org/zhs/%E8%AF%8D%E5%85%B8/%E8%8B%B1%E8%AF%AD/that)。
改后：本义依据：[etymonline: what](https://www.etymonline.com/word/what)、[that](https://www.etymonline.com/word/that)。用法依据：[剑桥英汉词典：what](https://dictionary.cambridge.org/zhs/%E8%AF%8D%E5%85%B8/%E8%8B%B1%E8%AF%AD/what)、[that](https://dictionary.cambridge.org/zhs/%E8%AF%8D%E5%85%B8/%E8%8B%B1%E8%AF%AD/that)。

## parts/40-compound-sentence.md:91
原文：- The apple is sweet. 苹果很甜。只说了"苹果"，没说是哪一个。
改后：- The apple is sweet. 苹果很甜。只说了“苹果”，没说是哪一个。

## parts/40-compound-sentence.md:98
原文：| **who** | "什么人" | 问人的词，所以指人，在从句里当主语或宾语 | The boy **who** is picking apples is my brother. 正在摘苹果的那个男孩是我弟弟。 |
改后：| **who** | “什么人” | 问人的词，所以指人，在从句里当主语或宾语 | The boy **who** is picking apples is my brother. 正在摘苹果的那个男孩是我弟弟。 |

## parts/40-compound-sentence.md:99
原文：| **which** | wh-（什么）加上一个表示"形状、样子"的成分（今天 like 的来源），"什么样子的" | 问"哪一种东西"的词。etymonline 记载，早先 which 也能指人；今天剑桥词典说它"通常指物，不指人"，这是后来分工的结果 | The apples **which** Mom bought are very sweet. 妈妈买的苹果很甜。 |
改后：| **which** | wh-（什么）加上一个表示“形状、样子”的成分（今天 like 的来源），“什么样子的” | 问“哪一种东西”的词。etymonline 记载，早先 which 也能指人；今天剑桥词典说它“通常指物，不指人”，这是后来分工的结果 | The apples **which** Mom bought are very sweet. 妈妈买的苹果很甜。 |

## parts/40-compound-sentence.md:100
原文：| **that** | "那" | 指着"那一个"，人和物都能指（剑桥：used for both people and things）。剑桥语法说它比 who、which 口语化 | This is the best apple **(that)** I have ever eaten. 这是我吃过的最好吃的苹果。 |
改后：| **that** | “那” | 指着“那一个”，人和物都能指（剑桥：used for both people and things）。剑桥语法说它比 who、which 口语化 | This is the best apple **(that)** I have ever eaten. 这是我吃过的最好吃的苹果。 |

## parts/40-compound-sentence.md:101
原文：| **whose** | who 的所有格，"谁的" | 问"谁的"的词，所以在从句里后面紧跟一个名词，表示"……的"；剑桥词典说有时也可指物 | I have a friend **whose** parents grow apples. 我有个朋友，他的父母是种苹果的。 |
改后：| **whose** | who 的所有格，“谁的” | 问“谁的”的词，所以在从句里后面紧跟一个名词，表示“……的”；剑桥词典说有时也可指物 | I have a friend **whose** parents grow apples. 我有个朋友，他的父母是种苹果的。 |

## parts/40-compound-sentence.md:102
原文：| **where** | "在什么地方" | 问地点的词，所以在从句里自己就是"在那里"，相当于 at which、in which | This is the farm **where** we picked apples last year. 这就是我们去年摘苹果的农场。 |
改后：| **where** | “在什么地方” | 问地点的词，所以在从句里自己就是“在那里”，相当于 at which、in which | This is the farm **where** we picked apples last year. 这就是我们去年摘苹果的农场。 |

## parts/40-compound-sentence.md:103
原文：| **when** | "在什么时候" | 和问时间的 when 是同一个词，本来就能连接（etymonline：at the time that），所以在从句里自己就是"在那时"，相当于 on which、at which | I still remember the day **when** we first picked apples. 我还记得我们第一次摘苹果的那一天。 |
改后：| **when** | “在什么时候” | 和问时间的 when 是同一个词，本来就能连接（etymonline：at the time that），所以在从句里自己就是“在那时”，相当于 on which、at which | I still remember the day **when** we first picked apples. 我还记得我们第一次摘苹果的那一天。 |

## parts/40-compound-sentence.md:108
原文：2. **最高级和 everything 后面，常用 that。** 这是剑桥语法记录的英语习惯。that 的本义是指定"那一个"，剑桥词典的义项是 used to show what particular thing is being referred to。最高级和 everything 已经把范围说死了，用 that 正好指出就是这一个、就是这些。例子：the best apple that I have ever eaten，everything that happened（发生的一切）。
改后：2. **最高级和 everything 后面，常用 that。** 这是剑桥语法记录的英语习惯。that 的本义是指定“那一个”，剑桥词典的义项是 used to show what particular thing is being referred to。最高级和 everything 已经把范围说死了，用 that 正好指出就是这一个、就是这些。例子：the best apple that I have ever eaten，everything that happened（发生的一切）。

## parts/40-compound-sentence.md:111
原文：**最容易混的一组：where 还是 which。** 先行词是地点，不一定用 where，要看从句里缺什么。where 自己就含着"在那里"，which 只是"那个东西"。
改后：**最容易混的一组：where 还是 which。** 先行词是地点，不一定用 where，要看从句里缺什么。where 自己就含着“在那里”，which 只是“那个东西”。

## parts/40-compound-sentence.md:113
原文：- This is the farm **where** we picked apples. 这就是我们摘苹果的农场。从句 we picked apples 本身完整，缺的是"在那里"，用 where。
改后：- This is the farm **where** we picked apples. 这就是我们摘苹果的农场。从句 we picked apples 本身完整，缺的是“在那里”，用 where。

## parts/40-compound-sentence.md:114
原文：- This is the farm **which** we visited last year. 这就是我们去年参观过的农场。从句 we visited 缺宾语"那个东西"，用 which 或 that。
改后：- This is the farm **which** we visited last year. 这就是我们去年参观过的农场。从句 we visited 缺宾语“那个东西”，用 which 或 that。

## parts/40-compound-sentence.md:119
原文：2. what 不能引导定语从句。what 自己已经含着"东西"，前面再放一个名词 the apple，"东西"就说了两遍。说 the apple which I bought 或 the apple that I bought，不说 the apple what I bought。
改后：2. what 不能引导定语从句。what 自己已经含着“东西”，前面再放一个名词 the apple，“东西”就说了两遍。说 the apple which I bought 或 the apple that I bought，不说 the apple what I bought。

## parts/40-compound-sentence.md:121
原文：本义依据：[etymonline: who](https://www.etymonline.com/word/who)、[which](https://www.etymonline.com/word/which)、[that](https://www.etymonline.com/word/that)、[whose](https://www.etymonline.com/word/whose)、[where](https://www.etymonline.com/word/where)、[when](https://www.etymonline.com/word/when)、[what](https://www.etymonline.com/word/what)。用法依据：[剑桥英汉词典: who](https://dictionary.cambridge.org/zhs/%E8%AF%8D%E5%85%B8/%E8%8B%B1%E8%AF%AD/who)、[which](https://dictionary.cambridge.org/zhs/%E8%AF%8D%E5%85%B8/%E8%8B%B1%E8%AF%AD/which)、[that](https://dictionary.cambridge.org/zhs/%E8%AF%8D%E5%85%B8/%E8%8B%B1%E8%AF%AD/that)、[whose](https://dictionary.cambridge.org/zhs/%E8%AF%8D%E5%85%B8/%E8%8B%B1%E8%AF%AD/whose)、[where](https://dictionary.cambridge.org/zhs/%E8%AF%8D%E5%85%B8/%E8%8B%B1%E8%AF%AD/where)、[when](https://dictionary.cambridge.org/zhs/%E8%AF%8D%E5%85%B8/%E8%8B%B1%E8%AF%AD/when)；[剑桥语法: Relative pronouns](https://dictionary.cambridge.org/zhs/%E8%AF%AD%E6%B3%95/%E8%8B%B1%E5%BC%8F%E8%AF%AD%E6%B3%95/relative-pronouns)、[Relative clauses: defining and non-defining](https://dictionary.cambridge.org/zhs/%E8%AF%AD%E6%B3%95/%E8%8B%B1%E5%BC%8F%E8%AF%AD%E6%B3%95/relative-clauses-defining-and-non-defining)、[Where](https://dictionary.cambridge.org/zhs/%E8%AF%AD%E6%B3%95/%E8%8B%B1%E5%BC%8F%E8%AF%AD%E6%B3%95/where)。
改后：本义依据：[etymonline: who](https://www.etymonline.com/word/who)、[which](https://www.etymonline.com/word/which)、[that](https://www.etymonline.com/word/that)、[whose](https://www.etymonline.com/word/whose)、[where](https://www.etymonline.com/word/where)、[when](https://www.etymonline.com/word/when)、[what](https://www.etymonline.com/word/what)。用法依据：[剑桥英汉词典：who](https://dictionary.cambridge.org/zhs/%E8%AF%8D%E5%85%B8/%E8%8B%B1%E8%AF%AD/who)、[which](https://dictionary.cambridge.org/zhs/%E8%AF%8D%E5%85%B8/%E8%8B%B1%E8%AF%AD/which)、[that](https://dictionary.cambridge.org/zhs/%E8%AF%8D%E5%85%B8/%E8%8B%B1%E8%AF%AD/that)、[whose](https://dictionary.cambridge.org/zhs/%E8%AF%8D%E5%85%B8/%E8%8B%B1%E8%AF%AD/whose)、[where](https://dictionary.cambridge.org/zhs/%E8%AF%8D%E5%85%B8/%E8%8B%B1%E8%AF%AD/where)、[when](https://dictionary.cambridge.org/zhs/%E8%AF%8D%E5%85%B8/%E8%8B%B1%E8%AF%AD/when)；[剑桥语法：Relative pronouns](https://dictionary.cambridge.org/zhs/%E8%AF%AD%E6%B3%95/%E8%8B%B1%E5%BC%8F%E8%AF%AD%E6%B3%95/relative-pronouns)、[Relative clauses: defining and non-defining](https://dictionary.cambridge.org/zhs/%E8%AF%AD%E6%B3%95/%E8%8B%B1%E5%BC%8F%E8%AF%AD%E6%B3%95/relative-clauses-defining-and-non-defining)、[Where](https://dictionary.cambridge.org/zhs/%E8%AF%AD%E6%B3%95/%E8%8B%B1%E5%BC%8F%E8%AF%AD%E6%B3%95/where)。

## parts/40-compound-sentence.md:131
原文：| 时间 | when | "在什么时候" | when 的词根本来就兼有提问和连接两个用途。etymonline 记载，when 当连接词（"在……的时候"，at the time that）的用法在最早的英语里就有，比它当疑问词问"什么时候"还要早。所以它引导时间从句，说的就是"在……的时候" | **When** the apples turned red, we picked them. 苹果变红了，我们就摘了。 |
改后：| 时间 | when | “在什么时候” | when 的词根本来就兼有提问和连接两个用途。etymonline 记载，when 当连接词（“在……的时候”，at the time that）的用法在最早的英语里就有，比它当疑问词问“什么时候”还要早。所以它引导时间从句，说的就是“在……的时候” | **When** the apples turned red, we picked them. 苹果变红了，我们就摘了。 |

## parts/40-compound-sentence.md:132
原文：| | while | 名词"一段时间" | "在……那段时间里"，说的是一段持续的时间，所以常和进行时一起用，两件事同时在进行 | Mom was cooking **while** I was washing the apples. 我洗苹果的时候，妈妈在做饭。 |
改后：| | while | 名词“一段时间” | “在……那段时间里”，说的是一段持续的时间，所以常和进行时一起用，两件事同时在进行 | Mom was cooking **while** I was washing the apples. 我洗苹果的时候，妈妈在做饭。 |

## parts/40-compound-sentence.md:133
原文：| | before、after | before 是 by（在旁边）+ fore（前面），"在前面"；after 是 off（离开）加比较级后缀，"离得更远" | 空间上"在前面""在后面"，用到时间上就是"在……之前""在……之后" | I ate the apple **after** I washed it. 我把苹果洗了以后才吃。 |
改后：| | before、after | before 是 by（在旁边）+ fore（前面），“在前面”；after 是 off（离开）加比较级后缀，“离得更远” | 空间上“在前面”“在后面”，用到时间上就是“在……之前”“在……之后” | I ate the apple **after** I washed it. 我把苹果洗了以后才吃。 |

## parts/40-compound-sentence.md:134
原文：| | until | "一直到" | 状态一直持续，到某个时刻为止。前面是否定时，"不做"的状态一直持续到那一刻，所以 not … until 就是"直到……才"（剑桥：not before a particular time） | We didn't pick the apples **until** they turned red. 我们直到苹果变红了才摘。 |
改后：| | until | “一直到” | 状态一直持续，到某个时刻为止。前面是否定时，“不做”的状态一直持续到那一刻，所以 not … until 就是“直到……才”（剑桥：not before a particular time） | We didn't pick the apples **until** they turned red. 我们直到苹果变红了才摘。 |

## parts/40-compound-sentence.md:135
原文：| | since | "在那之后" | "从那以后一直到现在"，所以后面接过去的一个起点，主句常用现在完成时，见第五部分 | We have picked apples every year **since** we moved here. 自从搬到这里，我们每年都摘苹果。 |
改后：| | since | “在那之后” | “从那以后一直到现在”，所以后面接过去的一个起点，主句常用现在完成时，见第五部分 | We have picked apples every year **since** we moved here. 自从搬到这里，我们每年都摘苹果。 |

## parts/40-compound-sentence.md:136
原文：| 条件 | if | 来源不明，推不出来 | 只能从用法看：剑桥词典说它表示"某件事要在另一件事发生或成立以后才会发生" | **If** the apples are ripe, we can pick them. 如果苹果熟了，我们就可以摘了。 |
改后：| 条件 | if | 来源不明，推不出来 | 只能从用法看：剑桥词典说它表示“某件事要在另一件事发生或成立以后才会发生” | **If** the apples are ripe, we can pick them. 如果苹果熟了，我们就可以摘了。 |

## parts/40-compound-sentence.md:137
原文：| | unless | un- 在这里不是否定前缀，原来是介词 on；less 是"更少"。本义是"在比这更低的条件下都不行"，etymonline 释为 if it be not that | 只有满足这个条件才行，也就是"除非"，相当于 if … not（剑桥：except if） | You can't have an apple **unless** you finish your homework. 除非写完作业，不然你不能吃苹果。 |
改后：| | unless | un- 在这里不是否定前缀，原来是介词 on；less 是“更少”。本义是“在比这更低的条件下都不行”，etymonline 释为 if it be not that | 只有满足这个条件才行，也就是“除非”，相当于 if … not（剑桥：except if） | You can't have an apple **unless** you finish your homework. 除非写完作业，不然你不能吃苹果。 |

## parts/40-compound-sentence.md:138
原文：| 原因 | because | by（由于）+ cause（原因），"由于这个原因" | etymonline 说它起初后面常跟 that，意思是"由于那件事的原因"，所以后面接一个完整的句子。后面只接名词时，要像 the cause of 一样加 of，说成 because of | We didn't pick apples **because** it rained. 因为下雨，我们没去摘苹果。<br/>We didn't pick apples **because of** the rain. 因为这场雨，我们没去摘苹果。 |
改后：| 原因 | because | by（由于）+ cause（原因），“由于这个原因” | etymonline 说它起初后面常跟 that，意思是“由于那件事的原因”，所以后面接一个完整的句子。后面只接名词时，要像 the cause of 一样加 of，说成 because of | We didn't pick apples **because** it rained. 因为下雨，我们没去摘苹果。<br/>We didn't pick apples **because of** the rain. 因为这场雨，我们没去摘苹果。 |

## parts/40-compound-sentence.md:139
原文：| | since、as | since 是"在那之后"；as 是 all + so，"完全这样" | 一件事在另一件事之后发生，常被看作由它引起，etymonline 记载 since 就这样从"从那时起"引申出"由于"。as 的原因义，剑桥词典列为义项 because | **Since** it was raining, we stayed at home. 因为在下雨，我们待在家里。 |
改后：| | since、as | since 是“在那之后”；as 是 all + so，“完全这样” | 一件事在另一件事之后发生，常被看作由它引起，etymonline 记载 since 就这样从“从那时起”引申出“由于”。as 的原因义，剑桥词典列为义项 because | **Since** it was raining, we stayed at home. 因为在下雨，我们待在家里。 |

## parts/40-compound-sentence.md:140
原文：| 结果 | so … that、such … that | so 本义"这样、如此"；such 是 so 加上"形状、样子"，"这样一种的" | so 说程度，"到这样的程度"，所以后面接形容词或副词；such 说"这样一种东西"，所以后面接名词短语。that 指着后面那个结果 | The apple was **so** sour **that** nobody ate it. 这个苹果酸到谁都没吃。<br/>It was **such** a big apple **that** we shared it. 这个苹果太大了，我们分着吃了。 |
改后：| 结果 | so … that、such … that | so 本义“这样、如此”；such 是 so 加上“形状、样子”，“这样一种的” | so 说程度，“到这样的程度”，所以后面接形容词或副词；such 说“这样一种东西”，所以后面接名词短语。that 指着后面那个结果 | The apple was **so** sour **that** nobody ate it. 这个苹果酸到谁都没吃。<br/>It was **such** a big apple **that** we shared it. 这个苹果太大了，我们分着吃了。 |

## parts/40-compound-sentence.md:141
原文：| 目的 | so that | so 本义"这样" | "这样做，好让那件事发生"，所以是目的"以便"（剑桥：in order that）。说的是希望发生、还没发生的事，剑桥语法说从句里常用 can、could、will、would | Mom put the apples in the fridge **so that** they would stay fresh. 妈妈把苹果放进冰箱，好让它们保持新鲜。 |
改后：| 目的 | so that | so 本义“这样” | “这样做，好让那件事发生”，所以是目的“以便”（剑桥：in order that）。说的是希望发生、还没发生的事，剑桥语法说从句里常用 can、could、will、would | Mom put the apples in the fridge **so that** they would stay fresh. 妈妈把苹果放进冰箱，好让它们保持新鲜。 |

## parts/40-compound-sentence.md:142
原文：| 让步 | although、though | though 本义就是"尽管、即使"；although 是 all + though，all 用来加强语气 | etymonline 引 OED 说，到 1400 年左右 although 已经和 though 几乎没有区别 | **Though** it was raining, we went on picking apples. 虽然在下雨，我们还是接着摘苹果。 |
改后：| 让步 | although、though | though 本义就是“尽管、即使”；although 是 all + though，all 用来加强语气 | etymonline 引 OED 说，到 1400 年左右 although 已经和 though 几乎没有区别 | **Though** it was raining, we went on picking apples. 虽然在下雨，我们还是接着摘苹果。 |

## parts/40-compound-sentence.md:143
原文：| 比较 | than、as … as | than 由 then（然后）分化而来；as 是 all + so，"完全这样" | etymonline 推测 bigger than B 最初是"更大，然后才是 B"，所以 than 跟在比较级后面。as … as 是"同样这样……，就像……那样"，所以中间用原级；否定说 not as … as，"没到那样的程度" | I picked **as many** apples **as** I could. 我尽量多摘苹果。<br/>The apples were **not as** expensive **as** I thought. 这些苹果没有我想的那么贵。 |
改后：| 比较 | than、as … as | than 由 then（然后）分化而来；as 是 all + so，“完全这样” | etymonline 推测 bigger than B 最初是“更大，然后才是 B”，所以 than 跟在比较级后面。as … as 是“同样这样……，就像……那样”，所以中间用原级；否定说 not as … as，“没到那样的程度” | I picked **as many** apples **as** I could. 我尽量多摘苹果。<br/>The apples were **not as** expensive **as** I thought. 这些苹果没有我想的那么贵。 |

## parts/40-compound-sentence.md:147
原文：1. so that 和 so … that 只差一个位置。so 和 that 被形容词或副词隔开时，so 说的是这个形容词的程度，"到这样的程度，以致于"，表示结果；so that 连在一起时，so 说的是整件事"这样做"，"好让……"，表示目的。
改后：1. so that 和 so … that 只差一个位置。so 和 that 被形容词或副词隔开时，so 说的是这个形容词的程度，“到这样的程度，以致于”，表示结果；so that 连在一起时，so 说的是整件事“这样做”，“好让……”，表示目的。

## parts/40-compound-sentence.md:148
原文：2. although、though 不和 but 连在一起用。一个句子里有两个分句，只需要一个连接词把它们连起来；although 已经把"尽管"的关系连好了，再加 but 就连了两遍。剑桥语法还提到，although 或 though 分句放在主句后面时，意思本身就接近 but。
改后：2. although、though 不和 but 连在一起用。一个句子里有两个分句，只需要一个连接词把它们连起来；although 已经把“尽管”的关系连好了，再加 but 就连了两遍。剑桥语法还提到，although 或 though 分句放在主句后面时，意思本身就接近 but。

## parts/40-compound-sentence.md:149
原文：3. 时间和条件状语从句说将来的事，用一般现在时，见下一节"主将从现"。
改后：3. 时间和条件状语从句说将来的事，用一般现在时，见下一节“主将从现”。

## parts/40-compound-sentence.md:151
原文：本义依据：[etymonline: when](https://www.etymonline.com/word/when)、[while](https://www.etymonline.com/word/while)、[before](https://www.etymonline.com/word/before)、[after](https://www.etymonline.com/word/after)、[until](https://www.etymonline.com/word/until)、[since](https://www.etymonline.com/word/since)、[if](https://www.etymonline.com/word/if)、[unless](https://www.etymonline.com/word/unless)、[because](https://www.etymonline.com/word/because)、[as](https://www.etymonline.com/word/as)、[so](https://www.etymonline.com/word/so)、[such](https://www.etymonline.com/word/such)、[although](https://www.etymonline.com/word/although)、[though](https://www.etymonline.com/word/though)、[than](https://www.etymonline.com/word/than)。用法依据：[剑桥英汉词典: when](https://dictionary.cambridge.org/zhs/%E8%AF%8D%E5%85%B8/%E8%8B%B1%E8%AF%AD/when)、[while](https://dictionary.cambridge.org/zhs/%E8%AF%8D%E5%85%B8/%E8%8B%B1%E8%AF%AD/while)、[before](https://dictionary.cambridge.org/zhs/%E8%AF%8D%E5%85%B8/%E8%8B%B1%E8%AF%AD/before)、[after](https://dictionary.cambridge.org/zhs/%E8%AF%8D%E5%85%B8/%E8%8B%B1%E8%AF%AD/after)、[until](https://dictionary.cambridge.org/zhs/%E8%AF%8D%E5%85%B8/%E8%8B%B1%E8%AF%AD/until)、[since](https://dictionary.cambridge.org/zhs/%E8%AF%8D%E5%85%B8/%E8%8B%B1%E8%AF%AD/since)、[if](https://dictionary.cambridge.org/zhs/%E8%AF%8D%E5%85%B8/%E8%8B%B1%E8%AF%AD/if)、[unless](https://dictionary.cambridge.org/zhs/%E8%AF%8D%E5%85%B8/%E8%8B%B1%E8%AF%AD/unless)、[because](https://dictionary.cambridge.org/zhs/%E8%AF%8D%E5%85%B8/%E8%8B%B1%E8%AF%AD/because)、[as](https://dictionary.cambridge.org/zhs/%E8%AF%8D%E5%85%B8/%E8%8B%B1%E8%AF%AD/as)、[so](https://dictionary.cambridge.org/zhs/%E8%AF%8D%E5%85%B8/%E8%8B%B1%E8%AF%AD/so)、[such](https://dictionary.cambridge.org/zhs/%E8%AF%8D%E5%85%B8/%E8%8B%B1%E8%AF%AD/such)、[although](https://dictionary.cambridge.org/zhs/%E8%AF%8D%E5%85%B8/%E8%8B%B1%E8%AF%AD/although)、[though](https://dictionary.cambridge.org/zhs/%E8%AF%8D%E5%85%B8/%E8%8B%B1%E8%AF%AD/though)、[than](https://dictionary.cambridge.org/zhs/%E8%AF%8D%E5%85%B8/%E8%8B%B1%E8%AF%AD/than)；[剑桥语法: Until](https://dictionary.cambridge.org/zhs/%E8%AF%AD%E6%B3%95/%E8%8B%B1%E5%BC%8F%E8%AF%AD%E6%B3%95/until)、[Unless](https://dictionary.cambridge.org/zhs/%E8%AF%AD%E6%B3%95/%E8%8B%B1%E5%BC%8F%E8%AF%AD%E6%B3%95/unless)、[So that](https://dictionary.cambridge.org/zhs/%E8%AF%AD%E6%B3%95/%E8%8B%B1%E5%BC%8F%E8%AF%AD%E6%B3%95/so-that)、[Although or though](https://dictionary.cambridge.org/zhs/%E8%AF%AD%E6%B3%95/%E8%8B%B1%E5%BC%8F%E8%AF%AD%E6%B3%95/although-or-though)。
改后：本义依据：[etymonline: when](https://www.etymonline.com/word/when)、[while](https://www.etymonline.com/word/while)、[before](https://www.etymonline.com/word/before)、[after](https://www.etymonline.com/word/after)、[until](https://www.etymonline.com/word/until)、[since](https://www.etymonline.com/word/since)、[if](https://www.etymonline.com/word/if)、[unless](https://www.etymonline.com/word/unless)、[because](https://www.etymonline.com/word/because)、[as](https://www.etymonline.com/word/as)、[so](https://www.etymonline.com/word/so)、[such](https://www.etymonline.com/word/such)、[although](https://www.etymonline.com/word/although)、[though](https://www.etymonline.com/word/though)、[than](https://www.etymonline.com/word/than)。用法依据：[剑桥英汉词典：when](https://dictionary.cambridge.org/zhs/%E8%AF%8D%E5%85%B8/%E8%8B%B1%E8%AF%AD/when)、[while](https://dictionary.cambridge.org/zhs/%E8%AF%8D%E5%85%B8/%E8%8B%B1%E8%AF%AD/while)、[before](https://dictionary.cambridge.org/zhs/%E8%AF%8D%E5%85%B8/%E8%8B%B1%E8%AF%AD/before)、[after](https://dictionary.cambridge.org/zhs/%E8%AF%8D%E5%85%B8/%E8%8B%B1%E8%AF%AD/after)、[until](https://dictionary.cambridge.org/zhs/%E8%AF%8D%E5%85%B8/%E8%8B%B1%E8%AF%AD/until)、[since](https://dictionary.cambridge.org/zhs/%E8%AF%8D%E5%85%B8/%E8%8B%B1%E8%AF%AD/since)、[if](https://dictionary.cambridge.org/zhs/%E8%AF%8D%E5%85%B8/%E8%8B%B1%E8%AF%AD/if)、[unless](https://dictionary.cambridge.org/zhs/%E8%AF%8D%E5%85%B8/%E8%8B%B1%E8%AF%AD/unless)、[because](https://dictionary.cambridge.org/zhs/%E8%AF%8D%E5%85%B8/%E8%8B%B1%E8%AF%AD/because)、[as](https://dictionary.cambridge.org/zhs/%E8%AF%8D%E5%85%B8/%E8%8B%B1%E8%AF%AD/as)、[so](https://dictionary.cambridge.org/zhs/%E8%AF%8D%E5%85%B8/%E8%8B%B1%E8%AF%AD/so)、[such](https://dictionary.cambridge.org/zhs/%E8%AF%8D%E5%85%B8/%E8%8B%B1%E8%AF%AD/such)、[although](https://dictionary.cambridge.org/zhs/%E8%AF%8D%E5%85%B8/%E8%8B%B1%E8%AF%AD/although)、[though](https://dictionary.cambridge.org/zhs/%E8%AF%8D%E5%85%B8/%E8%8B%B1%E8%AF%AD/though)、[than](https://dictionary.cambridge.org/zhs/%E8%AF%8D%E5%85%B8/%E8%8B%B1%E8%AF%AD/than)；[剑桥语法：Until](https://dictionary.cambridge.org/zhs/%E8%AF%AD%E6%B3%95/%E8%8B%B1%E5%BC%8F%E8%AF%AD%E6%B3%95/until)、[Unless](https://dictionary.cambridge.org/zhs/%E8%AF%AD%E6%B3%95/%E8%8B%B1%E5%BC%8F%E8%AF%AD%E6%B3%95/unless)、[So that](https://dictionary.cambridge.org/zhs/%E8%AF%AD%E6%B3%95/%E8%8B%B1%E5%BC%8F%E8%AF%AD%E6%B3%95/so-that)、[Although or though](https://dictionary.cambridge.org/zhs/%E8%AF%AD%E6%B3%95/%E8%8B%B1%E5%BC%8F%E8%AF%AD%E6%B3%95/although-or-though)。

## parts/40-compound-sentence.md:157
原文：这条规律没有词源可推，要从英语说话的方式来理解。剑桥语法讲 if 从句时说：从句设想一个将来的情况，主句说这个情况出现后会有什么结果。will 的本义是"想要"，后来用来说"将要发生"（见第五部分"一般将来时"），它表达的是说话人的预测或打算。在 If it rains tomorrow, we won't pick apples 里，说话人预测的是"不去摘苹果"这个结果；"明天下雨"只是先摆出来的一个情况，不是在预测。when 从句也一样：When the apples are ripe 是先定下一个时间点，再说那时要做什么。所以 will 只放在主句里。
改后：这条规律没有词源可推，要从英语说话的方式来理解。剑桥语法讲 if 从句时说：从句设想一个将来的情况，主句说这个情况出现后会有什么结果。will 的本义是“想要”，后来用来说“将要发生”（见第五部分“一般将来时”），它表达的是说话人的预测或打算。在 If it rains tomorrow, we won't pick apples 里，说话人预测的是“不去摘苹果”这个结果；“明天下雨”只是先摆出来的一个情况，不是在预测。when 从句也一样：When the apples are ripe 是先定下一个时间点，再说那时要做什么。所以 will 只放在主句里。

## parts/40-compound-sentence.md:162
原文：| unless | 一个"除非"的条件 | We**'ll pick** apples tomorrow **unless** it **rains**. 除非下雨，不然我们明天去摘苹果。 |
改后：| unless | 一个“除非”的条件 | We**'ll pick** apples tomorrow **unless** it **rains**. 除非下雨，不然我们明天去摘苹果。 |

## parts/40-compound-sentence.md:164
原文：| as soon as | 一个时间点，"一……就" | I**'ll send** you some apples **as soon as** we **get** home. 我们一到家，我就给你寄些苹果。 |
改后：| as soon as | 一个时间点，“一……就” | I**'ll send** you some apples **as soon as** we **get** home. 我们一到家，我就给你寄些苹果。 |

## parts/40-compound-sentence.md:172
原文：**最容易混的一组：if 和 when 引导宾语从句时，不守这条规律。** 宾语从句里的 if 意思是"是否"，when 意思是"什么时候"，从句是在转述一个问题。原来的问题是 Will it rain tomorrow?（明天会下雨吗？）和 When will the apples be ripe?（苹果什么时候熟？），问题本身就带着 will。剑桥语法说，转述问题时从句改成陈述句语序，只改语序，所以 will 保留下来。
改后：**最容易混的一组：if 和 when 引导宾语从句时，不守这条规律。** 宾语从句里的 if 意思是“是否”，when 意思是“什么时候”，从句是在转述一个问题。原来的问题是 Will it rain tomorrow?（明天会下雨吗？）和 When will the apples be ripe?（苹果什么时候熟？），问题本身就带着 will。剑桥语法说，转述问题时从句改成陈述句语序，只改语序，所以 will 保留下来。

## parts/40-compound-sentence.md:181
原文：本义依据：[etymonline: will](https://www.etymonline.com/word/will)、[if](https://www.etymonline.com/word/if)。用法依据：[剑桥英汉词典: if](https://dictionary.cambridge.org/zhs/%E8%AF%8D%E5%85%B8/%E8%8B%B1%E8%AF%AD/if)、[when](https://dictionary.cambridge.org/zhs/%E8%AF%8D%E5%85%B8/%E8%8B%B1%E8%AF%AD/when)、[unless](https://dictionary.cambridge.org/zhs/%E8%AF%8D%E5%85%B8/%E8%8B%B1%E8%AF%AD/unless)、[as soon as](https://dictionary.cambridge.org/zhs/%E8%AF%8D%E5%85%B8/%E8%8B%B1%E8%AF%AD/as-soon-as)、[before](https://dictionary.cambridge.org/zhs/%E8%AF%8D%E5%85%B8/%E8%8B%B1%E8%AF%AD/before)、[until](https://dictionary.cambridge.org/zhs/%E8%AF%8D%E5%85%B8/%E8%8B%B1%E8%AF%AD/until)、[will](https://dictionary.cambridge.org/zhs/%E8%AF%8D%E5%85%B8/%E8%8B%B1%E8%AF%AD/will)；[剑桥语法: Present simple](https://dictionary.cambridge.org/zhs/%E8%AF%AD%E6%B3%95/%E8%8B%B1%E5%BC%8F%E8%AF%AD%E6%B3%95/present-simple)、[Conditionals: if](https://dictionary.cambridge.org/zhs/%E8%AF%AD%E6%B3%95/%E8%8B%B1%E5%BC%8F%E8%AF%AD%E6%B3%95/conditionals-if)、[Reported speech: indirect speech](https://dictionary.cambridge.org/zhs/%E8%AF%AD%E6%B3%95/%E8%8B%B1%E5%BC%8F%E8%AF%AD%E6%B3%95/reported-speech-indirect-speech)。
改后：本义依据：[etymonline: will](https://www.etymonline.com/word/will)、[if](https://www.etymonline.com/word/if)。用法依据：[剑桥英汉词典：if](https://dictionary.cambridge.org/zhs/%E8%AF%8D%E5%85%B8/%E8%8B%B1%E8%AF%AD/if)、[when](https://dictionary.cambridge.org/zhs/%E8%AF%8D%E5%85%B8/%E8%8B%B1%E8%AF%AD/when)、[unless](https://dictionary.cambridge.org/zhs/%E8%AF%8D%E5%85%B8/%E8%8B%B1%E8%AF%AD/unless)、[as soon as](https://dictionary.cambridge.org/zhs/%E8%AF%8D%E5%85%B8/%E8%8B%B1%E8%AF%AD/as-soon-as)、[before](https://dictionary.cambridge.org/zhs/%E8%AF%8D%E5%85%B8/%E8%8B%B1%E8%AF%AD/before)、[until](https://dictionary.cambridge.org/zhs/%E8%AF%8D%E5%85%B8/%E8%8B%B1%E8%AF%AD/until)、[will](https://dictionary.cambridge.org/zhs/%E8%AF%8D%E5%85%B8/%E8%8B%B1%E8%AF%AD/will)；[剑桥语法：Present simple](https://dictionary.cambridge.org/zhs/%E8%AF%AD%E6%B3%95/%E8%8B%B1%E5%BC%8F%E8%AF%AD%E6%B3%95/present-simple)、[Conditionals: if](https://dictionary.cambridge.org/zhs/%E8%AF%AD%E6%B3%95/%E8%8B%B1%E5%BC%8F%E8%AF%AD%E6%B3%95/conditionals-if)、[Reported speech: indirect speech](https://dictionary.cambridge.org/zhs/%E8%AF%AD%E6%B3%95/%E8%8B%B1%E5%BC%8F%E8%AF%AD%E6%B3%95/reported-speech-indirect-speech)。

## parts/50-tense.md:3
原文：tense 这个词本义就是"时间"。时态只改变一个地方：谓语动词。它同时回答两个问题：事情发生在什么时候，处于什么状态。
改后：tense 这个词本义就是“时间”。时态只改变一个地方：谓语动词。它同时回答两个问题：事情发生在什么时候，处于什么状态。

## parts/50-tense.md:9
原文：- **四种时间：** 现在、过去、将来，以及"过去将来"。过去将来是站在过去某一天，往后看。
改后：- **四种时间：** 现在、过去、将来，以及“过去将来”。过去将来是站在过去某一天，往后看。

## parts/50-tense.md:19
原文：★ 表示中考高频。没有标"高中"的 8 格是初中要求掌握的时态。
改后：★ 表示中考高频。没有标“高中”的 8 格是初中要求掌握的时态。

## parts/50-tense.md:23
原文：1. **状态由助动词决定。** be 的本义是"存在、处于"，所以 be + eating 是"处在吃的过程中"，也就是进行；完成用 have + eaten，etymonline 说明 have 从最早的英语起就用来构成完成时；完成进行把两者叠起来，是 have been + eating。
改后：1. **状态由助动词决定。** be 的本义是“存在、处于”，所以 be + eating 是“处在吃的过程中”，也就是进行；完成用 have + eaten，etymonline 说明 have 从最早的英语起就用来构成完成时；完成进行把两者叠起来，是 have been + eating。

## parts/50-tense.md:24
原文：2. **时间只改第一个词。** 句子里第一个助动词带着时间：现在用 am、have，过去改成 was、had，将来前面加 will，过去将来前面加 would。will 本义"想要"，引申为"将要"，所以加 will 就是往将来看；would 是 will 的过去式，所以是站在过去往将来看。这两个词的推导见下面"一般将来时"和"过去将来时"。
改后：2. **时间只改第一个词。** 句子里第一个助动词带着时间：现在用 am、have，过去改成 was、had，将来前面加 will，过去将来前面加 would。will 本义“想要”，引申为“将要”，所以加 will 就是往将来看；would 是 will 的过去式，所以是站在过去往将来看。这两个词的推导见下面“一般将来时”和“过去将来时”。

## parts/50-tense.md:26
原文：比如要拼"过去完成时"：完成是 have eaten，过去把 have 改成 had，得到 had eaten。
改后：比如要拼“过去完成时”：完成是 have eaten，过去把 have 改成 had，得到 had eaten。

## parts/50-tense.md:36
原文：动词的过去式、过去分词和 -ing 形式怎么变，见第一部分"实义动词"。
改后：动词的过去式、过去分词和 -ing 形式怎么变，见第一部分“实义动词”。

## parts/50-tense.md:54
原文：否定句和疑问句为什么要加 do：英语提问要把助动词放到主语前面，否定要把 not 放在助动词后面。句子里没有别的助动词，就请 do 来担任。do 一来，时间和人称都由它带着，写成 does，后面的动词就回到原形。这和"时间只改第一个词"是同一个道理。
改后：否定句和疑问句为什么要加 do：英语提问要把助动词放到主语前面，否定要把 not 放在助动词后面。句子里没有别的助动词，就请 do 来担任。do 一来，时间和人称都由它带着，写成 does，后面的动词就回到原形。这和“时间只改第一个词”是同一个道理。

## parts/50-tense.md:58
原文：**标志词：** always、usually、often、sometimes、never、every day、every week、on Sundays。这些词都在说"多久一次"，说的是反复发生的事，所以和一般现在时一起出现。
改后：**标志词：** always、usually、often、sometimes、never、every day、every week、on Sundays。这些词都在说“多久一次”，说的是反复发生的事，所以和一般现在时一起出现。

## parts/50-tense.md:62
原文：用法依据：[剑桥语法: Present simple](https://dictionary.cambridge.org/zhs/%E8%AF%AD%E6%B3%95/%E8%8B%B1%E5%BC%8F%E8%AF%AD%E6%B3%95/present-simple)。
改后：用法依据：[剑桥语法：Present simple](https://dictionary.cambridge.org/zhs/%E8%AF%AD%E6%B3%95/%E8%8B%B1%E5%BC%8F%E8%AF%AD%E6%B3%95/present-simple)。

## parts/50-tense.md:82
原文：**标志词：** yesterday、last week、last year、two days ago、just now、in 2020、when I was young。它们都指向过去一个确定的时间。其中 ago 本义是"过去了、走掉了"，two days ago 就是"两天已经过去了"，从现在往回数两天，落在过去一个确定的点上。just now 的 just 很早就有"恰好、精确"的意思，etymonline 记载它由此引申出"只差一点"，just now 又由此引申为"刚才不久"。
改后：**标志词：** yesterday、last week、last year、two days ago、just now、in 2020、when I was young。它们都指向过去一个确定的时间。其中 ago 本义是“过去了、走掉了”，two days ago 就是“两天已经过去了”，从现在往回数两天，落在过去一个确定的点上。just now 的 just 很早就有“恰好、精确”的意思，etymonline 记载它由此引申出“只差一点”，just now 又由此引申为“刚才不久”。

## parts/50-tense.md:86
原文：本义依据：[etymonline: ago](https://www.etymonline.com/word/ago)、[just](https://www.etymonline.com/word/just)。用法依据：[剑桥英汉词典: ago](https://dictionary.cambridge.org/zhs/%E8%AF%8D%E5%85%B8/%E8%8B%B1%E8%AF%AD/ago)、[just](https://dictionary.cambridge.org/zhs/%E8%AF%8D%E5%85%B8/%E8%8B%B1%E8%AF%AD/just)；[剑桥语法: Present perfect simple or past simple?](https://dictionary.cambridge.org/zhs/%E8%AF%AD%E6%B3%95/%E8%8B%B1%E5%BC%8F%E8%AF%AD%E6%B3%95/present-perfect-simple-or-past-simple)。
改后：本义依据：[etymonline: ago](https://www.etymonline.com/word/ago)、[just](https://www.etymonline.com/word/just)。用法依据：[剑桥英汉词典：ago](https://dictionary.cambridge.org/zhs/%E8%AF%8D%E5%85%B8/%E8%8B%B1%E8%AF%AD/ago)、[just](https://dictionary.cambridge.org/zhs/%E8%AF%8D%E5%85%B8/%E8%8B%B1%E8%AF%AD/just)；[剑桥语法：Present perfect simple or past simple?](https://dictionary.cambridge.org/zhs/%E8%AF%AD%E6%B3%95/%E8%8B%B1%E5%BC%8F%E8%AF%AD%E6%B3%95/present-perfect-simple-or-past-simple)。

## parts/50-tense.md:98
原文：**will 的推导：** will 本义是"想要、愿意"。etymonline 说，它在最早的英语里就已经有"打算要"的意思，并开始用来说将来；它和 shall 的区别在于 will 带着"意愿"，shall 带着"义务"。所以 will 的用法分两层：一层是本来的"愿意"，今天还保留在当场表态、主动帮忙里；一层是引申出来的"将要"，用来预测。
改后：**will 的推导：** will 本义是“想要、愿意”。etymonline 说，它在最早的英语里就已经有“打算要”的意思，并开始用来说将来；它和 shall 的区别在于 will 带着“意愿”，shall 带着“义务”。所以 will 的用法分两层：一层是本来的“愿意”，今天还保留在当场表态、主动帮忙里；一层是引申出来的“将要”，用来预测。

## parts/50-tense.md:100
原文：**shall 的推导：** shall 本义是"我欠着"，所以是"应该"，后来也用来说将来。Shall we …? 就是"我们该不该……"，所以用来提建议。
改后：**shall 的推导：** shall 本义是“我欠着”，所以是“应该”，后来也用来说将来。Shall we …? 就是“我们该不该……”，所以用来提建议。

## parts/50-tense.md:102
原文：**be going to 的推导：** be going 是"正在走"，to 本义是"朝向"。am、is、are 是现在时，所以这个说法立足于现在：剑桥语法说，be going to 强调的是现在已经做出的决定，或者现在已经看得见的迹象。
改后：**be going to 的推导：** be going 是“正在走”，to 本义是“朝向”。am、is、are 是现在时，所以这个说法立足于现在：剑桥语法说，be going to 强调的是现在已经做出的决定，或者现在已经看得见的迹象。

## parts/50-tense.md:106
原文：| will + 动词原形 | 预测将来 | 引申义"将要" | The apples **will be** ripe next month. 苹果下个月就熟了。 |
改后：| will + 动词原形 | 预测将来 | 引申义“将要” | The apples **will be** ripe next month. 苹果下个月就熟了。 |

## parts/50-tense.md:107
原文：| | 说话时当场做的决定，或主动提出帮忙 | 本义"愿意"：剑桥词典的义项是 what someone is able or willing to do | "Apple or pear?" "I**'ll have** an apple." "要苹果还是梨？""我要苹果。"<br/>The basket looks heavy. I**'ll carry** it for you. 篮子看着挺重，我帮你拿。 |
改后：| | 说话时当场做的决定，或主动提出帮忙 | 本义“愿意”：剑桥词典的义项是 what someone is able or willing to do | "Apple or pear?" "I**'ll have** an apple." “要苹果还是梨？”“我要苹果。”<br/>The basket looks heavy. I**'ll carry** it for you. 篮子看着挺重，我帮你拿。 |

## parts/50-tense.md:109
原文：| shall + 动词原形 | 只和 I、we 连用；Shall we …? 用来提建议 | 本义"应该"：问"我们该不该" | **Shall** we **pick** apples this afternoon? 我们今天下午去摘苹果好吗？ |
改后：| shall + 动词原形 | 只和 I、we 连用；Shall we …? 用来提建议 | 本义“应该”：问“我们该不该” | **Shall** we **pick** apples this afternoon? 我们今天下午去摘苹果好吗？ |

## parts/50-tense.md:114
原文：已经安排好的计划，也可以用现在进行时说，见下面"现在进行时"。
改后：已经安排好的计划，也可以用现在进行时说，见下面“现在进行时”。

## parts/50-tense.md:116
原文：**标志词：** tomorrow、next week、next year、soon、this evening、in two days（两天以后）。in 本义是"在……里面"，in two days 就是把两天当成一段时间，事情在这段时间结束时发生（剑桥：before or at the end of a particular period），所以是"两天以后"。
改后：**标志词：** tomorrow、next week、next year、soon、this evening、in two days（两天以后）。in 本义是“在……里面”，in two days 就是把两天当成一段时间，事情在这段时间结束时发生（剑桥：before or at the end of a particular period），所以是“两天以后”。

## parts/50-tense.md:120
原文：1. 说话当场才决定、主动提出帮忙，用 will，因为这正是 will 本来的"愿意"。说 I**'ll carry** it for you，不说 I carry it for you。
改后：1. 说话当场才决定、主动提出帮忙，用 will，因为这正是 will 本来的“愿意”。说 I**'ll carry** it for you，不说 I carry it for you。

## parts/50-tense.md:121
原文：2. in + 一段时间，是"在这段时间结束时"，所以表示"多久以后"，用于将来；for + 一段时间，剑桥词典的义项是表示时间的长度，所以是"持续多久"。We'll pick apples **in** two days 是"两天以后去摘"，We'll stay on the farm **for** two days 是"在农场待两天"。
改后：2. in + 一段时间，是“在这段时间结束时”，所以表示“多久以后”，用于将来；for + 一段时间，剑桥词典的义项是表示时间的长度，所以是“持续多久”。We'll pick apples **in** two days 是“两天以后去摘”，We'll stay on the farm **for** two days 是“在农场待两天”。

## parts/50-tense.md:123
原文：本义依据：[etymonline: will](https://www.etymonline.com/word/will)、[shall](https://www.etymonline.com/word/shall)、[go](https://www.etymonline.com/word/go)、[to](https://www.etymonline.com/word/to)。用法依据：[剑桥英汉词典: will](https://dictionary.cambridge.org/zhs/%E8%AF%8D%E5%85%B8/%E8%8B%B1%E8%AF%AD/will)、[shall](https://dictionary.cambridge.org/zhs/%E8%AF%8D%E5%85%B8/%E8%8B%B1%E8%AF%AD/shall)、[be going to](https://dictionary.cambridge.org/zhs/%E8%AF%8D%E5%85%B8/%E8%8B%B1%E8%AF%AD/be-going-to)、[in](https://dictionary.cambridge.org/zhs/%E8%AF%8D%E5%85%B8/%E8%8B%B1%E8%AF%AD/in)、[for](https://dictionary.cambridge.org/zhs/%E8%AF%8D%E5%85%B8/%E8%8B%B1%E8%AF%AD/for)；[剑桥语法: Future: will and shall](https://dictionary.cambridge.org/zhs/%E8%AF%AD%E6%B3%95/%E8%8B%B1%E5%BC%8F%E8%AF%AD%E6%B3%95/future-will-and-shall)、[Future: be going to](https://dictionary.cambridge.org/zhs/%E8%AF%AD%E6%B3%95/%E8%8B%B1%E5%BC%8F%E8%AF%AD%E6%B3%95/be-going-to)。
改后：本义依据：[etymonline: will](https://www.etymonline.com/word/will)、[shall](https://www.etymonline.com/word/shall)、[go](https://www.etymonline.com/word/go)、[to](https://www.etymonline.com/word/to)。用法依据：[剑桥英汉词典：will](https://dictionary.cambridge.org/zhs/%E8%AF%8D%E5%85%B8/%E8%8B%B1%E8%AF%AD/will)、[shall](https://dictionary.cambridge.org/zhs/%E8%AF%8D%E5%85%B8/%E8%8B%B1%E8%AF%AD/shall)、[be going to](https://dictionary.cambridge.org/zhs/%E8%AF%8D%E5%85%B8/%E8%8B%B1%E8%AF%AD/be-going-to)、[in](https://dictionary.cambridge.org/zhs/%E8%AF%8D%E5%85%B8/%E8%8B%B1%E8%AF%AD/in)、[for](https://dictionary.cambridge.org/zhs/%E8%AF%8D%E5%85%B8/%E8%8B%B1%E8%AF%AD/for)；[剑桥语法：Future: will and shall](https://dictionary.cambridge.org/zhs/%E8%AF%AD%E6%B3%95/%E8%8B%B1%E5%BC%8F%E8%AF%AD%E6%B3%95/future-will-and-shall)、[Future: be going to](https://dictionary.cambridge.org/zhs/%E8%AF%AD%E6%B3%95/%E8%8B%B1%E5%BC%8F%E8%AF%AD%E6%B3%95/be-going-to)。

## parts/50-tense.md:135
原文：be 的本义是"存在、处于"。am、is、are + 动词 -ing，就是"现在正处在做这件事的过程中"。剑桥语法对它的说明是 in progress，也就是"正在进行"。-ing 词尾本身的来源，etymonline 的词条这次没能取到，所以这里不从 -ing 的词源推，只从 be 和整个组合的用法推。
改后：be 的本义是“存在、处于”。am、is、are + 动词 -ing，就是“现在正处在做这件事的过程中”。剑桥语法对它的说明是 in progress，也就是“正在进行”。-ing 词尾本身的来源，etymonline 的词条这次没能取到，所以这里不从 -ing 的词源推，只从 be 和整个组合的用法推。

## parts/50-tense.md:143
原文：现在进行时还能说两类事，都是从"正处在过程中"推出来的。一是眼下这段时间暂时的情况：这段时间还没过完，事情还在进行，I**'m eating** a lot of apples these days. 我这些天吃很多苹果。二是已经安排好的将来计划：计划已经定下、事情已经"在进行中"了，We**'re visiting** the apple farm this Saturday. 这周六我们要去苹果园。剑桥语法说这种用法指"已经做好的计划和安排"。
改后：现在进行时还能说两类事，都是从“正处在过程中”推出来的。一是眼下这段时间暂时的情况：这段时间还没过完，事情还在进行，I**'m eating** a lot of apples these days. 我这些天吃很多苹果。二是已经安排好的将来计划：计划已经定下、事情已经“在进行中”了，We**'re visiting** the apple farm this Saturday. 这周六我们要去苹果园。剑桥语法说这种用法指“已经做好的计划和安排”。

## parts/50-tense.md:145
原文：**标志词：** now、at the moment、these days。都在说"眼下"，所以和"现在正处在过程中"一起出现。
改后：**标志词：** now、at the moment、these days。都在说“眼下”，所以和“现在正处在过程中”一起出现。

## parts/50-tense.md:147
原文：**中考易错点：** be 动词不能丢。进行时里表示"处于"的是 be，-ing 形式自己不能当谓语。说 I **am eating** an apple，不说 I eating an apple。
改后：**中考易错点：** be 动词不能丢。进行时里表示“处于”的是 be，-ing 形式自己不能当谓语。说 I **am eating** an apple，不说 I eating an apple。

## parts/50-tense.md:149
原文：本义依据：[etymonline: be](https://www.etymonline.com/word/be)。用法依据：[剑桥语法: Present continuous](https://dictionary.cambridge.org/zhs/%E8%AF%AD%E6%B3%95/%E8%8B%B1%E5%BC%8F%E8%AF%AD%E6%B3%95/present-continuous)。
改后：本义依据：[etymonline: be](https://www.etymonline.com/word/be)。用法依据：[剑桥语法：Present continuous](https://dictionary.cambridge.org/zhs/%E8%AF%AD%E6%B3%95/%E8%8B%B1%E5%BC%8F%E8%AF%AD%E6%B3%95/present-continuous)。

## parts/50-tense.md:163
原文：**为什么说的是"到现在为止"：从"手里拥有一个做完的结果"推出来。**
改后：**为什么说的是“到现在为止”：从“手里拥有一个做完的结果”推出来。**

## parts/50-tense.md:165
原文：1. **have 的本义是"拥有、持有"。** 牛津词典还有一个义项："使某人或某物处于某种状态"，例句是 I want to have everything ready in good time.（我想及早把一切准备好。）现在也能说 I have the apples ready.（我把苹果准备好了。）结构是：have + 东西 + 这个东西现在的状态。
改后：1. **have 的本义是“拥有、持有”。** 牛津词典还有一个义项：“使某人或某物处于某种状态”，例句是 I want to have everything ready in good time.（我想及早把一切准备好。）现在也能说 I have the apples ready.（我把苹果准备好了。）结构是：have + 东西 + 这个东西现在的状态。

## parts/50-tense.md:166
原文：2. **过去分词说的是"做完了的状态"。** a washed apple 就是一个洗好了的苹果，洗这个动作已经做完。
改后：2. **过去分词说的是“做完了的状态”。** a washed apple 就是一个洗好了的苹果，洗这个动作已经做完。

## parts/50-tense.md:167
原文：3. **两者放在一起，就是"拥有一个做完的结果"。** 语言学的研究说，完成时就是从这种说法来的：have 表示拥有，过去分词像形容词一样说宾语的状态，好比 I have the work done（我手里有一份做完的工作）。研究英语和罗曼语完成时的论文举的例子是 Now he has his opponent cornered.（现在他已经把对手逼得无路可退了。）这句话同时说了两件事：他已经做成了一件事，这个结果现在还保持着。
改后：3. **两者放在一起，就是“拥有一个做完的结果”。** 语言学的研究说，完成时就是从这种说法来的：have 表示拥有，过去分词像形容词一样说宾语的状态，好比 I have the work done（我手里有一份做完的工作）。研究英语和罗曼语完成时的论文举的例子是 Now he has his opponent cornered.（现在他已经把对手逼得无路可退了。）这句话同时说了两件事：他已经做成了一件事，这个结果现在还保持着。

## parts/50-tense.md:168
原文：4. **后来说话人把这个结构重新理解了。** 宾语挪到了过去分词后面，have 不再是"拥有"，而是把"做完"和"现在"连起来：I have washed the apples.（我已经把苹果洗好了。）
改后：4. **后来说话人把这个结构重新理解了。** 宾语挪到了过去分词后面，have 不再是“拥有”，而是把“做完”和“现在”连起来：I have washed the apples.（我已经把苹果洗好了。）

## parts/50-tense.md:169
原文：5. **所以现在完成时一半说过去，一半说现在。** 过去分词说动作已经做完，have、has 是现在时，说这个结果现在还"在手里"。这就是它总和"到现在为止"连在一起的原因。剑桥语法对现在完成时的说明正是 time up to now，也就是"到现在为止"的时间。
改后：5. **所以现在完成时一半说过去，一半说现在。** 过去分词说动作已经做完，have、has 是现在时，说这个结果现在还“在手里”。这就是它总和“到现在为止”连在一起的原因。剑桥语法对现在完成时的说明正是 time up to now，也就是“到现在为止”的时间。

## parts/50-tense.md:173
原文：| 到现在为止的经历 | ever、never、before | ever 本义"在任何时候"，never 是 not + ever，"在任何时候都没有"。问的是"到现在为止的任何时候"，所以配现在完成时 | **Have** you ever **picked** apples? 你摘过苹果吗？<br/>I **have never picked** apples before. 我以前从没摘过苹果。 |
改后：| 到现在为止的经历 | ever、never、before | ever 本义“在任何时候”，never 是 not + ever，“在任何时候都没有”。问的是“到现在为止的任何时候”，所以配现在完成时 | **Have** you ever **picked** apples? 你摘过苹果吗？<br/>I **have never picked** apples before. 我以前从没摘过苹果。 |

## parts/50-tense.md:174
原文：| 刚刚完成 | just | just 很早就有"恰好、精确"的意思，时间上"只差一点"，引申为"就在刚才"（etymonline）。刚做完的事，结果还在眼前 | Mom **has just washed** the apples. 妈妈刚把苹果洗好。 |
改后：| 刚刚完成 | just | just 很早就有“恰好、精确”的意思，时间上“只差一点”，引申为“就在刚才”（etymonline）。刚做完的事，结果还在眼前 | Mom **has just washed** the apples. 妈妈刚把苹果洗好。 |

## parts/50-tense.md:175
原文：| 已经完成或还没完成 | already、yet | already 是 all + ready，本义"完全准备好了"，所以是"已经"；yet 的来源不明，剑桥语法说它指"从过去开始一直到现在"的时间，主要用在否定句和疑问句里 | I **have** already **eaten** two apples today. 今天我已经吃了两个苹果。<br/>Tom **hasn't washed** the apples yet. 汤姆还没洗苹果。 |
改后：| 已经完成或还没完成 | already、yet | already 是 all + ready，本义“完全准备好了”，所以是“已经”；yet 的来源不明，剑桥语法说它指“从过去开始一直到现在”的时间，主要用在否定句和疑问句里 | I **have** already **eaten** two apples today. 今天我已经吃了两个苹果。<br/>Tom **hasn't washed** the apples yet. 汤姆还没洗苹果。 |

## parts/50-tense.md:176
原文：| 从过去持续到现在 | for、since、How long …? | 见下面"现在完成时的 for 与 since" | We **have had** this apple tree **for** ten years. 这棵苹果树我们家已经有十年了。 |
改后：| 从过去持续到现在 | for、since、How long …? | 见下面“现在完成时的 for 与 since” | We **have had** this apple tree **for** ten years. 这棵苹果树我们家已经有十年了。 |

## parts/50-tense.md:178
原文：**标志词：** already、yet、just、ever、never、before、so far、recently、for + 一段时间、since + 过去的时间点。它们都在说"到现在为止"。
改后：**标志词：** already、yet、just、ever、never、before、so far、recently、for + 一段时间、since + 过去的时间点。它们都在说“到现在为止”。

## parts/50-tense.md:182
原文：1. **have been to 和 have gone to。** be 的本义是"存在、处于"，has been to 是"曾经在那儿待过"，剑桥语法说这表示一次已经完成的来回，人已经回来了。go 的本义是"走、离开"，has gone to 是"走了，走的结果留到现在"，剑桥语法说这表示这趟行程还没结束，人现在不在这儿。Tom **has been to** the apple farm. 汤姆去过苹果园。Tom **has gone to** the apple farm. 汤姆去苹果园了，现在不在这儿。
改后：1. **have been to 和 have gone to。** be 的本义是“存在、处于”，has been to 是“曾经在那儿待过”，剑桥语法说这表示一次已经完成的来回，人已经回来了。go 的本义是“走、离开”，has gone to 是“走了，走的结果留到现在”，剑桥语法说这表示这趟行程还没结束，人现在不在这儿。Tom **has been to** the apple farm. 汤姆去过苹果园。Tom **has gone to** the apple farm. 汤姆去苹果园了，现在不在这儿。

## parts/50-tense.md:185
原文：完成时的来源依据：[Wikipedia: Perfect (grammar)，引《牛津英语词典》have 词条](https://en.wikipedia.org/wiki/Perfect_(grammar))、[de Acosta, HAVE + PERFECT PARTICIPLE in Romance and English（Cornell 大学博士论文）](https://ecommons.cornell.edu/items/da74bb1e-c8b8-44b9-a0d8-e3f7934c62ae)、[Oxford Learner's: have](https://www.oxfordlearnersdictionaries.com/definition/english/have_1)。本义依据：[etymonline: have](https://www.etymonline.com/word/have)、[ever](https://www.etymonline.com/word/ever)、[never](https://www.etymonline.com/word/never)、[just](https://www.etymonline.com/word/just)、[already](https://www.etymonline.com/word/already)、[yet](https://www.etymonline.com/word/yet)、[be](https://www.etymonline.com/word/be)、[go](https://www.etymonline.com/word/go)。用法依据：[剑桥英汉词典: have](https://dictionary.cambridge.org/zhs/%E8%AF%8D%E5%85%B8/%E8%8B%B1%E8%AF%AD/have)、[already](https://dictionary.cambridge.org/zhs/%E8%AF%8D%E5%85%B8/%E8%8B%B1%E8%AF%AD/already)、[yet](https://dictionary.cambridge.org/zhs/%E8%AF%8D%E5%85%B8/%E8%8B%B1%E8%AF%AD/yet)、[just](https://dictionary.cambridge.org/zhs/%E8%AF%8D%E5%85%B8/%E8%8B%B1%E8%AF%AD/just)、[ever](https://dictionary.cambridge.org/zhs/%E8%AF%8D%E5%85%B8/%E8%8B%B1%E8%AF%AD/ever)、[never](https://dictionary.cambridge.org/zhs/%E8%AF%8D%E5%85%B8/%E8%8B%B1%E8%AF%AD/never)；[剑桥语法: Present perfect simple](https://dictionary.cambridge.org/zhs/%E8%AF%AD%E6%B3%95/%E8%8B%B1%E5%BC%8F%E8%AF%AD%E6%B3%95/present-perfect-simple-i-have-worked)、[Been or gone?](https://dictionary.cambridge.org/zhs/%E8%AF%AD%E6%B3%95/%E8%8B%B1%E5%BC%8F%E8%AF%AD%E6%B3%95/been-or-gone)、[Already](https://dictionary.cambridge.org/zhs/%E8%AF%AD%E6%B3%95/%E8%8B%B1%E5%BC%8F%E8%AF%AD%E6%B3%95/already)、[Yet](https://dictionary.cambridge.org/zhs/%E8%AF%AD%E6%B3%95/%E8%8B%B1%E5%BC%8F%E8%AF%AD%E6%B3%95/yet)。
改后：完成时的来源依据：[Wikipedia: Perfect (grammar)，引《牛津英语词典》have 词条](https://en.wikipedia.org/wiki/Perfect_(grammar))、[de Acosta, HAVE + PERFECT PARTICIPLE in Romance and English（Cornell 大学博士论文）](https://ecommons.cornell.edu/items/da74bb1e-c8b8-44b9-a0d8-e3f7934c62ae)、[Oxford Learner's: have](https://www.oxfordlearnersdictionaries.com/definition/english/have_1)。本义依据：[etymonline: have](https://www.etymonline.com/word/have)、[ever](https://www.etymonline.com/word/ever)、[never](https://www.etymonline.com/word/never)、[just](https://www.etymonline.com/word/just)、[already](https://www.etymonline.com/word/already)、[yet](https://www.etymonline.com/word/yet)、[be](https://www.etymonline.com/word/be)、[go](https://www.etymonline.com/word/go)。用法依据：[剑桥英汉词典：have](https://dictionary.cambridge.org/zhs/%E8%AF%8D%E5%85%B8/%E8%8B%B1%E8%AF%AD/have)、[already](https://dictionary.cambridge.org/zhs/%E8%AF%8D%E5%85%B8/%E8%8B%B1%E8%AF%AD/already)、[yet](https://dictionary.cambridge.org/zhs/%E8%AF%8D%E5%85%B8/%E8%8B%B1%E8%AF%AD/yet)、[just](https://dictionary.cambridge.org/zhs/%E8%AF%8D%E5%85%B8/%E8%8B%B1%E8%AF%AD/just)、[ever](https://dictionary.cambridge.org/zhs/%E8%AF%8D%E5%85%B8/%E8%8B%B1%E8%AF%AD/ever)、[never](https://dictionary.cambridge.org/zhs/%E8%AF%8D%E5%85%B8/%E8%8B%B1%E8%AF%AD/never)；[剑桥语法：Present perfect simple](https://dictionary.cambridge.org/zhs/%E8%AF%AD%E6%B3%95/%E8%8B%B1%E5%BC%8F%E8%AF%AD%E6%B3%95/present-perfect-simple-i-have-worked)、[Been or gone?](https://dictionary.cambridge.org/zhs/%E8%AF%AD%E6%B3%95/%E8%8B%B1%E5%BC%8F%E8%AF%AD%E6%B3%95/been-or-gone)、[Already](https://dictionary.cambridge.org/zhs/%E8%AF%AD%E6%B3%95/%E8%8B%B1%E5%BC%8F%E8%AF%AD%E6%B3%95/already)、[Yet](https://dictionary.cambridge.org/zhs/%E8%AF%AD%E6%B3%95/%E8%8B%B1%E5%BC%8F%E8%AF%AD%E6%B3%95/yet)。

## parts/50-tense.md:197
原文：这就是把现在进行时的 am、is、are 换成过去时 was、were：按"时间只改第一个词"，"现在正处在过程中"变成了"那时正处在过程中"。
改后：这就是把现在进行时的 am、is、are 换成过去时 was、were：按“时间只改第一个词”，“现在正处在过程中”变成了“那时正处在过程中”。

## parts/50-tense.md:205
原文：**过去进行时常和一般过去时搭配。** 剑桥语法的说法是：两件过去的事一件重要、一件次要时，次要的背景用过去进行时，主要的那件事用一般过去时。背景动作"正处在过程中"，主要事件在这个过程中间插进来。
改后：**过去进行时常和一般过去时搭配。** 剑桥语法的说法是：两件过去的事一件重要、一件次要时，次要的背景用过去进行时，主要的那件事用一般过去时。背景动作“正处在过程中”，主要事件在这个过程中间插进来。

## parts/50-tense.md:210
原文：**标志词：** at eight last night 这类过去的具体时刻、at that time、when 或 while 引导的从句。while 本义是"一段时间"，所以它引导的从句常说正在持续的背景动作，见第四部分"状语从句"。
改后：**标志词：** at eight last night 这类过去的具体时刻、at that time、when 或 while 引导的从句。while 本义是“一段时间”，所以它引导的从句常说正在持续的背景动作，见第四部分“状语从句”。

## parts/50-tense.md:212
原文：**中考易错点：** 剑桥语法说，过去进行时只用于重复发生的"背景"；重复发生的事如果本身就是要讲的主要事件，用一般过去时。说 I **called** Tom three times last night（我昨晚给汤姆打了三次电话），不说 I was calling Tom three times last night。
改后：**中考易错点：** 剑桥语法说，过去进行时只用于重复发生的“背景”；重复发生的事如果本身就是要讲的主要事件，用一般过去时。说 I **called** Tom three times last night（我昨晚给汤姆打了三次电话），不说 I was calling Tom three times last night。

## parts/50-tense.md:214
原文：本义依据：[etymonline: while](https://www.etymonline.com/word/while)。用法依据：[剑桥英汉词典: while](https://dictionary.cambridge.org/zhs/%E8%AF%8D%E5%85%B8/%E8%8B%B1%E8%AF%AD/while)；[剑桥语法: Past continuous](https://dictionary.cambridge.org/zhs/%E8%AF%AD%E6%B3%95/%E8%8B%B1%E5%BC%8F%E8%AF%AD%E6%B3%95/past-continuous-i-was-working)。
改后：本义依据：[etymonline: while](https://www.etymonline.com/word/while)。用法依据：[剑桥英汉词典：while](https://dictionary.cambridge.org/zhs/%E8%AF%8D%E5%85%B8/%E8%8B%B1%E8%AF%AD/while)；[剑桥语法：Past continuous](https://dictionary.cambridge.org/zhs/%E8%AF%AD%E6%B3%95/%E8%8B%B1%E5%BC%8F%E8%AF%AD%E6%B3%95/past-continuous-i-was-working)。

## parts/50-tense.md:218
原文：**过去完成时说在过去某个时间之前已经发生或完成的事，也就是"过去的过去"。**
改后：**过去完成时说在过去某个时间之前已经发生或完成的事，也就是“过去的过去”。**

## parts/50-tense.md:226
原文：按"时间只改第一个词"，把现在完成时的 have 换成 had，站的位置就从"现在"挪到了"过去某一刻"。从本义看：had 是过去时，说的是"在过去那一刻，手里已经有了一个做完的结果"。剑桥语法正是这样对照的：现在完成时说"到现在为止"，过去完成时说"到过去那一刻为止"。
改后：按“时间只改第一个词”，把现在完成时的 have 换成 had，站的位置就从“现在”挪到了“过去某一刻”。从本义看：had 是过去时，说的是“在过去那一刻，手里已经有了一个做完的结果”。剑桥语法正是这样对照的：现在完成时说“到现在为止”，过去完成时说“到过去那一刻为止”。

## parts/50-tense.md:234
原文：过去完成时也常出现在主句是过去时的宾语从句里：Tom said he **had eaten** the apple. 汤姆说他已经把苹果吃了。这是宾语从句"往过去退一步"的结果，见第四部分"宾语从句"。
改后：过去完成时也常出现在主句是过去时的宾语从句里：Tom said he **had eaten** the apple. 汤姆说他已经把苹果吃了。这是宾语从句“往过去退一步”的结果，见第四部分“宾语从句”。

## parts/50-tense.md:238
原文：**标志词：** by + 过去的时间（by last Friday、by the end of last year）、by the time + 一般过去时的从句、when 或 before + 一般过去时的从句、already。by 本义是"在旁边、靠近"，剑桥词典的义项是"不晚于、在……或之前"：by last Friday 就是"不晚于上周五"，到那一刻为止，所以配"到过去那一刻为止"的过去完成时。
改后：**标志词：** by + 过去的时间（by last Friday、by the end of last year）、by the time + 一般过去时的从句、when 或 before + 一般过去时的从句、already。by 本义是“在旁边、靠近”，剑桥词典的义项是“不晚于、在……或之前”：by last Friday 就是“不晚于上周五”，到那一刻为止，所以配“到过去那一刻为止”的过去完成时。

## parts/50-tense.md:242
原文：本义依据：[etymonline: by](https://www.etymonline.com/word/by)、[have](https://www.etymonline.com/word/have)。用法依据：[剑桥英汉词典: by](https://dictionary.cambridge.org/zhs/%E8%AF%8D%E5%85%B8/%E8%8B%B1%E8%AF%AD/by)；[剑桥语法: Past perfect simple](https://dictionary.cambridge.org/zhs/%E8%AF%AD%E6%B3%95/%E8%8B%B1%E5%BC%8F%E8%AF%AD%E6%B3%95/past-perfect-simple-i-had-worked)。
改后：本义依据：[etymonline: by](https://www.etymonline.com/word/by)、[have](https://www.etymonline.com/word/have)。用法依据：[剑桥英汉词典：by](https://dictionary.cambridge.org/zhs/%E8%AF%8D%E5%85%B8/%E8%8B%B1%E8%AF%AD/by)；[剑桥语法：Past perfect simple](https://dictionary.cambridge.org/zhs/%E8%AF%AD%E6%B3%95/%E8%8B%B1%E5%BC%8F%E8%AF%AD%E6%B3%95/past-perfect-simple-i-had-worked)。

## parts/50-tense.md:254
原文：剑桥词典说明 would 是 will 的过去式（past simple of will）。will 说"从现在往后看"，把它换成过去式 would，就是"从过去那一刻往后看"。剑桥词典给 would 列的第一个义项正是 used to refer to future time from the point of view of the past。be going to 也一样，把 am、is、are 换成 was、were 就行。
改后：剑桥词典说明 would 是 will 的过去式（past simple of will）。will 说“从现在往后看”，把它换成过去式 would，就是“从过去那一刻往后看”。剑桥词典给 would 列的第一个义项正是 used to refer to future time from the point of view of the past。be going to 也一样，把 am、is、are 换成 was、were 就行。

## parts/50-tense.md:263
原文：**中考易错点：** 主句是过去时，从句里说将来一般用 would，不用 will，因为说话的立足点已经在过去。原话说的事现在仍然成立时可以不变，宾语从句的时态规律见第四部分"宾语从句"。
改后：**中考易错点：** 主句是过去时，从句里说将来一般用 would，不用 will，因为说话的立足点已经在过去。原话说的事现在仍然成立时可以不变，宾语从句的时态规律见第四部分“宾语从句”。

## parts/50-tense.md:265
原文：本义依据：[etymonline: will](https://www.etymonline.com/word/will)。用法依据：[剑桥英汉词典: would](https://dictionary.cambridge.org/zhs/%E8%AF%8D%E5%85%B8/%E8%8B%B1%E8%AF%AD/would)；[剑桥语法: Future in the past](https://dictionary.cambridge.org/zhs/%E8%AF%AD%E6%B3%95/%E8%8B%B1%E5%BC%8F%E8%AF%AD%E6%B3%95/future-in-the-past)、[Reported speech: indirect speech](https://dictionary.cambridge.org/zhs/%E8%AF%AD%E6%B3%95/%E8%8B%B1%E5%BC%8F%E8%AF%AD%E6%B3%95/reported-speech-indirect-speech)。
改后：本义依据：[etymonline: will](https://www.etymonline.com/word/will)。用法依据：[剑桥英汉词典：would](https://dictionary.cambridge.org/zhs/%E8%AF%8D%E5%85%B8/%E8%8B%B1%E8%AF%AD/would)；[剑桥语法：Future in the past](https://dictionary.cambridge.org/zhs/%E8%AF%AD%E6%B3%95/%E8%8B%B1%E5%BC%8F%E8%AF%AD%E6%B3%95/future-in-the-past)、[Reported speech: indirect speech](https://dictionary.cambridge.org/zhs/%E8%AF%AD%E6%B3%95/%E8%8B%B1%E5%BC%8F%E8%AF%AD%E6%B3%95/reported-speech-indirect-speech)。

## parts/50-tense.md:271
原文：**两者说的都是过去发生的事，区别在于站在哪里看。** 一般过去时的动词本身是过去式，站在过去那个确定的时间说那时发生了什么；现在完成时的第一个词 have 是现在时，站在现在说"到现在为止"的情况。剑桥语法的说法是：一般过去时指过去确定的时间，现在完成时指"到现在为止"的时间。
改后：**两者说的都是过去发生的事，区别在于站在哪里看。** 一般过去时的动词本身是过去式，站在过去那个确定的时间说那时发生了什么；现在完成时的第一个词 have 是现在时，站在现在说“到现在为止”的情况。剑桥语法的说法是：一般过去时指过去确定的时间，现在完成时指“到现在为止”的时间。

## parts/50-tense.md:285
原文：**中考易错点：** 句子里有 yesterday、ago、last week、in 2020 这类确定的过去时间，就不能用现在完成时。ago 本义"已经过去了"，two hours ago 把事情钉在过去一个确定的点上，和现在完成时"站在现在、说到现在为止"的角度对不上。说 I **ate** an apple two hours ago，不说 I have eaten an apple two hours ago。
改后：**中考易错点：** 句子里有 yesterday、ago、last week、in 2020 这类确定的过去时间，就不能用现在完成时。ago 本义“已经过去了”，two hours ago 把事情钉在过去一个确定的点上，和现在完成时“站在现在、说到现在为止”的角度对不上。说 I **ate** an apple two hours ago，不说 I have eaten an apple two hours ago。

## parts/50-tense.md:287
原文：本义依据：[etymonline: ago](https://www.etymonline.com/word/ago)。用法依据：[剑桥英汉词典: ago](https://dictionary.cambridge.org/zhs/%E8%AF%8D%E5%85%B8/%E8%8B%B1%E8%AF%AD/ago)、[already](https://dictionary.cambridge.org/zhs/%E8%AF%8D%E5%85%B8/%E8%8B%B1%E8%AF%AD/already)、[yet](https://dictionary.cambridge.org/zhs/%E8%AF%8D%E5%85%B8/%E8%8B%B1%E8%AF%AD/yet)；[剑桥语法: Past simple or present perfect?](https://dictionary.cambridge.org/zhs/%E8%AF%AD%E6%B3%95/%E8%8B%B1%E5%BC%8F%E8%AF%AD%E6%B3%95/present-perfect-simple-or-past-simple)、[Already](https://dictionary.cambridge.org/zhs/%E8%AF%AD%E6%B3%95/%E8%8B%B1%E5%BC%8F%E8%AF%AD%E6%B3%95/already)。
改后：本义依据：[etymonline: ago](https://www.etymonline.com/word/ago)。用法依据：[剑桥英汉词典：ago](https://dictionary.cambridge.org/zhs/%E8%AF%8D%E5%85%B8/%E8%8B%B1%E8%AF%AD/ago)、[already](https://dictionary.cambridge.org/zhs/%E8%AF%8D%E5%85%B8/%E8%8B%B1%E8%AF%AD/already)、[yet](https://dictionary.cambridge.org/zhs/%E8%AF%8D%E5%85%B8/%E8%8B%B1%E8%AF%AD/yet)；[剑桥语法：Past simple or present perfect?](https://dictionary.cambridge.org/zhs/%E8%AF%AD%E6%B3%95/%E8%8B%B1%E5%BC%8F%E8%AF%AD%E6%B3%95/present-perfect-simple-or-past-simple)、[Already](https://dictionary.cambridge.org/zhs/%E8%AF%AD%E6%B3%95/%E8%8B%B1%E5%BC%8F%E8%AF%AD%E6%B3%95/already)。

## parts/50-tense.md:295
原文：| **for** | 一段时间：for ten years、for two hours、for a long time | 剑桥词典的义项是表示时间或距离的长度，所以回答"多长时间"。for 的本义是"在前面"，etymonline 没有说明"时长"这个义项是怎样来的，这里不硬推 | We **have had** this apple tree **for** ten years. 这棵苹果树我们家已经有十年了。 |
改后：| **for** | 一段时间：for ten years、for two hours、for a long time | 剑桥词典的义项是表示时间或距离的长度，所以回答“多长时间”。for 的本义是“在前面”，etymonline 没有说明“时长”这个义项是怎样来的，这里不硬推 | We **have had** this apple tree **for** ten years. 这棵苹果树我们家已经有十年了。 |

## parts/50-tense.md:296
原文：| **since** | 过去的时间点：since 2016、since last Monday、since yesterday | since 本义是"在那之后"。"那"指的是一个点，所以后面接过去的一个时间点；"从那以后一直到现在"，所以配现在完成时 | We **have had** this apple tree **since** 2016. 这棵苹果树我们家从 2016 年起就有了。 |
改后：| **since** | 过去的时间点：since 2016、since last Monday、since yesterday | since 本义是“在那之后”。“那”指的是一个点，所以后面接过去的一个时间点；“从那以后一直到现在”，所以配现在完成时 | We **have had** this apple tree **since** 2016. 这棵苹果树我们家从 2016 年起就有了。 |

## parts/50-tense.md:297
原文：| | 一般过去时的从句 | 从句说出"那"是哪一刻：那件事发生在过去，所以从句用一般过去时 | I **haven't eaten** an apple **since** I got up. 我从起床到现在还没吃过苹果。 |
改后：| | 一般过去时的从句 | 从句说出“那”是哪一刻：那件事发生在过去，所以从句用一般过去时 | I **haven't eaten** an apple **since** I got up. 我从起床到现在还没吃过苹果。 |

## parts/50-tense.md:303
原文：1. since 后面不接一段时间。since 是"在那之后"，"那"得是一个点，ten years 是一段，不是一个点。说 **for** ten years，不说 since ten years。
改后：1. since 后面不接一段时间。since 是“在那之后”，“那”得是一个点，ten years 是一段，不是一个点。说 **for** ten years，不说 since ten years。

## parts/50-tense.md:304
原文：2. for 和 since 说的是一直持续到现在的情况，所以动词要表示能持续的状态。buy 是一下子就做完的动作，不能从十年前一直"买"到现在；have 是"拥有"，能一直持续。"这棵苹果树我们家买了十年了"要说 We **have had** this apple tree for ten years，不说 We have bought this apple tree for ten years。也可以换成一般过去时，把买的那一刻钉在过去：We **bought** this apple tree ten years ago。
改后：2. for 和 since 说的是一直持续到现在的情况，所以动词要表示能持续的状态。buy 是一下子就做完的动作，不能从十年前一直“买”到现在；have 是“拥有”，能一直持续。“这棵苹果树我们家买了十年了”要说 We **have had** this apple tree for ten years，不说 We have bought this apple tree for ten years。也可以换成一般过去时，把买的那一刻钉在过去：We **bought** this apple tree ten years ago。

## parts/50-tense.md:306
原文：本义依据：[etymonline: since](https://www.etymonline.com/word/since)、[for](https://www.etymonline.com/word/for)、[have](https://www.etymonline.com/word/have)。用法依据：[剑桥英汉词典: since](https://dictionary.cambridge.org/zhs/%E8%AF%8D%E5%85%B8/%E8%8B%B1%E8%AF%AD/since)、[for](https://dictionary.cambridge.org/zhs/%E8%AF%8D%E5%85%B8/%E8%8B%B1%E8%AF%AD/for)、[have](https://dictionary.cambridge.org/zhs/%E8%AF%8D%E5%85%B8/%E8%8B%B1%E8%AF%AD/have)；[剑桥语法: For or since?](https://dictionary.cambridge.org/zhs/%E8%AF%AD%E6%B3%95/%E8%8B%B1%E5%BC%8F%E8%AF%AD%E6%B3%95/for-or-since)、[Present perfect simple](https://dictionary.cambridge.org/zhs/%E8%AF%AD%E6%B3%95/%E8%8B%B1%E5%BC%8F%E8%AF%AD%E6%B3%95/present-perfect-simple-i-have-worked)。
改后：本义依据：[etymonline: since](https://www.etymonline.com/word/since)、[for](https://www.etymonline.com/word/for)、[have](https://www.etymonline.com/word/have)。用法依据：[剑桥英汉词典：since](https://dictionary.cambridge.org/zhs/%E8%AF%8D%E5%85%B8/%E8%8B%B1%E8%AF%AD/since)、[for](https://dictionary.cambridge.org/zhs/%E8%AF%8D%E5%85%B8/%E8%8B%B1%E8%AF%AD/for)、[have](https://dictionary.cambridge.org/zhs/%E8%AF%8D%E5%85%B8/%E8%8B%B1%E8%AF%AD/have)；[剑桥语法：For or since?](https://dictionary.cambridge.org/zhs/%E8%AF%AD%E6%B3%95/%E8%8B%B1%E5%BC%8F%E8%AF%AD%E6%B3%95/for-or-since)、[Present perfect simple](https://dictionary.cambridge.org/zhs/%E8%AF%AD%E6%B3%95/%E8%8B%B1%E5%BC%8F%E8%AF%AD%E6%B3%95/present-perfect-simple-i-have-worked)。

## parts/90-appendix.md:3
原文：下面的题目都是河南中考原题。河南中考英语没有单项选择题，语法主要通过"语篇填空"考查，所以自测题按原文短文给出。做完再看答案，并试着说出每一空考的是哪一节的知识点。
改后：下面的题目都是河南中考原题。河南中考英语没有单项选择题，语法主要通过“语篇填空”考查，所以自测题按原文短文给出。做完再看答案，并试着说出每一空考的是哪一节的知识点。

## parts/90-appendix.md:32
原文：| 56 | popular | is 是系动词，只把主语 story 和说明它的成分拴在一起，空格说的是故事"怎么样"，所以用形容词。第三部分：五种基本句型（主 + 系 + 表） |
改后：| 56 | popular | is 是系动词，只把主语 story 和说明它的成分拴在一起，空格说的是故事“怎么样”，所以用形容词。第三部分：五种基本句型（主 + 系 + 表） |

## parts/90-appendix.md:33
原文：| 57 | selling | by 是介词，后面要跟名词一类的成分；"卖"这个动作要放在介词后面当一件事来说，就用 -ing 形式：by selling 靠卖油条。第一部分：动词的非谓语形式 |
改后：| 57 | selling | by 是介词，后面要跟名词一类的成分；“卖”这个动作要放在介词后面当一件事来说，就用 -ing 形式：by selling 靠卖油条。第一部分：动词的非谓语形式 |

## parts/90-appendix.md:34
原文：| 58 | rock | a 本来就是"一"（an 在辅音前脱掉了 n），"在一块……上"说的是能一块一块数的东西，只有一块，所以用单数 rock。第一部分：名词；第一部分：冠词 |
改后：| 58 | rock | a 本来就是“一”（an 在辅音前脱掉了 n），“在一块……上”说的是能一块一块数的东西，只有一块，所以用单数 rock。第一部分：名词；第一部分：冠词 |

## parts/90-appendix.md:35
原文：| 59 | his | 空格后面是名词 coins，要说的是"谁的"钱：男孩的，所以用表示"他的"的 his。第一部分：代词 |
改后：| 59 | his | 空格后面是名词 coins，要说的是“谁的”钱：男孩的，所以用表示“他的”的 his。第一部分：代词 |

## parts/90-appendix.md:36
原文：| 60 | needed | 钱不会自己"需要"什么，它是被人需要的，主语是动作的承受者，所以用 was + 过去分词。第三部分：被动语态 |
改后：| 60 | needed | 钱不会自己“需要”什么，它是被人需要的，主语是动作的承受者，所以用 was + 过去分词。第三部分：被动语态 |

## parts/90-appendix.md:37
原文：| 61 | about | about 本义是"在外面一圈"，话题围着一件事转就是"关于"；know about the situation 是知道围着这件事的情况，了解。第一部分：抽象关系：of、for、with、without、about、like、except |
改后：| 61 | about | about 本义是“在外面一圈”，话题围着一件事转就是“关于”；know about the situation 是知道围着这件事的情况，了解。第一部分：抽象关系：of、for、with、without、about、like、except |

## parts/90-appendix.md:39
原文：| 63 | and | 空格前后各有主谓，是两个完整的句子，都是 Bao 给出的理由，一条接着一条摆出来，用本义"随后、接着"的 and。第四部分：并列句：两个句子平起平坐 |
改后：| 63 | and | 空格前后各有主谓，是两个完整的句子，都是 Bao 给出的理由，一条接着一条摆出来，用本义“随后、接着”的 and。第四部分：并列句：两个句子平起平坐 |

## parts/90-appendix.md:40
原文：| 64 | movies | some 是"一些"，电影能一部一部地数，"一些"就不止一部，所以用复数。第一部分：名词 |
改后：| 64 | movies | some 是“一些”，电影能一部一部地数，“一些”就不止一部，所以用复数。第一部分：名词 |

## parts/90-appendix.md:41
原文：| 65 | greatest | one of the … officials 是从一群官员里取出一个；这群是历史上"最伟大的"那一批，所以用最高级。第一部分：比较级和最高级 |
改后：| 65 | greatest | one of the … officials 是从一群官员里取出一个；这群是历史上“最伟大的”那一批，所以用最高级。第一部分：比较级和最高级 |

## parts/90-appendix.md:43
原文：出处：2024 年河南省普通高中招生考试英语试卷，第四大题"语篇填空"第一节，试卷第 9 页。[试卷图片版（中考网）](https://www.zhongkao.com/e/20240629/667f89437bde4_9.shtml)。答案来自《2024 年河南省普通高中招生考试英语试题参考答案》第 1 页，[答案图片（自主选拔在线）](https://www.zizzs.com/gk/shitiku/167887.html)；另见网上转载的附答案试卷，[夸克文档](https://doc.quark.cn/preview/jiaoyukaoshi-shijuan-zhongkao/E78875F324B5D40ACF33B1246BDBB5F8)。
改后：出处：2024 年河南省普通高中招生考试英语试卷，第四大题“语篇填空”第一节，试卷第 9 页。[试卷图片版（中考网）](https://www.zhongkao.com/e/20240629/667f89437bde4_9.shtml)。答案来自《2024 年河南省普通高中招生考试英语试题参考答案》第 1 页，[答案图片（自主选拔在线）](https://www.zizzs.com/gk/shitiku/167887.html)；另见网上转载的附答案试卷，[夸克文档](https://doc.quark.cn/preview/jiaoyukaoshi-shijuan-zhongkao/E78875F324B5D40ACF33B1246BDBB5F8)。

## parts/90-appendix.md:65
原文：| 70 | to | 请朋友去想一想，"想"是还没做、在前方的动作，所以用 to do：ask your friends to think。第一部分：动词后面接 to do 还是 doing |
改后：| 70 | to | 请朋友去想一想，“想”是还没做、在前方的动作，所以用 to do：ask your friends to think。第一部分：动词后面接 to do 还是 doing |

## parts/90-appendix.md:67
原文：出处：2024 年河南省普通高中招生考试英语试卷，第四大题"语篇填空"第二节，试卷第 9 页。[试卷图片版（中考网）](https://www.zhongkao.com/e/20240629/667f89437bde4_9.shtml)。答案来自《2024 年河南省普通高中招生考试英语试题参考答案》第 1 页，[答案图片（自主选拔在线）](https://www.zizzs.com/gk/shitiku/167887.html)。
改后：出处：2024 年河南省普通高中招生考试英语试卷，第四大题“语篇填空”第二节，试卷第 9 页。[试卷图片版（中考网）](https://www.zhongkao.com/e/20240629/667f89437bde4_9.shtml)。答案来自《2024 年河南省普通高中招生考试英语试题参考答案》第 1 页，[答案图片（自主选拔在线）](https://www.zizzs.com/gk/shitiku/167887.html)。

## parts/90-appendix.md:105
原文：| 56 | what | about 后面接一整句话当宾语，从句 we might do 缺 do 的宾语；what 自己含着"东西"，能在从句里当这个宾语，也就是"什么样的工作"。第四部分：宾语从句：一整句话当宾语；主语从句和表语从句 |
改后：| 56 | what | about 后面接一整句话当宾语，从句 we might do 缺 do 的宾语；what 自己含着“东西”，能在从句里当这个宾语，也就是“什么样的工作”。第四部分：宾语从句：一整句话当宾语；主语从句和表语从句 |

## parts/90-appendix.md:106
原文：| 57 | my | 下定决心的是"我"，空格后面是名词 mind，要说"谁的"主意，所以用 my：make up my mind 下定决心。第一部分：人称代词、物主代词、反身代词 |
改后：| 57 | my | 下定决心的是“我”，空格后面是名词 mind，要说“谁的”主意，所以用 my：make up my mind 下定决心。第一部分：人称代词、物主代词、反身代词 |

## parts/90-appendix.md:107
原文：| 58 | young | I'm too ___ 里，be 后面说的是"我怎么样"，要形容词；父母的意思是"太小了，还不用知道将来"，所以填 young。第一部分：形容词的三个位置 |
改后：| 58 | young | I'm too ___ 里，be 后面说的是“我怎么样”，要形容词；父母的意思是“太小了，还不用知道将来”，所以填 young。第一部分：形容词的三个位置 |

## parts/90-appendix.md:108
原文：| 59 | working | keep 是"继续做下去"，继续的是正在做的动作本身，所以接 doing。第一部分：动词后面接 to do 还是 doing |
改后：| 59 | working | keep 是“继续做下去”，继续的是正在做的动作本身，所以接 doing。第一部分：动词后面接 to do 还是 doing |

## parts/90-appendix.md:109
原文：| 60 | in | in 本义是"在……里面"，班级是一个范围，这个人在这个范围里面。第一部分：on、in、at、by 对照表 |
改后：| 60 | in | in 本义是“在……里面”，班级是一个范围，这个人在这个范围里面。第一部分：on、in、at、by 对照表 |

## parts/90-appendix.md:110
原文：| 61 | harder | 后面有 than，是在和"我原来想的"比，所以用比较级；much 说的是"难得多"。第一部分：比较级和最高级 |
改后：| 61 | harder | 后面有 than，是在和“我原来想的”比，所以用比较级；much 说的是“难得多”。第一部分：比较级和最高级 |

## parts/90-appendix.md:111
原文：| 62 | years | the next few years 是"接下来的几年"，few 说的是"几个"，不止一年，所以用复数。第一部分：复数：规则变化与不规则变化 |
改后：| 62 | years | the next few years 是“接下来的几年”，few 说的是“几个”，不止一年，所以用复数。第一部分：复数：规则变化与不规则变化 |

## parts/90-appendix.md:112
原文：| 63 | driver | be a racing ___ 要一个"人"；-er 本义是"和某件事打交道的人"，drive + -er 就是开车的人。第二部分：后缀：决定词性 |
改后：| 63 | driver | be a racing ___ 要一个“人”；-er 本义是“和某件事打交道的人”，drive + -er 就是开车的人。第二部分：后缀：决定词性 |

## parts/90-appendix.md:113
原文：| 64 | finally | 空格修饰动词 made，说的是动作"怎么样"做成，要副词；-ly 加在形容词后是"以……的样子"，final → finally 最终。第一部分：-ly 构词：形容词变副词 |
改后：| 64 | finally | 空格修饰动词 made，说的是动作“怎么样”做成，要副词；-ly 加在形容词后是“以……的样子”，final → finally 最终。第一部分：-ly 构词：形容词变副词 |

## parts/90-appendix.md:114
原文：| 65 | decided | Have 是现在时，站在现在问"到现在为止"有没有决定，所以 have 后面接过去分词。第五部分：现在完成时 |
改后：| 65 | decided | Have 是现在时，站在现在问“到现在为止”有没有决定，所以 have 后面接过去分词。第五部分：现在完成时 |

## parts/90-appendix.md:115
原文：| 66 | to | 地方是用来"去了解"的，了解是还在前方要做的事，所以用 to do 放在 place 后面说明是什么样的地方。第一部分：动词的非谓语形式 |
改后：| 66 | to | 地方是用来“去了解”的，了解是还在前方要做的事，所以用 to do 放在 place 后面说明是什么样的地方。第一部分：动词的非谓语形式 |

## parts/90-appendix.md:116
原文：| 67 | from | from 本义是"离开起点"，into 是"进到里面"：汉字从早期象形文字这个起点出发，变成今天的样子。第一部分：核心空间：to、from、into、out of |
改后：| 67 | from | from 本义是“离开起点”，into 是“进到里面”：汉字从早期象形文字这个起点出发，变成今天的样子。第一部分：核心空间：to、from、into、out of |

## parts/90-appendix.md:117
原文：| 68 | the | 从"我参观过的最有意思的那些博物馆"里取一个，这一批是确定的，所以最高级前用 the。第一部分：比较级和最高级 |
改后：| 68 | the | 从“我参观过的最有意思的那些博物馆”里取一个，这一批是确定的，所以最高级前用 the。第一部分：比较级和最高级 |

## parts/90-appendix.md:119
原文：| 70 | There | 句子要说"博物馆里有很多可看的"，第一次提到某物存在，用 there 占住主语的位置。第三部分：there be 句型 |
改后：| 70 | There | 句子要说“博物馆里有很多可看的”，第一次提到某物存在，用 there 占住主语的位置。第三部分：there be 句型 |

## parts/90-appendix.md:121
原文：出处：2023 年河南省普通高中招生考试英语试卷，第四大题"语篇填空"，试卷第 9 页。[试卷图片版第 9 页（中考网）](https://www.zhongkao.com/e/20230629/649d5f2671777_9.shtml)。答案来自中考网发布的《2023 年河南省普通高中招生考试英语试题参考答案》图片第 1 页，[答案图片版（中考网）](https://www.zhongkao.com/e/20230629/649d60895adbf.shtml)。
改后：出处：2023 年河南省普通高中招生考试英语试卷，第四大题“语篇填空”，试卷第 9 页。[试卷图片版第 9 页（中考网）](https://www.zhongkao.com/e/20230629/649d5f2671777_9.shtml)。答案来自中考网发布的《2023 年河南省普通高中招生考试英语试题参考答案》图片第 1 页，[答案图片版（中考网）](https://www.zhongkao.com/e/20230629/649d60895adbf.shtml)。

## parts/90-appendix.md:151
原文：| 56 | ways | one of the easiest ___ 是从"最简单的那些办法"里取一个，那一批不止一个，所以用复数。第一部分：复数：规则变化与不规则变化 |
改后：| 56 | ways | one of the easiest ___ 是从“最简单的那些办法”里取一个，那一批不止一个，所以用复数。第一部分：复数：规则变化与不规则变化 |

## parts/90-appendix.md:152
原文：| 57 | developed | haven't 是现在时，站在现在说"到现在为止"还没养成，所以 have 后面接过去分词。第五部分：现在完成时 ★ |
改后：| 57 | developed | haven't 是现在时，站在现在说“到现在为止”还没养成，所以 have 后面接过去分词。第五部分：现在完成时 ★ |

## parts/90-appendix.md:153
原文：| 58 | their | 洗的是孩子们自己的手，空格后面是名词 hands，要说"谁的"，所以用 their。第一部分：人称代词、物主代词、反身代词 |
改后：| 58 | their | 洗的是孩子们自己的手，空格后面是名词 hands，要说“谁的”，所以用 their。第一部分：人称代词、物主代词、反身代词 |

## parts/90-appendix.md:155
原文：| 60 | into | into 是"进到里面"：洗手这件事转进了"有趣的活动"这个状态里，也就是变成了有趣的活动。第一部分：核心空间：to、from、into、out of |
改后：| 60 | into | into 是“进到里面”：洗手这件事转进了“有趣的活动”这个状态里，也就是变成了有趣的活动。第一部分：核心空间：to、from、into、out of |

## parts/90-appendix.md:157
原文：| 62 | if | "颜色会留在手上"要在"洗的时间不够"成立时才发生，这正是 if 表示的条件。第四部分：状语从句：说明时间、条件、原因等 |
改后：| 62 | if | “颜色会留在手上”要在“洗的时间不够”成立时才发生，这正是 if 表示的条件。第四部分：状语从句：说明时间、条件、原因等 |

## parts/90-appendix.md:158
原文：| 63 | helpful | It is very ___ 里，be 后面说的是"它怎么样"，要形容词；-ful 就是 full，help + -ful 是"充满帮助的"，有帮助的。第二部分：后缀：决定词性 |
改后：| 63 | helpful | It is very ___ 里，be 后面说的是“它怎么样”，要形容词；-ful 就是 full，help + -ful 是“充满帮助的”，有帮助的。第二部分：后缀：决定词性 |

## parts/90-appendix.md:159
原文：| 64 | child | each 是"每一个，分开来看"，一次只看一个孩子，所以用单数 child。第一部分：不定代词：each 与 every |
改后：| 64 | child | each 是“每一个，分开来看”，一次只看一个孩子，所以用单数 child。第一部分：不定代词：each 与 every |

## parts/90-appendix.md:162
原文：| 67 | a | a 本来就是"一"，a good life 是"一种好的生活"，不是特指哪一种；good 以辅音开头，所以用 a 不用 an。第一部分：a 与 an：看读音，不看字母 |
改后：| 67 | a | a 本来就是“一”，a good life 是“一种好的生活”，不是特指哪一种；good 以辅音开头，所以用 a 不用 an。第一部分：a 与 an：看读音，不看字母 |

## parts/90-appendix.md:164
原文：| 69 | to | try to do 是"尽力去做"，改正错误是朝着的目标，还没做成，所以用 to do。第一部分：动词后面接 to do 还是 doing |
改后：| 69 | to | try to do 是“尽力去做”，改正错误是朝着的目标，还没做成，所以用 to do。第一部分：动词后面接 to do 还是 doing |

## parts/90-appendix.md:165
原文：| 70 | with | with 在中古英语时期转出了"和……在一起"的意思，和同学一起练习，同学就是伴随的人。第一部分：抽象关系：of、for、with、without、about、like、except |
改后：| 70 | with | with 在中古英语时期转出了“和……在一起”的意思，和同学一起练习，同学就是伴随的人。第一部分：抽象关系：of、for、with、without、about、like、except |

## parts/90-appendix.md:167
原文：出处：2022 年河南省普通高中招生考试英语试卷，第四大题"语篇填空"，试卷第 9 页。[试卷图片版第 9 页（中考网）](https://www.zhongkao.com/e/20220625/62b68a88c1d09_9.shtml)。答案来自中考网发布的《2022 年河南省普通高中招生考试英语试题参考答案》图片第 1 页，[答案图片版（中考网）](https://www.zhongkao.com/e/20220625/62b68bf94548e.shtml)。
改后：出处：2022 年河南省普通高中招生考试英语试卷，第四大题“语篇填空”，试卷第 9 页。[试卷图片版第 9 页（中考网）](https://www.zhongkao.com/e/20220625/62b68a88c1d09_9.shtml)。答案来自中考网发布的《2022 年河南省普通高中招生考试英语试题参考答案》图片第 1 页，[答案图片版（中考网）](https://www.zhongkao.com/e/20220625/62b68bf94548e.shtml)。

## parts/11-adj-adv.md:72（补充）
原文：| far 远的 | farther 或 further | farthest 或 furthest | further 本义是“更往前”。farther 是它的变体。词源词典说，"farther 说距离、further 说程度"这种分法没有历史依据，两个都能说距离；further 还能表示“更多的、进一步的” |
改后：| far 远的 | farther 或 further | farthest 或 furthest | further 本义是“更往前”。farther 是它的变体。词源词典说，“farther 说距离、further 说程度”这种分法没有历史依据，两个都能说距离；further 还能表示“更多的、进一步的” |

## parts/11-adj-adv.md:80（补充）
原文：| 比较级 + than | than 本来就是 then“然后”，后来拼写才分开。A is bigger than B 最初的意思是"A 更大，然后才是 B" | This red apple is **sweeter than** that green one. 这个红苹果比那个青苹果甜。 |
改后：| 比较级 + than | than 本来就是 then“然后”，后来拼写才分开。A is bigger than B 最初的意思是“A 更大，然后才是 B” | This red apple is **sweeter than** that green one. 这个红苹果比那个青苹果甜。 |

## parts/14-article.md:72（补充）
原文：school 指那栋楼时，就是一个具体的地方，要加冠词：I'll meet you outside **the** school. 我在学校外面等你。church 的用法和 school 一样，见第一部分“对比：at church 与 in church”。by + 交通工具也不加冠词，见下一节"by bus、play football 与 play the piano"。
改后：school 指那栋楼时，就是一个具体的地方，要加冠词：I'll meet you outside **the** school. 我在学校外面等你。church 的用法和 school 一样，见第一部分“对比：at church 与 in church”。by + 交通工具也不加冠词，见下一节“by bus、play football 与 play the piano”。

## parts/14-article.md:91（补充）
原文：by 的本义和其他义项，见第一部分"on、in、at、by 对照表"。
改后：by 的本义和其他义项，见第一部分“on、in、at、by 对照表”。

## parts/16-conj-interj.md:78（补充）
原文：| 状语从句：比较 | than 比 | than 和 then（然后）本来是同一个词，到大约 1700 年拼写才分开。A is bigger than B 最初的意思可能是"A 更大，然后才是 B" |
改后：| 状语从句：比较 | than 比 | than 和 then（然后）本来是同一个词，到大约 1700 年拼写才分开。A is bigger than B 最初的意思可能是“A 更大，然后才是 B” |

## parts/16-conj-interj.md:113（补充）
原文：**2．if 有“是否”和“如果”两个意思，从句的时态也不同。** 两个意思都来自"if 带的是一件还没确定的事"：放在 ask、know 后面，是在问这件事是不是真的，就是“是否”；放在主句前后当条件，就是“如果”。时态上的区别见第四部分“主将从现：从句用现在时说将来”。
改后：**2．if 有“是否”和“如果”两个意思，从句的时态也不同。** 两个意思都来自“if 带的是一件还没确定的事”：放在 ask、know 后面，是在问这件事是不是真的，就是“是否”；放在主句前后当条件，就是“如果”。时态上的区别见第四部分“主将从现：从句用现在时说将来”。

## parts/30-simple-sentence.md:69（补充）
原文：**按用途，句子分成四类：陈述句、疑问句、祈使句、感叹句。** 英语主要靠语序区分它们。剑桥语法给出的四种结构是：陈述句“主语 + 动词”，疑问句“助动词 + 主语 + 动词”，祈使句“动词开头”，感叹句"what 或 how 开头，后面仍是主语 + 动词"。
改后：**按用途，句子分成四类：陈述句、疑问句、祈使句、感叹句。** 英语主要靠语序区分它们。剑桥语法给出的四种结构是：陈述句“主语 + 动词”，疑问句“助动词 + 主语 + 动词”，祈使句“动词开头”，感叹句“what 或 how 开头，后面仍是主语 + 动词”。

## parts/16-conj-interj.md:12（补充）
原文：怎么分辨：把连词和它带的那半句单独拿出来念。"and Tom washed them"去掉 and 就是完整的一句 Tom washed them；"that the apple is sweet"单独说出来，听的人会问“然后呢？谁觉得？”——它在等主句。
改后：怎么分辨：把连词和它带的那半句单独拿出来念。“and Tom washed them”去掉 and 就是完整的一句 Tom washed them；“that the apple is sweet”单独说出来，听的人会问“然后呢？谁觉得？”——它在等主句。

